Symbol,Description,Price,Price - Currency,"Price change %, 1 day","Volume, 1 day","Relative volume, 1 day",Market capitalization,Market capitalization - Currency,Sector,Analyst rating,Industry,"Performance %, Year to date","Performance %, 1 week","Performance %, 1 month","Performance %, 3 months","Performance %, 6 months",Average daily range %,"Exponential moving average, 20, 1 day","Exponential moving average, 9, 1 day","Exponential moving average, 50, 1 day","Exponential moving average, 200, 1 day","Simple moving average, 7, 1 day","Simple moving average, 60, 1 day","Price × volume (turnover), 1 day","Price × volume (turnover), 1 day - Currency"
FLX,Felix Group Holdings Ltd.,0.05,AUD,0,1640000,79.6205401573962,14925038,AUD,Technology services,No rating,Internet software/Services,-69.69696969696969,0,0,-36.70886075949367,-65.51724137931033,1.142857142857917,0.054221939890490886,0.05075317876407469,0.0660603228390782,0.12031865281460143,0.05000000000000003,0.06788333333333339,82000,AUD
QXR,QX Resources Ltd,0.004,AUD,33.33333333333333,24965041,43.70527897279718,6475990,AUD,Process industries,No rating,Chemicals: agricultural,0,33.333333333333336,33.333333333333336,0,-20,3.5714285714283776,0.0031111542939742144,0.0032001969687715562,0.0032391246510874495,0.004033642706126098,0.003142857142857132,0.0032666666666666773,99860.164,AUD
VLS,Vita Life Sciences Limited,2.6,AUD,9.243697478991605,87648,15.863317164989503,133209826.99999999,AUD,Health technology,No rating,Pharmaceuticals: other,0.7751937984496131,4.417670682730918,1.167315175097286,2.362204724409451,-1.5151515151515165,1.1538461538462488,2.4890570490344555,2.4906075072938965,2.489902544324108,2.452138848124234,2.4871428571428575,2.4804166666666663,227884.80000000002,AUD
MQR,Marquee Resources Ltd,0.005,AUD,25,9031888,14.041433313558175,4661085,AUD,Non-energy minerals,No rating,Other metals/Minerals,-37.5,25,0,-28.571428571428573,-44.444444444444436,8.571428571428063,0.004593233910940132,0.004512961107304202,0.005374401023143478,0.007864788533020136,0.004428571428571428,0.005816666666666679,45159.44,AUD
FSI,Flagship Investments Ltd.,1.3,AUD,0,204213,13.071974497830011,33614490,AUD,Miscellaneous,No rating,Investment trusts,-27.576601671309184,-5.1094890510948945,1.5625000000000013,0,-21.212121212121204,1.1813186813187146,1.3077336354270364,1.3252447272956407,1.3402933075662757,1.6313309570383299,1.3478571428571418,1.31775,265476.9,AUD
CMB,Cambium Bio Ltd,0.4,AUD,11.111111111111121,41013,12.09180965858836,10595491,AUD,Health technology,No rating,Biotechnology,-14.893617021276585,-2.4390243902438913,-2.4390243902438913,-5.882352941176462,-23.80952380952381,2.4999999999999605,0.4118362666364913,0.3998009328204988,0.4277977799296388,0.4555749094669339,0.39999999999999997,0.4257500000000001,16405.2,AUD
SLZ,Sultan Resources Ltd.,0.008,AUD,14.285714285714285,3280304,10.93161012026656,4096134,AUD,Non-energy minerals,No rating,Steel,-11.111111111111104,33.333333333333336,0,-20,-50,6.249999999999984,0.007420512624958055,0.007254934898601535,0.008418733768108309,0.010118283778927843,0.007142857142857139,0.00886666666666667,26242.432,AUD
SPX,Spenda Limited,0.003,AUD,0,3128571,10.60145499422753,7324302,AUD,Technology services,No rating,Packaged software,-94.99999999999999,0,0,-92.49999999999999,-94.99999999999999,4.761904761896307,0.003528000348317504,0.0031176755412873655,0.008658959449459125,0.04493677533862414,0.003000000000000002,0.009483333333333382,9385.713,AUD
FSA,FSA Group Limited,1.3,AUD,0,112591,9.592989571263036,155289596,AUD,Finance,No rating,Finance/Rental/Leasing,-2.2556390977443628,3.5856573705179406,0.7751937984496131,10.169491525423739,1.5625000000000013,1.0439560439560436,1.272800942069915,1.273542719954429,1.2688018397513297,1.1905616151632858,1.2707142857142861,1.2680833333333332,146368.30000000002,AUD
SLA,Solara Minerals Ltd.,0.11,AUD,0,382352,9.397907818153216,6515831,AUD,Non-energy minerals,No rating,Other metals/Minerals,-40.54054054054054,34.14634146341463,37.5,-12,-42.10526315789474,2.7922077922077926,0.09104678871195776,0.0974395214433659,0.0971514135144676,0.13984888891930608,0.09757142857142856,0.09843333333333329,42058.72,AUD
AUC,Ausgold Limited,1.325,AUD,24.413145539906107,6473698,9.035740715461944,585423134,AUD,Non-energy minerals,Strong buy,Precious metals,20.45454545454544,23.831775700934568,54.97076023391813,65.62499999999999,26.190476190476183,4.3234501347709555,0.9874822619689668,1.0785610768681857,0.9194488245141821,0.8984587099910665,1.1007142857142846,0.8734166666666663,8577649.85,AUD
AEI,Aeris Environmental Ltd,0.038,AUD,-5.000000000000004,1135999,8.84785415981918,9863782,AUD,Consumer non-durables,No rating,Household/Personal care,-30.909090909090914,8.571428571428559,22.58064516129032,-5.000000000000004,-20.83333333333334,0.7518796992482096,0.03349614759306998,0.03410840697507796,0.0363660438392643,0.04539249874644769,0.032285714285714376,0.036866666666666804,43167.962,AUD
AXP,AXP Energy Limited,0.006,AUD,50,4960587,7.444368558888266,1798934,AUD,Energy minerals,No rating,Integrated oil,-59.99999999999999,20,0,-40,-50,2.3809523809123316,0.005256546288191159,0.004844132011696623,0.006528525686625045,0.01302615105761293,0.00457142857142856,0.006833333333333335,29763.522,AUD
FNR,Far Northern Resources Limited,0.145,AUD,11.538461538461526,115028,7.196401423915016,10361864,AUD,Non-energy minerals,No rating,Precious metals,20.833333333333332,11.538461538461528,31.81818181818181,-12.121212121212132,-12.121212121212132,3.448275862068959,0.12471411261872282,0.12633440052979825,0.13345953962158855,0.1489083896000449,0.12500000000000008,0.14181666666666662,16679.059999999998,AUD
BLU,Blue Energy Limited,0.004,AUD,0,2800000,6.917961622607899,12047894,AUD,Energy minerals,No rating,Oil & gas production,-33.333333333333336,0,0,-33.333333333333336,-33.333333333333336,12.500000000000119,0.003633015819131423,0.003716584885424922,0.0038747146216877785,0.005262687812438191,0.003571428571428575,0.003983333333333339,11200,AUD
AVG,Australian Vintage Ltd,0.074,AUD,2.7777777777777803,511047,6.6532095854689555,23721331,AUD,Consumer non-durables,No rating,Beverages: alcoholic,-32.727272727272734,10.44776119402984,10.44776119402984,23.333333333333332,-13.953488372093021,2.895752895752762,0.06796681687695248,0.0699601028414732,0.06725419112200326,0.08239236117015757,0.06985714285714285,0.06654999999999996,37817.477999999996,AUD
TYX,Tyranna Resources Limited,0.003,AUD,0,8082015,6.619211599471119,11748449,AUD,Non-energy minerals,No rating,Precious metals,-25,0,0,-25,-25,4.761904761904851,0.0031077163020086455,0.0031762536592890144,0.0031140482402240927,0.0036063525586583906,0.003285714285714277,0.003183333333333339,24246.045000000002,AUD
5GN,5G Networks Limited,0.056,AUD,-3.4482758620689684,173344,6.58004319785605,15317823,AUD,Technology services,No rating,Data processing services,-56.923076923076934,0,-1.7543859649122822,-27.27272727272727,-49.09090909090909,1.1479591836730667,0.0568257516573604,0.05655262390738162,0.06139858629139455,0.08652463754614748,0.05671428571428572,0.06739999999999974,9707.264000000001,AUD
M2M,Mt Malcolm Mines NL,0.006,AUD,0,2235989,6.330079007474965,4647782,AUD,Non-energy minerals,No rating,Precious metals,-57.142857142857146,0,-25,0,-57.142857142857146,3.5714285714287066,0.006435817589536053,0.006108784370281358,0.007194575514194188,0.012072923160973307,0.006,0.006850000000000007,13415.934000000001,AUD
EPY,EarlyPay Limited,0.12,AUD,0,292315,5.946014665947947,29410165,AUD,Finance,No rating,Finance/Rental/Leasing,-36.8421052631579,0,-11.11111111111112,-11.11111111111112,-31.428571428571427,3.2738095238097715,0.12075258212249206,0.11930449889604161,0.12709346263194013,0.1604299535722668,0.11857142857142859,0.12758333333333333,35077.799999999996,AUD
BB1,Blinklab Limited,0.825,AUD,23.13432835820894,1286259,5.923393614522747,102682502,AUD,Technology services,Strong buy,Packaged software,1.8518518518518396,16.19718309859155,29.921259842519675,28.90624999999999,-13.612565445026178,5.80086580086585,0.6827693431762992,0.7096692704027341,0.6665286375860205,0.6851734942310141,0.7081428571428571,0.6486999999999994,1061163.675,AUD
SKN,Skin Elements Ltd.,0.004,AUD,-20,1583189,5.849667092807572,17329170,AUD,Consumer non-durables,No rating,Household/Personal care,-20,0,-33.333333333333336,-42.857142857142854,-20,7.142857142857147,0.005065099336114772,0.004822673357543862,0.005331411892528356,0.0050885054020800334,0.004857142857142853,0.005666666666666667,6332.756,AUD
RKB,Rokeby Resources Limited,0.003,AUD,0,10000000,5.786769465925737,8930190,AUD,Non-energy minerals,No rating,Other metals/Minerals,0,-25,-25,-40,-25,4.761904761904128,0.00327242877346251,0.0030713768638339707,0.0035793266238224016,0.004544013745824478,0.003000000000000005,0.003933333333333344,30000,AUD
FPC,Fat Prophets Global Contrarian Fund Ltd.,1.38,AUD,0,56800,5.786235279735952,44103282,AUD,Miscellaneous,No rating,Investment trusts,-5.479452054794526,4.5454545454545325,8.235294117647058,-6.122448979591842,-14.814814814814827,1.49068322981385,1.3193431429822515,1.3344390487465174,1.3481231646863587,1.3706163663897135,1.3307142857142842,1.3708333333333333,78384,AUD
EMT,eMetals Limited,0.046,AUD,0,256331,5.364705636131517,4485005,AUD,Non-energy minerals,No rating,Other metals/Minerals,-23.333333333333332,-2.127659574468087,-8.000000000000007,-34.28571428571429,-34.28571428571429,2.6397515527950204,0.04749809532501008,0.045533494924290825,0.05560442063030336,0.061346124381991815,0.045285714285714276,0.061533333333333336,11791.226,AUD
TGH,Terragen Holdings Ltd,0.02,AUD,5.263157894736847,824904,5.207378799146016,15640780,AUD,Health technology,No rating,Biotechnology,-13.043478260869563,5.263157894736847,11.111111111111121,25,-9.090909090909085,5.000000000000143,0.018812486502179177,0.01911369559380487,0.019276324855325468,0.023425719411333666,0.019428571428571444,0.019350000000000003,16498.08,AUD
GBL,Great Bear Exploration Ltd,0.016,AUD,-5.8823529411764754,3623195,5.1710139094643175,11878721,AUD,Energy minerals,No rating,Integrated oil,-15.789473684210524,-5.8823529411764754,-11.111111111111104,-94.66666666666667,-94.66666666666667,5.357142857142669,0.022327057241899137,0.01665103606812536,0.0675429483670168,0.24855856642433494,0.01671428571428572,0.10636666666666665,57971.12,AUD
PCG,Pengana Capital Group Ltd.,0.72,AUD,0,78071,5.169135222103779,66999971,AUD,Miscellaneous,No rating,Investment trusts,7.462686567164168,-0.6896551724137937,-13.253012048192769,-6.493506493506499,-8.860759493670894,1.4880952380951713,0.738892879894164,0.7225026694903038,0.7610519874041721,0.7613304484028263,0.7199999999999969,0.7784166666666664,56211.119999999995,AUD
MGT,Magnetite Mines Ltd.,0.019,AUD,11.76470588235293,634559,5.0374818901700635,4998910,AUD,Non-energy minerals,No rating,Other metals/Minerals,-64.52669935313503,0,5.555555555555561,-38.70967741935484,-68.07403060994731,3.383458646616195,0.018473698702087246,0.018233125407704012,0.020716063682302773,0.040077808356543794,0.018285714285714412,0.021466666666666762,12056.621,AUD
HAW,Hawthorn Resources Limited,0.078,AUD,1.2987012987012998,207577,5.028074102064743,26131219,AUD,Non-energy minerals,No rating,Precious metals,-25.71428571428571,1.2987012987012998,8.333333333333341,-21.212121212121218,-40,2.0146520146519427,0.07663981774147446,0.07671368436902658,0.0830725174327896,0.0866974892122961,0.07785714285714283,0.08793333333333327,16191.006,AUD
UNT,Unith Ltd,0.006,AUD,0,22894447,4.947653234326301,10530374,AUD,Technology services,No rating,Packaged software,-33.33333333333333,-14.285714285714286,-25,-25,-25,10.714285714285758,0.00672539031535739,0.006159658866160631,0.0076945981490454595,0.00839404742035447,0.006142857142857144,0.00843333333333334,137366.682,AUD
IMA,Image Resources NL,0.019,AUD,-5.000000000000004,2866561,4.9453154462730895,22859748,AUD,Non-energy minerals,Strong buy,Other metals/Minerals,-66.66666666666667,-5.000000000000004,-17.39130434782609,-51.282051282051285,-65.45454545454547,4.511278195489423,0.020356911254412552,0.019777987035139732,0.024021424366522996,0.04211231011218874,0.020142857142856897,0.024549999999999874,54464.659,AUD
ADD,Adavale Resources Limited,0.041,AUD,17.14285714285714,2734040,4.814361873065771,14972803,AUD,Non-energy minerals,No rating,Other metals/Minerals,-12.765957446808509,17.14285714285714,5.128205128205133,-19.607843137254896,-18,3.8327526132407717,0.03714046970712791,0.03738886822565755,0.03839382368105618,0.043078983039415986,0.03714285714285715,0.038600000000000044,112095.64,AUD
MEL,Metgasco Ltd,0.009,AUD,-10.000000000000009,387215,4.740564536270281,367423,AUD,Energy minerals,No rating,Oil & gas production,-66.66666666666667,12.49999999999999,-25.000000000000007,-43.75,-60.86956521739131,6.34920634920641,0.01198046726568668,0.011266941521387314,0.014092415585548097,0.05984871665954881,0.011571428571428578,0.013683333333333327,3484.935,AUD
RBR,RBR Group Ltd,0.016,AUD,-5.8823529411764754,1001205,4.595312089071134,2529225,AUD,Commercial services,No rating,Personnel services,-15.789473684210524,0,0,-20,-42.857142857142854,1.7857142857145194,0.0168528034233724,0.016496596283475676,0.01820693487705955,0.027429305961304152,0.016571428571428532,0.018583333333333344,16019.28,AUD
URF,US Masters Residential Property Fund,0.125,AUD,0,1783629,4.486254717332316,113594468,AUD,Finance,No rating,Real estate investment trusts,-56.89655172413792,-21.875000000000004,-21.875000000000004,-16.666666666666664,-34.21052631578947,1.600000000000068,0.15322727053481902,0.14829648282261185,0.156903279243995,0.20701319729657874,0.15142857142856922,0.15233333333333315,222953.625,AUD
CGS,Cogstate Ltd,2.64,AUD,-5.376344086021502,2020225,4.422693685293839,475774192,AUD,Commercial services,Strong buy,Miscellaneous commercial services,16.299559471365644,-0.3773584905660297,-2.222222222222224,1.5384615384615399,13.793103448275875,3.9772727272727937,2.6681148090204236,2.6952696769755033,2.646388516617792,2.4068654475476645,2.727142857142854,2.676500000000002,5333394,AUD
KRM,Kingsrose Mining Ltd,0.023,AUD,0,999569,4.411150902138345,16577583,AUD,Non-energy minerals,No rating,Precious metals,-41.02564102564103,4.545454545454549,-4.1666666666666705,-23.333333333333332,-41.02564102564103,1.8633540372673778,0.02338012853207583,0.02304515424431175,0.024843128530062417,0.03207856041184078,0.02314285714285717,0.024866666666666832,22990.087,AUD
WAU,WA Gold Limited,0.017,AUD,-19.047619047619047,20006302,4.355152420632322,25262072,AUD,Non-energy minerals,No rating,Precious metals,-22.72727272727272,-26.086956521739125,-5.555555555555542,-43.33333333333333,-55.263157894736835,11.76470588235293,0.01976000749770562,0.020154572369860936,0.020670083168941884,0.022734081515156056,0.02100000000000001,0.02040000000000001,340107.134,AUD
VRS,Veris Limited,0.051,AUD,0,479112,4.244966814600335,27531545,AUD,Technology services,No rating,Data processing services,-30.136986301369863,-5.555555555555561,-5.555555555555561,-3.773584905660381,-23.88059701492538,2.100840336134411,0.05496312948208547,0.053783361775521996,0.05622120772799919,0.06072189222613296,0.05371428571428565,0.0561166666666667,24434.712,AUD
SRN,Surefire Resources NL,0.023,AUD,0,629711,4.15565243329426,4167122,AUD,Non-energy minerals,No rating,Other metals/Minerals,-54,4.545454545454549,0,4.545454545454549,-54,5.2795031055904325,0.02264175545509965,0.02274547355462314,0.023373712109215482,0.034606053546959205,0.022999999999999948,0.022349999999999655,14483.353,AUD
EVE,EVE Health Group Limited,0.016,AUD,0,1030000,4.046297500291684,5637226,AUD,Health technology,No rating,Pharmaceuticals: other,-23.809523809523814,0,-5.8823529411764754,-40.74074074074073,-23.809523809523814,3.571428571428714,0.01660030436979108,0.01605131113074664,0.018718263224235608,0.023834090557526697,0.01599999999999998,0.01996666666666665,16480,AUD
AJL,AJ Lucas Group Limited,0.006,AUD,-14.285714285714285,3704825,4.025150939425516,11005837,AUD,Energy minerals,No rating,Coal,-45.45454545454545,-14.285714285714286,-25,-25,-40,4.761904761904793,0.007618998915362055,0.007251980096547893,0.008252081197558131,0.009173906871113684,0.0071428571428571435,0.008400000000000003,22228.95,AUD
ETM,Energy Transition Minerals Ltd.,0.044,AUD,-6.3829787234042605,3001834,3.9604727709696332,106200024,AUD,Non-energy minerals,No rating,Other metals/Minerals,-52.17391304347826,-16.981132075471702,2.3255813953488396,-30.158730158730165,-60.00000000000001,6.655844155844245,0.049369501931520655,0.048728505454956224,0.052043659475770415,0.06785378083465464,0.04928571428571433,0.0520333333333334,132080.696,AUD
OCT,Octava Minerals Ltd.,0.018,AUD,-10.000000000000009,513003,3.9583137219196707,2390314,AUD,Non-energy minerals,No rating,Precious metals,-61.70212765957447,-5.263157894736847,-10.000000000000009,-40,-69.99999999999999,5.952380952381044,0.020115133427945495,0.019492406993447342,0.023084553078002563,0.03827444600826782,0.01942857142857146,0.023433333333333323,9234.054,AUD
M96,Maverick Minerals Australia Ltd,0.007,AUD,16.666666666666664,4382831,3.8829755565990096,12614745,AUD,Non-energy minerals,No rating,Construction materials,0,0,-12.5,-41.666666666666664,-36.36363636363636,6.12244897959182,0.0072675070250651,0.006862335731182373,0.008509839085716063,0.009245621399739968,0.006857142857142856,0.009150000000000004,30679.817,AUD
EML,EML Payments Ltd.,0.307,AUD,-12.285714285714281,2789187,3.8042431448083747,134368634,AUD,Commercial services,Strong buy,Miscellaneous commercial services,-66.81081081081082,-4.0625000000000036,-6.969696969696976,-19.210526315789476,-60.38709677419355,5.77012563983256,0.3261745388479277,0.3277539494609178,0.33973878103693106,0.5378559489145188,0.33028571428571407,0.3318666666666654,856280.409,AUD
WMG,Western Mines Group Ltd,0.17,AUD,-2.857142857142844,189286,3.7932077921817666,22815016,AUD,Non-energy minerals,No rating,Precious metals,-29.16666666666666,-5.555555555555546,0,-5.555555555555546,-26.08695652173913,3.3613445378150844,0.1780175341056599,0.1764479680389123,0.1837389705083863,0.2020685981161548,0.17571428571428568,0.1852833333333334,32178.620000000003,AUD
MHM,Mount Hope Mining Limited,0.24,AUD,9.090909090909086,1155205,3.756074087200238,7584000,AUD,Non-energy minerals,No rating,Other metals/Minerals,49.99999999999999,54.83870967741935,100,77.77777777777776,28.342245989304807,3.8690476190476426,0.1597157850085894,0.1804568727372468,0.14686250851698057,0.15029725831839352,0.1785714285714287,0.13641666666666682,277249.2,AUD
RWC,Reliance Worldwide Corp. Ltd.,4.475,AUD,23.96121883656509,6990801,3.7559411213278198,2735971393,AUD,Producer manufacturing,Buy,Building products,14.743589743589737,22.60273972602739,17.76315789473684,43.42948717948716,30.46647230320698,2.5618515562650614,3.7420026504070294,3.828402640066459,3.6426606552315146,3.640607800860792,3.7949999999999986,3.618916666666671,31283834.474999998,AUD
ECS,Ecs Botanics Holdings Ltd,0.005,AUD,-16.666666666666664,1416660,3.648915339786037,8805773,AUD,Process industries,No rating,Agricultural commodities/Milling,-16.666666666666668,0,0,25,-28.571428571428573,10.000000000000009,0.005375864626115247,0.005386589003045132,0.0051725243148338824,0.006067193608246376,0.0052857142857142825,0.004950000000000013,7083.3,AUD
HYD,Hydrix Limited,0.003,AUD,0,3550000,3.4515916698994675,5728146,AUD,Technology services,No rating,Packaged software,33.30607964593905,-25,-25,-75.00000000000001,-5.901541646409353,7.142857142857211,0.0034365232836662206,0.0032481247655372233,0.0037377451490632403,0.00350549805317283,0.003285714285714283,0.004561505333333337,10650,AUD
HCW,HealthCo Healthcare & Wellness REIT,0.74,AUD,3.4965034965034993,2906704,3.369713014271214,396126710,AUD,Finance,Strong buy,Real estate investment trusts,1.3698630136986314,0,3.207810320781035,7.24637681159421,4.2253521126760605,2.3166023166023293,0.7263749628066797,0.7273397789388066,0.7153311077485793,0.717786406524484,0.7242857142857104,0.7106666666666658,2150960.96,AUD
AQX,Alice Queen Limited,0.006,AUD,-14.285714285714285,3861270,3.3476277417351885,16243604.999999998,AUD,Non-energy minerals,No rating,Precious metals,20,0,0,-25,-40,7.142857142857037,0.006534186179152294,0.006552519905253828,0.007012693387025688,0.0076012620964531815,0.006857142857142848,0.007183333333333331,23167.62,AUD
CMP,Compumedics Limited,0.215,AUD,-4.444444444444448,42845,3.1449795570823516,44946392,AUD,Health technology,No rating,Medical specialties,-36.76470588235295,-4.444444444444448,-6.5217391304347885,-21.818181818181827,-37.68115942028985,2.990033222591346,0.23062422029191884,0.22520196866951525,0.2453379590558589,0.28496407325161505,0.22499999999999984,0.25103333333333405,9211.675,AUD
MXO,Motio Limited,0.053,AUD,0,497505,3.1124214082392316,16780973,AUD,Commercial services,Strong buy,Advertising/Marketing services,-3.63636363636364,8.163265306122442,0,15.217391304347826,5.999999999999992,2.425876010781776,0.050916921415654105,0.051241209836907504,0.050292624569154405,0.048779765454240766,0.05057142857142855,0.04969999999999998,26367.765,AUD
CVC,CVC Limited,1.65,AUD,0,10000,3.0867055591567123,192449903,AUD,Finance,No rating,Investment managers,-18.316831683168324,0.6097560975609762,-11.764705882352953,-19.117647058823536,-21.428571428571434,0.6277056277057412,1.761125775258209,1.6924646778173937,1.8819891109741143,1.9934063699847,1.6771428571428557,1.9682499999999996,16500,AUD
CST,Castile Resources Ltd,0.068,AUD,4.615384615384619,1208851,3.0021646064494147,24912929,AUD,Non-energy minerals,No rating,Precious metals,-45.599999999999994,7.936507936507944,-10.526315789473676,-27.659574468085104,-32,5.14705882352909,0.06925371622059512,0.06683440911997861,0.07562945526346537,0.0879270131756496,0.06457142857142856,0.0788833333333334,82201.868,AUD
LAT,Latitude 66 Limited,0.14,AUD,7.692307692307699,239491,2.984129317960627,23665976,AUD,Non-energy minerals,No rating,Precious metals,89.18918918918921,59.090909090909115,45.83333333333334,-9.677419354838701,-9.677419354838701,4.387755102040728,0.10265501254562247,0.10967028368198987,0.10758275019079382,0.11283938337083621,0.10614285714285712,0.10883333333333339,33528.740000000005,AUD
GIB,Gibb River Diamonds Limited,0.03,AUD,0,281409,2.9526365655660562,6435283,AUD,Non-energy minerals,No rating,Other metals/Minerals,-53.846153846153854,0,-11.764705882352951,-40.00000000000001,-42.30769230769231,3.3333333333332673,0.03328197598473544,0.03162421252812242,0.03768488076862972,0.045917365386454564,0.031428571428571465,0.03976666666666664,8442.27,AUD
VBC,Verbrec Ltd,0.175,AUD,-2.7777777777777803,318014,2.9122667885247013,56639116,AUD,Industrial services,Strong buy,Engineering & construction,-16.666666666666668,-5.405405405405411,-18.604651162790702,-2.7777777777777803,-14.634146341463415,3.183673469387813,0.18433899113221439,0.18179343929095226,0.18479594465287807,0.17495369980829648,0.18214285714285716,0.1785999999999999,55652.45,AUD
KFM,Kingfisher Mining Ltd.,0.084,AUD,7.6923076923077,94883,2.8928184880867023,7597293,AUD,Non-energy minerals,No rating,Other metals/Minerals,-8.695652173913038,15.068493150684946,5.000000000000004,0,2.4390243902439046,1.5306122448979675,0.07577018919430586,0.07577665840080496,0.077683662912085,0.0767977470438425,0.07414285714285719,0.0797166666666667,7970.1720000000005,AUD
RMC,Resimac Group Limited,0.81,AUD,1.8867924528301903,260037,2.869304138271954,314016272,AUD,Finance,Neutral,Finance/Rental/Leasing,-15.624999999999991,0.6211180124223608,1.250000000000001,-5.813953488372085,-21.739130434782595,2.072310405643808,0.7999160164984581,0.7999589337261604,0.8143567089708972,0.8902096702995077,0.8014285714285715,0.815166666666667,210629.97,AUD
BMT,Beamtree Holdings Ltd,0.115,AUD,4.545454545454549,161349,2.8523974606699065,32215035,AUD,Technology services,No rating,Packaged software,-46.51162790697674,0,-4.166666666666659,9.523809523809533,-28.125,3.91304347826074,0.12364755305261275,0.11846090685521443,0.1262558245737977,0.15831591135607367,0.11642857142857159,0.11911666666666672,18555.135000000002,AUD
AUR,Auris Minerals Ltd.,0.017,AUD,21.428571428571434,601231,2.848760957119166,18012764,AUD,Non-energy minerals,No rating,Other metals/Minerals,-32,30.769230769230784,13.333333333333346,-22.72727272727272,-45.16129032258064,2.100840336134489,0.014692646989643548,0.014424792840016937,0.01777654277264194,0.021671943015512337,0.014428571428571433,0.018983333333333352,10220.927000000001,AUD
EMC,Everest Metals Corporation Limited,0.11,AUD,0,510737,2.8369770136522576,29667773,AUD,Non-energy minerals,No rating,Precious metals,-12,9.999999999999995,4.761904761904766,4.761904761904766,-24.137931034482754,5.000000000000105,0.10818226912364584,0.10739453651738577,0.10821254911272064,0.11658245560950382,0.10500000000000007,0.10611666666666664,56181.07,AUD
ALB,Albion Resources Ltd.,0.056,AUD,11.999999999999996,742199,2.812687351681892,7259167,AUD,Non-energy minerals,No rating,Other metals/Minerals,-8.196721311475406,0,19.148936170212767,21.739130434782613,-8.196721311475406,5.229591836734342,0.04891859110002517,0.050826564890903,0.048251912751059445,0.05478277538681038,0.05328571428571437,0.047400000000000046,41563.144,AUD
KYN,Kyron Capital Group,0.056,AUD,-6.666666666666661,753429,2.791728885908129,7686983,AUD,Consumer services,No rating,Hotels/Resorts/Cruise lines,180.00000000000003,-12.5,-51.30434782608696,-93.41176470588235,-93.41176470588235,7.397959183672924,0.07908035522562139,0.06470489864298046,0.2074325619013714,0.7453461546418201,0.06357142857142864,0.24775000000000164,42192.024,AUD
BSN,Basin Energy Limited,0.03,AUD,11.111111111111107,521425,2.781820548633644,7059270,AUD,Non-energy minerals,No rating,Other metals/Minerals,-34.78260869565218,36.36363636363637,3.4482758620689564,-14.285714285714297,-26.829268292682933,3.5714285714286835,0.026688060651219498,0.026765789679914997,0.02908654543635028,0.035180273444441613,0.02614285714285716,0.03085000000000004,15642.75,AUD
LGM,Legacy Minerals Holdings Limited,0.105,AUD,-12.5,690910,2.773332241517656,24013828,AUD,Non-energy minerals,No rating,Precious metals,-51.16279069767442,-19.230769230769237,-4.545454545454549,-19.230769230769237,-47.50000000000001,8.163265306122296,0.11949766820104703,0.12169801207062968,0.12024046959406308,0.15438673350978172,0.12557142857142858,0.1168333333333333,72545.55,AUD
GG1,Green & Gold Minerals Limited,0.145,AUD,0,64295,2.7673521740253255,9181384,AUD,Non-energy minerals,No rating,Precious metals,-26.395939086294426,-3.3333333333333366,-9.375000000000009,11.538461538461528,-14.705882352941188,3.4482758620688734,0.15444231648686643,0.1486839990264978,0.15690202337545717,,0.1464285714285716,0.1551666666666667,9322.775,AUD
IDT,IDT Australia Limited,0.044,AUD,0,692265,2.766421940037982,18088102,AUD,Health technology,No rating,Pharmaceuticals: major,-13.72549019607843,-2.222222222222224,37.49999999999999,9.999999999999993,-8.333333333333341,4.38311688311675,0.04122582100436055,0.04409742628715624,0.03842657353055592,0.047814730749091615,0.04585714285714292,0.036000000000000025,30459.66,AUD
RAG,Ragnar Metals Limited,0.02,AUD,0,680230,2.723920671011186,9769787,AUD,Non-energy minerals,No rating,Other metals/Minerals,-25.925925925925924,0,-4.761904761904765,-23.076923076923073,-42.85714285714286,1.4285714285712687,0.021375825956118796,0.02029644644230273,0.023892683452854998,0.025507161573531667,0.019999999999999973,0.025050000000000003,13604.6,AUD
BGT,Bio-Gene Technology Ltd.,0.018,AUD,-18.181818181818183,244445,2.6642710080621868,9637344,AUD,Process industries,No rating,Chemicals: agricultural,-28.00000000000001,-25.000000000000007,5.882352941176455,-35.71428571428572,-41.935483870967744,4.761904761904769,0.020503583053292935,0.021006294119255895,0.021783601927112428,0.02743136667886634,0.021857142857142943,0.02191666666666667,4400.009999999999,AUD
IND,Industrial Minerals Limited,0.12,AUD,9.090909090909086,115789,2.633747008889172,11035475,AUD,Non-energy minerals,No rating,Construction materials,4.3478260869565135,22.448979591836725,4.3478260869565135,-17.241379310344826,4.3478260869565135,3.5119047619047716,0.11267276313815573,0.10889702661177554,0.12110911732168116,0.13641065250521162,0.10471428571428569,0.13040000000000004,13894.68,AUD
PET,Phoslock Environmental Technologies Limited,0.007,AUD,-12.5,1154554,2.6007445733255157,4995124,AUD,Commercial services,No rating,Miscellaneous commercial services,-50.00000000000001,16.666666666666668,40,-12.5,-56.25000000000001,7.1428571428571495,0.006502434986056473,0.006903009344790667,0.006800927214363966,0.015161308407294304,0.006999999999999994,0.006750000000000011,8081.878000000001,AUD
IXC,Invex Therapeutics Ltd.,0.115,AUD,0,48485,2.582258390941724,8642693,AUD,Health technology,No rating,Biotechnology,-7.9999999999999964,0,4.545454545454549,0,-4.166666666666659,1.552795031055907,0.1132802973481535,0.11439849493396412,0.11305381868516555,0.11221454428514628,0.11357142857142855,0.11185000000000005,5575.775000000001,AUD
M4M,Macro Metals Limited,0.006,AUD,0,5084297,2.574364874346964,22878151,AUD,Non-energy minerals,No rating,Steel,-25,20,0,0,-14.285714285714286,3.571428571428577,0.005635012626031533,0.00550028358155792,0.0059580350436446205,0.006951878088014659,0.005285714285714285,0.006183333333333338,30505.782,AUD
NWM,Norwest Minerals Ltd.,0.009,AUD,28.57142857142856,2680549,2.563702858450116,9463204,AUD,Non-energy minerals,No rating,Precious metals,-18.181818181818183,49.999999999999986,28.571428571428562,-25.000000000000007,-55,11.11111111111117,0.0071551742034016465,0.007306082652687419,0.008170847730666831,0.01160235281269529,0.0074285714285714285,0.008533333333333339,24124.941,AUD
H2G,H2G Limited,0.012,AUD,-7.692307692307685,2481306,2.559189032055846,10391422,AUD,Industrial services,No rating,Oilfield services/Equipment,50,0,20,20,33.33333333333335,8.333333333333341,0.010808329096911512,0.011878814545975044,0.009925080116982348,0.010249671307637724,0.012428571428571428,0.009316666666666652,29775.672000000002,AUD
PUR,Pursuit Minerals Ltd,0.094,AUD,17.5,915598,2.554489477634218,20436874,AUD,Non-energy minerals,No rating,Other metals/Minerals,-5.050505050505055,28.767123287671243,40.29850746268656,-1.0526315789473693,-14.545454545454547,4.027355623100536,0.07494818756002622,0.07943360909718512,0.07381744597851725,0.08250973860935853,0.07957142857142856,0.07081666666666665,86066.212,AUD
CUF,CuFe Ltd,0.051,AUD,-1.923076923076925,2083489,2.524313379500989,111974896,AUD,Non-energy minerals,No rating,Steel,69.99999999999999,-1.923076923076925,-7.27272727272728,-3.773584905660381,0,5.322128851540719,0.05322729994337176,0.051871369786822295,0.05483139685855191,0.04545341258625496,0.05142857142857142,0.058649999999999945,106257.939,AUD
AHK,ARK Mines Ltd,0.405,AUD,28.57142857142858,137979,2.5230353443278837,22786544,AUD,Non-energy minerals,No rating,Precious metals,-23.58490566037736,24.61538461538462,62.000000000000014,24.61538461538462,-15.624999999999991,4.2328042328042566,0.2879243868758019,0.315649454519786,0.2856552101526438,0.3410192523145649,0.3249999999999999,0.2839500000000001,55881.495,AUD
ECT,Environmental Clean Technologies Limited,0.11,AUD,-8.33333333333333,2374751,2.494055648373327,43060707,AUD,Commercial services,No rating,Miscellaneous commercial services,-38.888888888888886,-15.384615384615387,0,-4.347826086956525,-4.347826086956525,8.76623376623372,0.1195227103303045,0.12050182405188763,0.11734103356502187,0.11180811962695551,0.12285714285714286,0.11538333333333334,261222.61000000002,AUD
OKJ,Oakajee Corporation Ltd,0.046,AUD,6.976744186046519,100000,2.4819746590387313,3932179,AUD,Finance,No rating,Financial conglomerates,-33.33333333333334,12.195121951219507,-6.122448979591842,-32.352941176470594,-26.984126984126988,1.397515527950243,0.05019872430738182,0.045041801051400356,0.05606411617743554,0.049650667016269745,0.04228571428571425,0.06361666666666668,4600,AUD
T92,Terra Critical Minerals Limited,0.041,AUD,-6.8181818181818095,454753,2.479799108968661,6528084,AUD,Non-energy minerals,No rating,Other metals/Minerals,-14.583333333333332,-8.888888888888882,-8.888888888888882,-39.705882352941174,-51.76470588235294,6.445993031358796,0.042991529281985665,0.04178486332733417,0.049124718960896124,0.06015574296114664,0.04142857142857142,0.05150000000000004,18644.873,AUD
OR3,Ore Resources Limited,0.065,AUD,-4.411764705882357,822768,2.468494567780633,56266670,AUD,Non-energy minerals,No rating,Other metals/Minerals,14.035087719298247,-5.797101449275367,-7.142857142857149,-32.291666666666664,4.838709677419359,5.274725274725283,0.07000660414496694,0.06823679637676104,0.07279871720713582,0.06532512052257844,0.06842857142857145,0.07603333333333333,53479.92,AUD
WIA,WIA Gold Limited,0.45,AUD,2.2727272727272747,3024175,2.451544667493637,757334037,AUD,Non-energy minerals,Strong buy,Precious metals,-9.090909090909088,4.651162790697678,11.111111111111105,-7.2164948453608195,0,5.476190476190486,0.4401336503018126,0.44244821917379956,0.44910334660417955,0.4312968553278176,0.4442857142857143,0.45608333333333356,1360878.75,AUD
NYM,Narryer Metals Limited,0.05,AUD,0,300000,2.4205709804200013,10562740,AUD,Non-energy minerals,No rating,Other metals/Minerals,61.290322580645174,0,6.3829787234042605,-13.793103448275863,100,3.1428571428571974,0.04817020139818981,0.048320779023674446,0.049327912553858884,0.04573568516998956,0.049142857142857134,0.05343333333333333,15000,AUD
DME,Dome Gold Mines Ltd.,0.053,AUD,0,90000,2.3983051976603202,22254051,AUD,Non-energy minerals,No rating,Precious metals,-38.37209302325581,5.999999999999992,17.77777777777778,17.77777777777778,-29.333333333333332,3.3692722371973427,0.048626681218950474,0.051250850829169685,0.05179206617315474,0.10116963207134706,0.0522857142857143,0.0481666666666667,4770,AUD
BDX,BCAL Diagnostics Limited,0.056,AUD,0,382552,2.3498222363090018,20646265,AUD,Health services,No rating,Medical/Nursing services,-46.666666666666664,-11.11111111111111,-26.31578947368421,-30.864197530864196,-51.30434782608696,4.97448979591858,0.0651258987468396,0.06054319179975874,0.07120315575498995,0.08426933876625174,0.05957142857142852,0.07215000000000003,21422.912,AUD
LU7,Lithium Universe Limited,0.006,AUD,0,5316299,2.305820977037119,9696661,AUD,Technology services,No rating,Internet software/Services,-45.45454545454545,0,0,-25,-45.45454545454545,10.714285714285584,0.005663067192655952,0.005748702073329817,0.006243923296217011,0.008512803527694571,0.005857142857142858,0.0065833333333333395,31897.794,AUD
MCP,Mcpherson's Limited,0.15,AUD,0,330255,2.226582805040597,21592372,AUD,Consumer non-durables,No rating,Household/Personal care,-37.5,-3.225806451612906,7.142857142857129,15.384615384615378,-21.052631578947373,2.857142857142725,0.1486885621947984,0.15073025361901643,0.14572100278235608,0.18265130286258155,0.15285714285714264,0.13766666666667132,49538.25,AUD
TSR,Turnstone Resources Ltd,0.02,AUD,0,400000,2.2075116101313745,3395131,AUD,Non-energy minerals,No rating,Other metals/Minerals,-25.925925925925924,5.263157894736847,-16.666666666666668,-37.5,-33.33333333333333,2.1428571428560965,0.0219822861700809,0.02093154169220344,0.0248393929991862,0.04137186858218854,0.020714285714285696,0.027866666666666658,8000,AUD
MIO,Macarthur Minerals Limited,0.027,AUD,3.84615384615385,224471,2.1890490498104693,9577104,AUD,Non-energy minerals,No rating,Other metals/Minerals,0,28.571428571428562,42.10526315789474,-3.5714285714285747,-15.625000000000004,2.645502645502652,0.023449387791230986,0.02497477035490505,0.02407139682911538,0.03352774081516424,0.0252857142857143,0.02440000000000001,6060.717,AUD
NTD,NTAW Holdings Limited.,0.19,AUD,0,97256,2.1690723856763077,31864446,AUD,Distribution services,No rating,Wholesale distributors,-20.833333333333332,0,-5.000000000000004,0,-24,2.368421052631625,0.19831141833624405,0.19663373857808503,0.19926580498228547,0.231568160685176,0.20142857142857146,0.19216666666666662,18478.64,AUD
ACS,Accent Resources NL,0.295,AUD,-43.80952380952382,531849,2.0849007195733678,257007067,AUD,Non-energy minerals,No rating,Precious metals,555.5555555555555,1538.8888888888887,1079.9999999999998,490,570.4545454545455,21.840193704600477,0.12178891474858572,0.19106017665835354,0.07753941824811228,0.057776254314314546,0.16728571428571432,0.06151666666666662,156895.455,AUD
FCT,FirstWave Cloud Technology Ltd.,0.005,AUD,-16.666666666666664,1785000,2.0783279298747708,12761285,AUD,Technology services,No rating,Information technology services,-28.571428571428573,-16.666666666666668,-28.571428571428573,0,0,5.714285714285821,0.00658109611945536,0.0060133642137680686,0.006834654421438531,0.007933429661710543,0.005857142857142859,0.007283333333333336,8925,AUD
C29,C29 Metals Limited,0.012,AUD,-7.692307692307685,1041012,2.073277257904353,2911809,AUD,Non-energy minerals,No rating,Other metals/Minerals,-42.85714285714286,-7.692307692307686,-7.692307692307686,-59.99999999999999,-65.71428571428572,6.54761904761919,0.013371928111429706,0.012685150707071654,0.017245706206790213,0.02547772971290363,0.012857142857142654,0.020100000000000014,12492.144,AUD
PBL,Parabellum Resources Ltd.,0.049,AUD,-16.949152542372875,200000,2.060765801179376,3052700,AUD,Non-energy minerals,No rating,Other metals/Minerals,-34.666666666666664,-25.757575757575758,-18.33333333333333,-38.75,-47.87234042553192,2.623906705539118,0.06215853659026474,0.058968241776647036,0.06772495633326966,0.08261681804059667,0.059428571428571435,0.07241666666666663,9800,AUD
BTE,Botala Energy Ltd.,0.053,AUD,-1.8518518518518534,329607,2.0348334355049906,21070058,AUD,Energy minerals,No rating,Oil & gas production,-11.666666666666666,5.999999999999992,17.77777777777778,-3.63636363636364,10.416666666666663,4.71698113207545,0.051726354208395324,0.05297529980274256,0.05136993497924633,0.05724754094728767,0.052857142857142866,0.051900000000000016,17469.171,AUD
CUE,Cue Energy Resources Limited,0.11,AUD,0,214662,2.034361877251276,77348785,AUD,Energy minerals,No rating,Oil & gas production,-4.347826086956525,0,0,-12,-12,1.2987012987014908,0.11023096318790049,0.11035747577732301,0.11329781736331263,0.1189067758185298,0.11071428571428575,0.11491666666666688,23612.82,AUD
ARA,Ariadne Australia Limited,0.46,AUD,2.222222222222224,16319,2.0291206604993537,85855756,AUD,Finance,No rating,Real estate development,-10.679611650485436,2.222222222222224,-3.1578947368420964,-2.1276595744680753,-12.38095238095238,0.822981366459747,0.4664943270115242,0.4611469716652445,0.4746206175093611,0.49090082501404836,0.4621428571428571,0.47528333333333384,7506.740000000001,AUD
ZAG,Zuleika Gold Limited,0.038,AUD,2.7027027027027053,244661,2.015832617201822,38476848,AUD,Non-energy minerals,No rating,Precious metals,-17.39130434782609,0,2.7027027027027053,5.555555555555561,-11.627906976744182,1.5037593984963282,0.03654423081700408,0.03724011472307643,0.03570260207990433,0.034148355193546455,0.037285714285714304,0.034233333333333324,9297.118,AUD
AWJ,Auric Mining Ltd.,0.23,AUD,0,575784,2.0049690349382003,40225127,AUD,Non-energy minerals,No rating,Precious metals,-16.363636363636367,0,0,-23.33333333333333,-19.29824561403508,6.366459627329076,0.22223288276019126,0.22371750480168698,0.23598365502747434,0.26544353879495197,0.22457142857142837,0.2398666666666662,132430.32,AUD
GNM,Great Northern Minerals Limited,0.036,AUD,-2.7027027027027053,397075,1.9786318227480746,18263706,AUD,Non-energy minerals,No rating,Precious metals,-20.000000000000004,-5.263157894736847,-14.285714285714297,2.8571428571428394,9.090909090909078,3.174603174602897,0.03745213714738981,0.03717062008867369,0.03727952790084156,0.03901533575923795,0.03742857142857146,0.0382,14294.699999999999,AUD
SOR,Strategic Elements Ltd,0.032,AUD,-8.571428571428578,804845,1.951049054455903,19026481,AUD,Finance,No rating,Investment managers,-39.622641509433954,-5.8823529411764754,-5.8823529411764754,-11.111111111111104,-25.5813953488372,3.571428571428258,0.03419670511601269,0.03409320919757025,0.03457234954494572,0.04023648582725308,0.034428571428571454,0.03431666666666666,25755.04,AUD
ERE,European Resources Limited,0.014,AUD,7.6923076923077,935894,1.9246504492387932,9098893,AUD,Non-energy minerals,No rating,Other metals/Minerals,-1.7543859649122822,0,-6.666666666666662,27.272727272727284,-29.824561403508767,3.571428571428512,0.013463020267423593,0.013695236771300832,0.01276553913720791,0.015656463707872038,0.013571428571428571,0.011350000000000006,13102.516,AUD
AXN,Alliance Nickel Limited,0.027,AUD,12.499999999999996,269657,1.9225317870775567,21115080,AUD,Non-energy minerals,No rating,Other metals/Minerals,-23.94893198950157,7.999999999999994,7.999999999999994,-20.588235294117656,-39.15915244643301,7.407407407407414,0.0271547569044138,0.026077388497741463,0.02986518136026592,0.03570530534675995,0.02571428571428575,0.030950000000000012,7280.739,AUD
BEN,Bendigo & Adelaide Bank Ltd.,10.205,AUD,-8.475336322869957,1953136,1.9127370801305623,6467124538,AUD,Finance,Neutral,Regional banks,-3.635505193578846,-9.530141843971625,-4.447565543071158,-3.453169347209084,-10.40386303775242,2.1068103870654933,11.042368055180994,11.007407571878685,10.868530291214116,10.942001222354627,11.032142857142857,10.69575,19931752.88,AUD
RAS,Ragusa Minerals Ltd,0.018,AUD,0,194110,1.9100333082414527,3567578,AUD,Non-energy minerals,No rating,Precious metals,-35.71428571428572,-10.000000000000009,-33.333333333333336,-35.71428571428572,-52.631578947368425,4.365079365079056,0.02125385342776821,0.019025926682512493,0.024406376553989483,0.027440070780609404,0.01842857142857144,0.025550000000000003,3493.9799999999996,AUD
FEL,Forte Energy Limited,0.004,AUD,-33.33333333333333,1652080,1.9010544472681432,3464015,AUD,Energy minerals,No rating,Integrated oil,-42.857142857142854,-20,-42.857142857142854,-33.333333333333336,-33.333333333333336,8.92857142857147,0.005709676492312649,0.005443809701711369,0.00586636088635969,0.006357708355149791,0.005428571428571431,0.0058833333333333385,6608.32,AUD
NHU,Neu Horizon Uranium Limited,0.08,AUD,-5.8823529411764754,392683,1.8924491047947494,,,Non-energy minerals,No rating,Other metals/Minerals,-60.00000000000001,-1.234567901234569,-17.52577319587629,-60.00000000000001,-60.00000000000001,3.3035714285714266,0.0931195340030482,0.08458912014526468,,,0.08342857142857142,,31414.64,AUD
ZEO,Zeotech Limited,0.079,AUD,1.2820512820512833,851330,1.8893060567956919,158413701,AUD,Non-energy minerals,No rating,Other metals/Minerals,-2.469135802469138,2.5974025974025996,-2.469135802469138,-1.250000000000001,8.219178082191789,2.2603978300180576,0.07762622196765984,0.07776743790439829,0.07706273637198481,0.0752497106617905,0.0774285714285714,0.0777166666666667,67255.07,AUD
IVG,Invert Graphite Limited,0.033,AUD,0,443631,1.8849239985978772,16586081,AUD,Non-energy minerals,No rating,Construction materials,13.793103448275863,-2.9411764705882377,-13.157894736842099,32,13.793103448275863,4.545454545454402,0.035854898683862574,0.03430379989286032,0.03595827502577922,0.036688950443017294,0.034285714285714294,0.03576666666666662,14639.823,AUD
SPZ,Smart Parking Limited,0.84,AUD,33.33333333333333,1506506,1.8689056890552778,263622082.99999997,AUD,Consumer services,Strong buy,Other consumer services,-36.60377358490566,19.148936170212767,15.862068965517242,4.347826086956512,-36.60377358490566,5.739795918367181,0.7103090495780305,0.7077601156950574,0.7511731800677579,0.9151353800955502,0.6964285714285718,0.7635000000000003,1265465.04,AUD
OLL,OpenLearning Ltd.,0.015,AUD,0,374844,1.8665577803118258,13296378,AUD,Technology services,No rating,Internet software/Services,-61.53846153846153,-11.764705882352951,-21.05263157894737,-28.57142857142858,-55.88235294117648,1.4285714285711126,0.01685007968568826,0.0161951441095178,0.019140140870242683,0.023889264497269646,0.015999999999999966,0.019399999999999987,5622.66,AUD
HYT,HyTerra Ltd,0.007,AUD,40,13162561,1.8583381520483042,13008122,AUD,Energy minerals,No rating,Integrated oil,-67.68415415581778,0,-46.15384615384615,-53.333333333333336,-52.6034260951994,14.285714285714409,0.008487142353952907,0.006660634783490616,0.011323609085217299,0.01620032945209728,0.005999999999999993,0.013150000000000012,92137.927,AUD
PRO,Prophecy International Holdings Ltd,0.064,AUD,-5.8823529411764754,42353,1.854228962449598,5478280,AUD,Technology services,No rating,Packaged software,-55.862068965517246,-8.571428571428578,-14.666666666666663,-21.951219512195124,-46.666666666666664,2.2321428571425153,0.07100470711862947,0.06843007062752084,0.07917995444352365,0.1755895367789651,0.06885714285714327,0.08014999999999972,2710.592,AUD
AKA,Aureka Limited,0.096,AUD,2.1276595744680873,316628,1.850316442751036,14960007,AUD,Non-energy minerals,No rating,Precious metals,-33.79310344827586,18.51851851851852,0,9.090909090909099,-8.571428571428566,3.34821428571421,0.08940604220558807,0.0909498789117149,0.08969989369443815,0.10502722010304612,0.08985714285714287,0.0873666666666668,30396.288,AUD
GAL,Galileo Mining Ltd.,0.115,AUD,0,136063,1.8422093026404507,22726867,AUD,Non-energy minerals,No rating,Other metals/Minerals,-36.11111111111111,-7.9999999999999964,4.545454545454549,-7.9999999999999964,-52.08333333333333,3.91304347826074,0.11964407392365584,0.12006298113414617,0.1223827404480466,0.1520642720549011,0.12142857142857137,0.11806666666666683,15647.245,AUD
HCH,Hot Chili Limited,1.68,AUD,0.2985074626865608,802348,1.830555419299419,330729700,AUD,Non-energy minerals,Strong buy,Other metals/Minerals,20.86330935251799,4.347826086956512,8.387096774193541,0,2.4390243902439046,4.655612244897977,1.6047037087473572,1.6328771492611642,1.6479333647401808,1.5016972722396535,1.6564285714285716,1.7495833333333335,1347944.64,AUD
SRK,Strike Resources Limited,0.026,AUD,18.181818181818183,227191,1.8115657747222342,6242500,AUD,Non-energy minerals,No rating,Steel,-31.57894736842105,3.9999999999999893,0,-13.333333333333334,-35,2.747252747252967,0.024599505899487086,0.02427109158889927,0.026717168614889947,0.03274713705880705,0.024285714285714244,0.027199999999999985,5906.965999999999,AUD
LRK,Lark Distilling Co. Ltd.,0.865,AUD,0.5813953488372098,15581,1.794735932730519,95574728,AUD,Consumer non-durables,Strong buy,Beverages: alcoholic,42.97520661157025,-2.2598870056497193,-1.142857142857144,8.124999999999993,35.15624999999999,3.4269199009084357,0.8840200107643392,0.8794327935151997,0.8761100205561212,0.8184979675405314,0.8785714285714266,0.8750000000000002,13477.565,AUD
AZI,Altamin Limited,0.029,AUD,7.407407407407414,348395,1.7678008019151779,20675375,AUD,Non-energy minerals,No rating,Other metals/Minerals,7.407407407407414,0,45.00000000000001,11.538461538461549,7.407407407407414,3.2019704433497513,0.025129900987490485,0.02651423012884971,0.02470792262037244,0.02566460479473754,0.027000000000000014,0.024350000000000007,10103.455,AUD
DRX,Diatreme Resources Limited,0.013,AUD,0,825177,1.7630943638592331,65107670,AUD,Non-energy minerals,No rating,Construction materials,-31.57894736842105,0,8.333333333333327,-23.52941176470589,-23.52941176470589,4.945054945055026,0.012885493242969445,0.01303357873271229,0.013183185034143643,0.01590503712169715,0.012999999999999956,0.013183333333333332,10727.301,AUD
HLX,Helix Resources Limited,0.031,AUD,3.3333333333333366,224844,1.7622494693908264,5003564,AUD,Non-energy minerals,No rating,Precious metals,-55.71428571428572,3.3333333333333366,-24.39024390243903,-11.428571428571438,-11.428571428571438,5.069124423963154,0.032356021579581444,0.03046351286557505,0.034809712623986244,0.042250398656487886,0.029857142857142856,0.03638333333333333,6970.164,AUD
G11,G11 Resources Limited,0.18,AUD,0,53680,1.7618542794219456,27546648,AUD,Non-energy minerals,No rating,Other metals/Minerals,-43.75000000000001,-7.692307692307699,-18.181818181818187,-40.98360655737705,-40,2.936507936508413,0.20450891867637047,0.1919635402951494,0.23370583735344658,0.26372568139145847,0.1895714285714288,0.25210000000000016,9662.4,AUD
PFM,Platformo Ltd,0.017,AUD,-10.526315789473676,29503,1.7609631190349708,1613441,AUD,Distribution services,No rating,Electronics distributors,-22.72727272727272,-10.526315789473676,-32,-45.16129032258064,-52.77777777777777,1.260504201680577,0.025270075348905456,0.021823794348411488,0.0374104956087171,0.09978200883099918,0.02157142857142851,0.035383333333333405,501.55100000000004,AUD
1MC,Morella Corporation Limited,0.029,AUD,-3.333333333333325,681157,1.756150847721128,13252632,AUD,Non-energy minerals,No rating,Other metals/Minerals,-25.64102564102564,-9.374999999999998,16,-3.333333333333325,-34.09090909090908,6.896551724138068,0.02944394221191179,0.030265838143774614,0.028295112357636376,0.03024392037201631,0.030857142857142854,0.026949999999999998,19753.553,AUD
RR1,Reach Resources Limited,0.012,AUD,9.090909090909099,3351568,1.7285106620873782,13466242,AUD,Non-energy minerals,No rating,Precious metals,23.533045089561455,0,20,9.090909090909099,-22.791846819024087,3.571428571428533,0.010630691468576215,0.011055285295513147,0.010530102481058918,0.010880601530078545,0.01114285714285715,0.01083333333333333,40218.816,AUD
IPT,Impact Minerals Limited,0.034,AUD,-5.555555555555541,880838,1.7228367136938294,21188134,AUD,Non-energy minerals,No rating,Other metals/Minerals,-35.84905660377358,-19.047619047619047,-14.999999999999996,-33.33333333333333,-39.28571428571428,4.201680672268937,0.03929094516884975,0.03845966744461693,0.04139054290678463,0.052590302763727836,0.039428571428571424,0.04176666666666663,29948.492000000002,AUD
EZL,Euroz Hartleys Group Limited,1.325,AUD,-1.119402985074636,130303,1.7145537657470877,207269621,AUD,Finance,No rating,Investment banks/Brokers,12.765957446808503,-1.119402985074636,-2.214022140221404,16.228070175438603,5.158730158730155,1.6981132075470668,1.3301151189175933,1.3323874417597732,1.3042771795637083,1.203516316780981,1.3350000000000009,1.2879999999999994,172651.475,AUD
SEG,Sports Entertainment Group Limited,0.29,AUD,0,94242,1.7102383467078974,81347148,AUD,Consumer services,Strong buy,Broadcasting,0,-4.9180327868852505,-19.444444444444446,1.7543859649122824,0,2.95566502463052,0.32314636014895703,0.3109218750284124,0.31629449096500356,0.28689241730346043,0.30785714285714294,0.30716666666666664,27330.179999999997,AUD
SP3,Spectur Ltd.,0.01,AUD,-9.090909090909085,366850,1.7088757661059852,4575150,AUD,Electronic technology,No rating,Telecommunications equipment,-69.69696969696969,0,-23.076923076923073,-37.5,-52.38095238095238,0.714285714285591,0.011618629259979878,0.011045755569244664,0.013809893989391642,0.019099852880663275,0.010857142857142874,0.013616666666666732,3668.5,AUD
88E,88 Energy Limited,0.019,AUD,0,444342,1.6877620142445346,25288106,AUD,Energy minerals,Strong buy,Integrated oil,-13.636363636363635,-5.000000000000004,-5.000000000000004,-20.83333333333334,-9.52380952380953,3.7593984962438607,0.019221363950686077,0.01904726259420805,0.02008314886944067,0.02318144251898449,0.019000000000000104,0.02039999999999985,8442.498,AUD
PV1,Provaris Energy Ltd,0.007,AUD,0,1851878,1.683584533057251,8172264,AUD,Energy minerals,No rating,Integrated oil,-50.00000000000001,-12.5,0,-30,-41.666666666666664,4.081632653061177,0.00723553066507611,0.0072807706926046895,0.007629076639315698,0.010675064630873806,0.0075714285714285606,0.007983333333333339,12963.146,AUD
UWC,Underwood Capital Limited,0.056,AUD,1.81818181818182,293865,1.6703499456034268,11140520,AUD,Finance,No rating,Financial conglomerates,-8.196721311475406,3.703703703703707,1.81818181818182,11.999999999999996,-5.084745762711858,1.9132653061229428,0.0537919392195298,0.054245476098731385,0.05309887926310096,0.05411897544925219,0.054142857142857125,0.05256666666666674,16456.44,AUD
WTL,WT Financial Group Ltd.,0.18,AUD,0,133231,1.660232478155328,61593445,AUD,Finance,No rating,Investment managers,33.33333333333332,9.090909090909083,20,38.46153846153845,33.33333333333332,2.658730158730218,0.16677960505702868,0.1741539026995342,0.15328037253578086,0.1389451631784979,0.17357142857142857,0.14284999999999998,23981.579999999998,AUD
PGM,Platina Resources Limited,0.024,AUD,-7.692307692307685,772973,1.6512350195388728,17954446,AUD,Non-energy minerals,No rating,Other metals/Minerals,-45.45454545454545,-7.692307692307686,0,9.090909090909099,-17.24137931034483,5.952380952380952,0.023605179662613614,0.024230324141971044,0.022825174168945854,0.024911765202380892,0.024285714285714306,0.02183333333333329,18551.352,AUD
ANX,Anax Metals Limited,0.033,AUD,3.1250000000000027,2422943,1.6476249196653454,54051140,AUD,Non-energy minerals,No rating,Other metals/Minerals,83.33333333333336,10.000000000000009,17.85714285714286,-2.9411764705882377,32,3.67965367965377,0.030317848673019957,0.031161945726387606,0.030091304164499063,0.025317363367092772,0.03157142857142858,0.030500000000000006,79957.119,AUD
EPX,EPX Limited,0.175,AUD,0,100000,1.6449532833267535,15133357,AUD,Technology services,No rating,Packaged software,-37.50000000000001,-2.7777777777777803,12.903225806451607,-20.454545454545457,-27.083333333333336,2.2448979591837164,0.1714989677486732,0.17296699532370322,0.1848959345922296,0.237337949605593,0.1764285714285714,0.18899999999999995,17500,AUD
RWD,Reward Minerals Ltd,0.03,AUD,-9.090909090909099,289504,1.644355989349037,8424586,AUD,Non-energy minerals,No rating,Other metals/Minerals,-25.000000000000004,-9.090909090909099,7.142857142857137,-18.91891891891892,-28.57142857142858,4.285714285714298,0.03212533520217449,0.03172912445182684,0.03486490394784118,0.04259993877230588,0.03214285714285714,0.037083333333333364,8685.119999999999,AUD
TG6,TG Metals Ltd.,0.2,AUD,8.108108108108116,194728,1.6363752483201623,25067328,AUD,Non-energy minerals,No rating,Precious metals,-2.4390243902438913,21.212121212121215,5.263157894736847,-9.090909090909086,8.108108108108116,4.642857142857226,0.18285724572667478,0.1827580093455444,0.1853777973441673,0.1861401286810779,0.17857142857142844,0.1923666666666666,38945.6,AUD
MCA,Murray Cod Australia Limited,0.13,AUD,-7.142857142857148,597436,1.6263067992350775,34701883,AUD,Process industries,No rating,Agricultural commodities/Milling,-87.73584905660377,-8.450704225352101,-16.129032258064512,-25.714285714285705,-77.77777777777777,8.791208791209046,0.14316338265590556,0.1373376823088424,0.16336024886803185,0.4539933835321822,0.13285714285714323,0.1501166666666668,77666.68000000001,AUD
KNG,Kingsland Minerals Ltd.,0.062,AUD,-10.144927536231892,36288,1.6112388885435445,5618430,AUD,Non-energy minerals,No rating,Other metals/Minerals,-38.00000000000001,-7.4626865671641855,12.727272727272727,-12.676056338028163,-21.518987341772153,1.6129032258064417,0.0614711276965794,0.0646836634367742,0.0629420116085069,0.0874572504640209,0.06700000000000005,0.06373333333333318,2249.8559999999998,AUD
MTO,Motorcycle Holdings Ltd.,2.72,AUD,-0.3663003663003585,74714,1.5882875643592982,201645989,AUD,Retail trade,Strong buy,Specialty stores,-14.733542319749208,0.3690036900369089,8.800000000000008,18.26086956521741,2.0637898686679232,3.9653361344539695,2.60009612319679,2.6500507712909145,2.534402691127052,2.6060957198024606,2.675714285714284,2.4885833333333354,203222.08000000002,AUD
MX1,Micro-X Ltd.,0.026,AUD,-7.1428571428571495,939577,1.5869533566844367,21065123,AUD,Health technology,Strong buy,Medical specialties,-74.00000000000001,-7.1428571428571495,-25.714285714285726,-42.22222222222222,-63.888888888888886,7.692307692307645,0.029039517764763417,0.027993955410887186,0.033215744920935326,0.05358665509695901,0.02799999999999998,0.03365000000000012,24429.002,AUD
BMM,Bayan Mining And Minerals Limited,0.059,AUD,0,185351,1.5684039597861192,8014563.000000001,AUD,Non-energy minerals,No rating,Other metals/Minerals,-36.55913978494624,3.5087719298245523,9.259259259259256,-35.16483516483517,-32.18390804597701,4.600484261501263,0.058775245181253204,0.05772436592183329,0.0660422241059657,0.08686690507386283,0.05800000000000001,0.0716166666666667,10935.708999999999,AUD
CAZ,Cazaly Resources Limited,0.017,AUD,-5.555555555555541,895142,1.5608224909704613,11780615,AUD,Non-energy minerals,No rating,Other metals/Minerals,-43.33333333333333,0,-14.999999999999996,-29.166666666666664,-37.03703703703703,5.462184873949514,0.018387172668606927,0.018053916960389788,0.019305175072946237,0.022698238569091124,0.017714285714285728,0.019266666666666665,15217.414,AUD
RMY,RMA Global Ltd.,0.021,AUD,-4.545454545454533,127127,1.5345922123009148,15943959,AUD,Technology services,Strong buy,Internet software/Services,-57.142857142857146,-4.545454545454534,-16,-40,-58.00000000000001,4.421768707482973,0.024646931564093564,0.02286196126926832,0.029412888490044257,0.03801223855185297,0.022428571428571388,0.03161666666666664,2669.6670000000004,AUD
BTN,Butn Limited,0.011,AUD,-8.333333333333341,1380276,1.5162492944808796,4580603,AUD,Technology services,No rating,Packaged software,-84.72222222222223,-8.333333333333341,-31.250000000000007,-50,-78.84615384615384,7.142857142857157,0.014096814348769337,0.012578210537047177,0.01979782952571421,0.053144748079591395,0.012000000000000002,0.01848333333333336,15183.035999999998,AUD
SGM,Sims Ltd.,22.48,AUD,-12.935708752904723,754241,1.5129424569515846,5096706408,AUD,Non-energy minerals,Buy,Steel,25.027808676307007,-13.604919292851648,-12.529182879377428,1.1701170117011772,1.079136690647491,3.8208566344686843,25.839117688287708,25.513150331461976,25.726356253394325,22.18603954509049,25.802857142857153,26.64449999999997,16955337.68,AUD
TOP,Thorney Opportunities Ltd.,0.57,AUD,0,50963,1.5093350550270694,95512050,AUD,Miscellaneous,No rating,Investment trusts,-13.636363636363647,-0.8695652173913052,0.8849557522123902,3.636363636363619,-10.236220472440953,1.566416040100615,0.5648552072132356,0.5699669837721255,0.5563913334591609,0.5876023711884825,0.5707142857142843,0.5483333333333344,29048.909999999996,AUD
CSL,CSL Limited,157.27,AUD,16.84249628528976,1581441,1.5042890245108858,65371482101,AUD,Health technology,Buy,Biotechnology,-9.35446685878962,16.62588060808307,26.85110501693822,59.84348002845819,2.5963859351555993,2.2704357383570857,132.43710100294862,138.795181866606,125.1765546884762,146.31106119290024,139.59000000000006,117.41766666666666,248713226.07000002,AUD
QML,QMines Ltd.,0.067,AUD,6.349206349206354,1597782,1.5029595316673416,47091483,AUD,Non-energy minerals,No rating,Precious metals,39.58333333333334,8.064516129032265,28.84615384615386,21.818181818181824,31.37254901960786,2.8784648187632387,0.05909784315381541,0.06169556268292356,0.05620694006828156,0.05435111487715945,0.06199999999999999,0.054133333333333304,107051.394,AUD
ABR,Albright Metals Ltd,0.003,AUD,50,959540,1.4873856508532928,3884472,AUD,Non-energy minerals,No rating,Precious metals,-25,50,0,0,-25,11.904761904762047,0.0025448787133447036,0.0024354213624055406,0.002817580989101525,0.0038412325357645226,0.0022857142857142837,0.0029000000000000063,2878.62,AUD
GWR,GWR Group Limited,0.135,AUD,-3.571428571428574,1210301,1.4822750521177912,45567783,AUD,Non-energy minerals,No rating,Steel,12.500000000000012,-3.5714285714285743,35,22.727272727272734,-12.903225806451607,4.973544973545066,0.12858583419399575,0.13634639515615443,0.11950671136696799,0.11888028226542431,0.13999999999999999,0.11044999999999999,163390.635,AUD
CVR,Cavalier Resources Limited,0.305,AUD,1.6666666666666683,55414,1.4813527696169506,25551632,AUD,Non-energy minerals,No rating,Precious metals,-14.08450704225352,10.9090909090909,1.6666666666666683,7.0175438596491295,-22.784810126582283,3.8641686182668527,0.2824005705820307,0.2909656612992232,0.2781225016074977,0.29838765336100304,0.28928571428571465,0.26458333333333367,16901.27,AUD
KM1,Kali Metals Limited,0.1,AUD,0,100000,1.480222743918505,18350955,AUD,Non-energy minerals,No rating,Other metals/Minerals,-44.44444444444444,26.582278481012665,35.13513513513515,-35.48387096774193,-42.85714285714285,3.8571428571427537,0.0858957298010585,0.08900143483478982,0.09712846285386348,0.1354373672269745,0.08799999999999983,0.10336666666666675,10000,AUD
AD8,Audinate Group Ltd.,2.53,AUD,8.583690987124452,709684,1.480111479079111,177089952,AUD,Electronic technology,Strong buy,Electronic production equipment,-37.6847290640394,27.13567839195979,27.77777777777777,10,-25.588235294117652,4.319593450028449,2.095337504037113,2.178586463071026,2.1311752071642585,3.1567836782667262,2.1571428571428566,2.1102499999999997,1795500.5199999998,AUD
CHW,Chilwa Minerals Ltd,0.69,AUD,-6.756756756756762,23664,1.4775040271724877,72524512,AUD,Non-energy minerals,No rating,Construction materials,-23.756906077348074,-4.827586206896556,-20.689655172413797,-26.595744680851066,-30.303030303030308,4.741200828157348,0.7921482447347992,0.7561884837211186,0.8300329074674162,0.8804209246068931,0.7507142857142863,0.8535666666666675,16328.159999999998,AUD
FMN,Famien Resources Limited,0.15,AUD,-6.250000000000005,89522,1.4701404911854339,48082240,AUD,Non-energy minerals,No rating,Other metals/Minerals,-43.39622641509435,-11.764705882352951,0,-25.000000000000007,-42.307692307692314,2.2380952380952057,0.16863547896961562,0.16448118029035932,0.1818019881741784,0.19593325444502407,0.16457142857142842,0.18528333333333316,13428.3,AUD
BAS,Bass Oil Ltd,0.056,AUD,5.660377358490571,643396,1.4678983644033574,17616286,AUD,Energy minerals,No rating,Oil & gas production,11.999999999999996,16.666666666666668,14.285714285714285,-1.7543859649122822,14.285714285714285,3.1887755102038966,0.0488466634608657,0.05022233890697796,0.049222690959949175,0.04993439791649321,0.049857142857142864,0.04888333333333329,36030.176,AUD
CHM,Chimeric Therapeutics Limited,0.035,AUD,-12.499999999999993,280271,1.4497505736495697,2145899,AUD,Health technology,No rating,Biotechnology,-82.5,-12.499999999999995,-32.692307692307686,-75,-82.5,7.551020408163339,0.04238558020453922,0.039204206507954906,0.06086147841248473,0.19480879934653403,0.03899999999999955,0.06336666666666914,9809.485,AUD
INV,InvestSMART Group Limited,0.11,AUD,4.761904761904766,55123,1.4230945975949152,17056680,AUD,Finance,No rating,Investment banks/Brokers,-4.347826086956525,-8.33333333333333,-18.518518518518523,29.411764705882344,0,2.272727272727426,0.12767153756316799,0.12098373295703244,0.12650047998941374,0.13447731401516155,0.1171428571428571,0.12156666666666667,6063.53,AUD
EL8,Elevate Uranium Ltd,0.275,AUD,5.7692307692307745,601912,1.4142935017575518,122374136,AUD,Non-energy minerals,No rating,Other metals/Minerals,-3.508771929824545,14.583333333333346,19.56521739130435,14.583333333333346,-20.289855072463755,5.246753246753146,0.2494588178070794,0.25788200940425626,0.24783004707299192,0.27974853830285684,0.26000000000000006,0.24316666666666673,165525.80000000002,AUD
AIV,ActivEX Limited,0.025,AUD,8.695652173913052,153392,1.4099799430463407,7187856,AUD,Non-energy minerals,No rating,Precious metals,25.000000000000004,0,13.63636363636365,25.000000000000004,13.63636363636365,2.8571428571427804,0.022865911813724635,0.02360855868473785,0.021789886116931338,0.020345792668685008,0.02414285714285715,0.021116666666666676,3834.8,AUD
KAT,Katana Capital Ltd.,1.41,AUD,1.8050541516245424,9973,1.4028301355989423,44525262,AUD,Miscellaneous,No rating,Investment trusts,4.444444444444431,2.173913043478263,2.9197080291970665,3.6764705882352806,2.5454545454545396,0.5927051671734322,1.3835992807425144,1.38864677123716,1.3726471717275799,1.3056065616448345,1.3835714285714305,1.369783333333331,14061.929999999998,AUD
SFC,Schaffer Corporation Limited,19.51,AUD,-0.20460358056265548,1785,1.4016489988221437,262373962,AUD,Consumer non-durables,No rating,Consumer sundries,-3.6543209876543132,0.2569373072970232,4.611260053619319,4.89247311827957,-2.1564694082246723,0.5088965365741537,19.30756911462054,19.452048334283734,19.154167702685942,19.706446075758652,19.468571428571444,18.97866666666665,34825.350000000006,AUD
GTI,Gratifii Ltd,0.02,AUD,0,1034779,1.3980698192510879,13799831,AUD,Non-energy minerals,No rating,Steel,-75.30864197530863,11.111111111111121,-23.076923076923073,-58.333333333333336,-75,7.8571428571432875,0.021314418212874747,0.0193059122205177,0.0303487566723445,0.06143608990300452,0.018857142857142743,0.03280000000000002,20695.58,AUD
BEL,Bentley Capital Ltd.,0.01,AUD,-16.666666666666664,150000,1.3782622318475972,761279,AUD,Miscellaneous,No rating,Investment trusts,-54.54545454545455,-16.666666666666668,-9.090909090909085,-33.33333333333333,-56.52173913043479,6.4285714285707005,0.012916353621732404,0.011264484551119858,0.015489463296440551,0.021260638536026867,0.010857142857142853,0.01751666666666666,1500,AUD
SKK,Stakk Ltd,0.018,AUD,-10.000000000000009,16433710,1.375352842101644,62414564,AUD,Technology services,No rating,Packaged software,-45.45454545454546,-10.000000000000009,-33.333333333333336,-14.285714285714297,-21.739130434782613,9.523809523809712,0.021048427861941502,0.01997009382559255,0.02242720418688254,0.02240487179915444,0.02,0.023799999999999988,295806.77999999997,AUD
1CG,One Click Group Limited,0.01,AUD,0,371713,1.3684896849601729,13072861,AUD,Technology services,No rating,Packaged software,0,0,-9.090909090909085,11.111111111111121,11.111111111111121,1.4285714285714248,0.01031602836698312,0.010102992937556505,0.010232568728870274,0.010051274901250238,0.010000000000000018,0.010083333333333343,3717.13,AUD
CBY,Canterbury Resources Ltd.,0.04,AUD,-4.761904761904765,277398,1.3634513754541595,12027021,AUD,Non-energy minerals,No rating,Precious metals,60,-6.976744186046503,-2.4390243902439046,-25.925925925925924,14.285714285714278,4.2857142857142225,0.04382007551585431,0.042943439195046805,0.043451601828859925,0.03671626659656967,0.042285714285714274,0.045849999999999995,11095.92,AUD
GAP,Gale Pacific Limited,0.105,AUD,-4.545454545454549,187268,1.363259803243555,31310143,AUD,Process industries,No rating,Textiles,15.384615384615383,4.99999999999999,29.629629629629623,29.629629629629623,23.52941176470587,3.8775510204078345,0.09647983644894431,0.1034576772663764,0.08875230748283813,0.09005141472774379,0.1064285714285714,0.08438333333333335,19663.14,AUD
CAE,Cannindah Resources Limited,0.032,AUD,3.2258064516129057,929168,1.3403586780250032,47245542,AUD,Non-energy minerals,No rating,Precious metals,-33.333333333333336,-8.571428571428578,-5.8823529411764754,-31.914893617021278,-37.25490196078431,5.1339285714286715,0.03256231997549242,0.03264198843479252,0.0337412075864342,0.03888589429885892,0.03342857142857135,0.03386666666666668,29733.376,AUD
FEG,Far East Gold Ltd,0.125,AUD,-3.8461538461538494,70530,1.334256510956113,54213565,AUD,Non-energy minerals,No rating,Precious metals,-16.666666666666664,0,-21.875000000000004,24.999999999999993,-26.47058823529412,2.857142857142847,0.13414950285631846,0.12901380359838388,0.13819260846243142,0.14349774135914836,0.1278571428571429,0.14103333333333287,8816.25,AUD
LRM,Lion Rock Minerals Limited,0.02,AUD,0,1918373,1.3330323591488606,69614425,AUD,Non-energy minerals,No rating,Precious metals,-28.571428571428573,5.263157894736847,-9.090909090909085,-23.076923076923073,-4.761904761904765,6.071428571428634,0.01927537547361066,0.018764445533571945,0.020917073224591947,0.02480724454456144,0.018428571428571412,0.022399999999999996,38367.46,AUD
LPE,Locality Planning Energy Holdings Limited,0.1,AUD,11.111111111111121,136934,1.3179415957089469,18262444,AUD,Utilities,No rating,Electric utilities,-9.090909090909086,25.000000000000004,25.000000000000004,11.111111111111121,0,3.642857142857017,0.08450540640819984,0.08937488012290731,0.0856471870004893,0.10145121257678348,0.09057142857142852,0.08564999999999999,13693.400000000001,AUD
LLC,Lendlease Group,2.92,AUD,1.7421602787456383,2755419,1.3013621607733685,2212198506,AUD,Industrial services,Buy,Engineering & construction,-43.84615384615385,-6.709265175718849,-2.9900332225913577,-2.666666666666669,-35.54083885209713,4.023972602739625,3.039326882086446,3.046761424084873,3.0339100988270356,3.7419669729592973,3.0842857142857167,2.9425000000000052,8045823.4799999995,AUD
NXM,Nexus Minerals Ltd.,0.049,AUD,11.363636363636374,649984,1.2947434512256129,27169185,AUD,Non-energy minerals,No rating,Precious metals,-30.000000000000004,6.5217391304347885,4.255319148936174,-9.259259259259256,-26.865671641791046,4.0816326530615115,0.0457235294578508,0.0457990762939357,0.0480545152241595,0.05722005032462338,0.045714285714285714,0.05048333333333332,31849.216,AUD
ERL,Empire Resources Limited,0.006,AUD,-14.285714285714285,1000000,1.293386320784123,12522850,AUD,Non-energy minerals,No rating,Precious metals,-25,0,-14.285714285714286,-50,-40,7.142857142856879,0.006521361016821858,0.006229757426009455,0.007807955137125529,0.008366630814669427,0.006142857142857149,0.008983333333333334,6000,AUD
GDM,Great Divide Mining Ltd,0.33,AUD,-1.492537313432837,38391,1.2753044506600584,22766260,AUD,Non-energy minerals,No rating,Precious metals,4.761904761904766,6.451612903225812,1.5384615384615399,-10.810810810810807,-17.5,4.220779220779196,0.3254936524648765,0.3250959032124943,0.33463850963347247,0.35274850799760843,0.32499999999999973,0.34075,12669.03,AUD
GCM,"GCM Corp., Ltd.",0.11,AUD,-12,257774,1.2490938552726971,24146889,AUD,Non-energy minerals,No rating,Precious metals,-47.61904761904762,-15.384615384615387,-18.518518518518523,-43.58974358974359,-38.888888888888886,7.142857142857191,0.12226269337252654,0.12186665248293176,0.13289761859947816,0.18459348707336867,0.1242857142857143,0.1380000000000002,28355.14,AUD
KTA,Krakatoa Resources Ltd.,0.007,AUD,16.666666666666664,4384571,1.2487533317350026,12073566,AUD,Non-energy minerals,No rating,Precious metals,-30,0,16.666666666666668,16.666666666666668,-12.5,7.142857142857522,0.006485541391844521,0.0067173324345945265,0.00614421539799604,0.007737262299875179,0.006714285714285714,0.005683333333333336,30691.997,AUD
JDO,Judo Capital Holdings Limited,0.997,AUD,8.961748633879777,8846416,1.2447923382708619,1038177128,AUD,Finance,Buy,Finance/Rental/Leasing,-43.98876404494382,1.734693877551022,6.063829787234048,-26.420664206642066,-45.219780219780226,3.8114343029086855,0.9680077220187918,0.9580497585413662,1.05750252931572,1.3679431910845201,0.9467142857142855,1.1217833333333334,8819876.752,AUD
MHK,Metal Hawk Ltd.,0.08,AUD,0,124336,1.2289906414205114,9254443,AUD,Non-energy minerals,No rating,Precious metals,-20.000000000000004,11.111111111111121,14.285714285714278,21.21212121212121,-13.043478260869563,2.9464285714285445,0.06975222646741139,0.07419924740088929,0.06820682516261627,0.1106009129383507,0.07414285714285715,0.0653666666666668,9946.880000000001,AUD
CPO,Culpeo Minerals Limited,0.012,AUD,-7.692307692307685,770000,1.2275061490884334,9541430,AUD,Non-energy minerals,No rating,Other metals/Minerals,0,0,-7.692307692307686,9.090909090909099,-19.999999999999996,1.785714285714151,0.012104945435868677,0.012218766720024848,0.011742048185505598,0.013023216623704691,0.012142857142857144,0.011216666666666673,9240,AUD
ADX,ADX Energy Ltd,0.018,AUD,0,1974927,1.2260443801014644,18302429,AUD,Energy minerals,No rating,Integrated oil,-30.769230769230774,0,-30.769230769230774,-33.333333333333336,-40,4.761904761904827,0.01880486220557474,0.01775456364454245,0.02163202338137264,0.02713300057168717,0.017571428571428585,0.022966666666666656,35548.685999999994,AUD
ERG,Eneco Refresh Limited,0.014,AUD,-12.5,109000,1.224950327702308,3813017,AUD,Consumer non-durables,No rating,Beverages: non-alcoholic,-6.666666666666662,-12.5,-6.666666666666662,7.6923076923077,-17.647058823529417,4.081632653061152,0.015612421932226032,0.015625748214643416,0.015481579822487056,0.01706862098601341,0.015857142857142858,0.015716666666666677,1526,AUD
IOD,IODM Ltd.,0.09,AUD,-1.0989010989010999,122686,1.2209068581596136,57754001,AUD,Technology services,Strong buy,Packaged software,-30.769230769230774,-5.263157894736847,-10.000000000000009,-35.71428571428572,-50,1.3492063492062205,0.09611638697537461,0.09234293734516726,0.11202068175873578,0.13606459773684412,0.0931428571428571,0.12605000000000033,11041.74,AUD
IDA,Indiana Resources Limited,0.023,AUD,4.545454545454549,1220316,1.2165955292121164,14173113,AUD,Non-energy minerals,No rating,Precious metals,-43.90243902439025,-4.1666666666666705,4.545454545454549,-23.333333333333332,-42.50000000000001,4.968944099378613,0.02198561947719272,0.022345678806272487,0.0230773980925457,0.03397418981499231,0.02299999999999985,0.023066666666666544,28067.268,AUD
CC9,Chariot Resources Ltd,0.063,AUD,28.57142857142857,165204,1.214639730550611,11117699,AUD,Non-energy minerals,No rating,Other metals/Minerals,-62.94117647058824,40.00000000000001,8.62068965517241,-12.499999999999993,-60.62500000000001,3.854875283446807,0.05127433916690802,0.051062480507770215,0.05796900284591156,0.09433283384102459,0.04971428571428566,0.05891666666666678,10407.852,AUD
GNP,GenusPlus Group Ltd.,9.535,AUD,-1.3960703205791085,713564,1.209651731223388,1858797235,AUD,Industrial services,Strong buy,Engineering & construction,50.157480314960644,4.895489548954899,0.580168776371305,-4.649999999999999,36.01997146932953,3.910405273803299,9.219728048464026,9.26751319996519,9.33987175202938,8.148005976983825,9.224999999999998,9.695583333333328,6803832.74,AUD
CYV,Ceryvyn Therapeutics Limited,0.012,AUD,0,1446940,1.1892026768114436,16415738.000000002,AUD,Health technology,No rating,Biotechnology,-52,0,-7.692307692307686,-98.01652892561984,-98.01652892561984,7.142857142872606,0.015555165602764346,0.011893775779339878,0.10887202619255507,0.43857205697305507,0.011857142857142561,0.07594999999999978,17363.28,AUD
AKG,Academies Australasia Group Limited,0.065,AUD,-4.411764705882357,23801,1.1798326492574307,8294940,AUD,Consumer services,No rating,Other consumer services,-40.90909090909091,-12.162162162162156,8.333333333333341,-40.90909090909091,-60.6060606060606,2.087912087911989,0.08825765396619996,0.07273619258885076,0.10608829155607721,0.14417640514876445,0.06671428571428571,0.1167500000000001,1547.065,AUD
C7A,Clara Resources Australia Limited,0.003,AUD,0,2000000,1.1789953721484154,6697534,AUD,Non-energy minerals,No rating,Other metals/Minerals,0,0,-25,0,0,5.782411586589358e-13,0.0029988284184018794,0.0029993545855151486,0.0030683360252491384,0.0038430943727884833,0.003000000000000005,0.003083333333333319,6000,AUD
ROC,RocketBoots Ltd.,0.26,AUD,0,193277,1.1640717365524078,52640473,AUD,Technology services,No rating,Packaged software,-38.095238095238095,-1.8867924528301903,8.333333333333341,-10.344827586206888,-17.46031746031746,5.9065934065934345,0.2536681450916227,0.26134144154543215,0.25872743643615587,0.25372227182964885,0.2714285714285713,0.2678666666666667,50252.020000000004,AUD
VSR,Voltaic Strategic Resources Limited,0.02,AUD,0,300000,1.163644939346947,13944422,AUD,Energy minerals,No rating,Integrated oil,-64.9122807017544,-20.000000000000004,-25.925925925925924,-64.28571428571429,-65.51724137931035,4.999999999999831,0.024872099681416293,0.0231593518812522,0.029288502663959937,0.037471443388596516,0.023428571428571392,0.03181666666666665,6000,AUD
FZR,Fitzroy River Corp. Ltd.,0.255,AUD,-1.9230769230769247,157057,1.160858812451125,28068103,AUD,Miscellaneous,No rating,Investment trusts,64.51612903225806,2.0000000000000018,13.333333333333332,41.66666666666667,54.54545454545454,2.8011204481792724,0.23426483653275476,0.246380217339115,0.21166375017040798,0.1750746031777661,0.24928571428571433,0.19853333333333326,40049.535,AUD
LEL,LE Minerals Limited,0.32,AUD,-1.5384615384615397,133216,1.1504965886518697,36400509,AUD,Non-energy minerals,No rating,Precious metals,-17.94871794871795,1.5873015873015888,0,1.5873015873015888,-12.328767123287667,2.1205357142859564,0.3210872723747744,0.3214653861120678,0.3253498250950838,0.36381278645685644,0.32214285714285745,0.3332833333333337,42629.12,AUD
ATT,Altitude Minerals Ltd,0.008,AUD,-11.111111111111102,2162312,1.1483463781776844,4015053,AUD,Non-energy minerals,No rating,Other metals/Minerals,-69.23076923076923,-11.111111111111104,-11.111111111111104,-20,-60,7.142857142857298,0.00898680963225331,0.008778811900470878,0.010127031134594237,0.017774410566773532,0.00885714285714295,0.01021666666666671,17298.496,AUD
KLR,Kaili Resources Limited,0.091,AUD,7.058823529411754,9998,1.1412981438779937,12234231,AUD,Non-energy minerals,No rating,Precious metals,-47.99999999999999,10.975609756097555,-17.272727272727277,12.345679012345673,-32.5925925925926,1.805337519623109,0.0837358432974769,0.08511287782729976,0.08489092886731579,0.11009141174664143,0.08400000000000012,0.08084999999999994,909.818,AUD
VFX,Visionflex Group Limited,0.052,AUD,6.1224489795918275,70435,1.1345039977836622,4245531,AUD,Technology services,No rating,Packaged software,-45.26315789473685,1.9607843137254921,-18.750000000000007,-8.771929824561411,-45.833333333333336,4.120879120879398,0.052939479408586336,0.05174696688402,0.055299190131257385,0.10436258276371152,0.05171428571428555,0.05043333333333335,3662.62,AUD
GLH,Global Health Limited,0.06,AUD,-7.692307692307699,57984,1.1332946343236763,3527672,AUD,Health services,No rating,Medical/Nursing services,-31.03448275862069,-7.692307692307699,-7.692307692307699,-3.225806451612906,-26.829268292682933,2.738095238095095,0.06385878019109033,0.06364410678047173,0.06824356967008953,0.0908947226467663,0.06485714285714288,0.06873333333333333,3479.04,AUD
PR2,Piche Resources Limited,0.023,AUD,4.545454545454549,435478,1.1290423744264697,6189857,AUD,Non-energy minerals,No rating,Other metals/Minerals,-78.97557098464257,4.545454545454549,13.531918758533395,-23.289250222461177,-77.29361624829333,3.373313664596282,0.022070274868814344,0.022278432845748725,0.027534577644307022,0.06236097385969868,0.022142857142857148,0.02570000066666657,10015.994,AUD
GWA,GWA Group Limited,2.22,AUD,-7.4999999999999885,419336,1.1249366556489748,625884164,AUD,Consumer durables,Neutral,Home furnishings,-12.598425196850387,-6.3291139240506284,-6.3291139240506284,8.292682926829286,-12.598425196850387,3.2818532818534862,2.364923559011752,2.3557464995674775,2.320427645488784,2.313907825905881,2.362857142857144,2.2861666666666713,930925.92,AUD
MNV,Monvia Limited,1.1,AUD,0,22243,1.116610860387247,,,Technology services,No rating,Packaged software,0,-0.9009009009009016,0,0,0,,,1.1004551111111112,,,1.1007142857142858,,24467.300000000003,AUD
AMD,Arrow Minerals Limited,0.012,AUD,0,5301610,1.1144446711195184,20175763,AUD,Non-energy minerals,No rating,Precious metals,33.33333333333335,71.42857142857143,100,71.42857142857143,-36.84210526315789,9.523809523809543,0.006982991761184165,0.008540659435836111,0.007415697194961717,0.024524364244978673,0.008285714285714285,0.005416666666666669,63619.32,AUD
TMX,Terrain Minerals Ltd,0.003,AUD,0,2775872,1.1126250528380983,11135185,AUD,Non-energy minerals,No rating,Precious metals,-25,0,0,-25,-40,19.04761904761891,0.0028799524939672042,0.0028609926628135173,0.0031626530896829287,0.0037780364369625124,0.0027142857142857177,0.0032666666666666647,8327.616,AUD
B4P,Beforepay Group Limited,1.56,AUD,0,40625,1.1115032722656335,77683134,AUD,Technology services,Strong buy,Packaged software,-37.34939759036145,5.405405405405411,19.083969465648853,11.42857142857144,-1.5772870662460512,3.9148351648352704,1.4893686485059718,1.536280465181798,1.4225887794527685,1.572856353870444,1.52857142857143,1.3527500000000006,63375,AUD
APW,AIMS Property Securities Fund,3.8,AUD,-3.061224489795921,1451,1.106366755623332,174514801,AUD,Miscellaneous,No rating,Investment trusts,19.49685534591194,-3.0612244897959213,-2.813299232736581,18.74999999999999,19.49685534591194,0.657894736841916,3.8533624209136645,3.905771454204883,3.6383993619969837,3.0020963747925378,3.914285714285711,3.4971666666666676,5513.8,AUD
MMI,Metro Mining Limited,1.395,AUD,-3.124999999999995,555682,1.1049822853094253,439139993,AUD,Non-energy minerals,Strong buy,Other metals/Minerals,-6.999999999999999,-11.708860759493675,-1.760563380281684,6.896551724137937,1.0869565217391395,4.275473630312289,1.4708528119489357,1.4604444714445963,1.483672843595972,1.4329545304215583,1.484999999999999,1.526000000000001,775176.39,AUD
CAY,Canyon Resources Limited,0.052,AUD,3.99999999999999,1239231,1.1024254086687149,103105751,AUD,Non-energy minerals,Strong buy,Other metals/Minerals,-71.11111111111111,8.333333333333327,-38.82352941176471,-64.13793103448276,-71.8918918918919,10.027472527472725,0.06010757612074218,0.051852578516421964,0.08089175093463798,0.13684959387221707,0.0497142857142857,0.09126666666666675,64440.011999999995,AUD
AHE,Adheris Health Limited,0.017,AUD,6.250000000000005,129165,1.1021750817042264,10207698,AUD,Technology services,No rating,Packaged software,-14.999999999999996,0,13.333333333333346,-14.999999999999996,-19.047619047619047,7.142857142856543,0.016720235400537554,0.016734650816422916,0.01707886761896532,0.03363984586659393,0.01671428571428572,0.017283333333333272,2195.8050000000003,AUD
ILT,Iltani Resources Ltd.,0.48,AUD,-1.0309278350515474,91245,1.100656811478821,38666326,AUD,Non-energy minerals,No rating,Precious metals,-17.948717948717945,14.285714285714286,17.07317073170732,0,10.344827586206893,4.613095238095294,0.43077587233361,0.45335775444476895,0.4242310424985978,0.4264158285884445,0.45928571428571424,0.4231999999999999,43797.6,AUD
HUB,HUB24 Limited,79.25,AUD,-8.05197818772479,174509,1.0958688190220456,7104016541,AUD,Technology services,Buy,Packaged software,-17.550977944236376,-10.02497729336966,-6.301726176401038,-2.5335137129504393,-23.95163611937434,3.2546191978371364,85.65238638281555,85.86387742557253,84.01173062202486,86.65259368342308,86.83999999999995,82.28866666666674,13829838.25,AUD
MMA,Maronan Metals Ltd,0.5,AUD,4.1666666666666705,336716,1.0926193452253472,149278025,AUD,Non-energy minerals,Strong buy,Other metals/Minerals,19.04761904761905,2.6694045174538013,20.48192771084338,38.88888888888889,3.092783505154642,5.571428571428538,0.44612434504119225,0.4669459163275286,0.4262899221861327,0.3913997343629333,0.47571428571428503,0.4253333333333333,168358,AUD
CPM,Cooper Metals Limited,0.07,AUD,7.692307692307699,443939,1.0897794832606262,6899673,AUD,Non-energy minerals,No rating,Other metals/Minerals,25.00000000000001,9.375000000000009,18.644067796610187,16.666666666666682,32.075471698113226,5.408163265306135,0.06197193163861155,0.06423066849502138,0.059201285239098726,0.05661139386685953,0.0652857142857143,0.05856666666666669,31075.730000000003,AUD
AUG,Augustus Minerals Limited,0.03,AUD,-3.2258064516129057,229867,1.0833242611341805,7996429,AUD,Non-energy minerals,No rating,Other metals/Minerals,-30.23255813953488,-9.090909090909099,-16.666666666666664,-31.818181818181817,-16.666666666666664,2.142857142857201,0.03359530727889333,0.03196056310156893,0.03552042826216907,0.038462529609654655,0.03157142857142859,0.03755000000000008,6896.009999999999,AUD
AIQ,Alternative Investment Trust Units,1.37,AUD,-0.3636363636363559,23434,1.0804854207779273,73697095,AUD,Miscellaneous,No rating,Investment trusts,-7.744107744107744,-1.7921146953404954,-2.8368794326241003,-3.521126760563368,-3.3168666196189083,2.5026068821690206,1.3949461680143365,1.388075027415118,1.4053632444730912,1.3981671027497544,1.3899999999999992,1.3990333333333318,32104.58,AUD
GRX,GreenX Metals Limited,1.045,AUD,2.450980392156854,77816,1.0733700337531675,302888814,AUD,Energy minerals,Strong buy,Coal,22.222222222222214,12.365591397849448,18.079096045197733,18.749999999999993,6.6326530612244845,1.879699248120294,0.9396748788435373,0.9714082651053841,0.9222551452063447,0.8918441713782179,0.9735714285714291,0.9216166666666668,81317.72,AUD
VPR,Volt Group Ltd.,0.11,AUD,0,50000,1.0724412623920643,17937226,AUD,Utilities,No rating,Electric utilities,-18.518518518518523,9.999999999999995,-8.33333333333333,-29.032258064516128,-33.333333333333336,2.27272727272706,0.11523772271065266,0.10881502651166818,0.12949598752302002,0.14264956187552022,0.1064285714285713,0.13990000000000005,5500,AUD
PME,"Pro Medicus, Ltd.",199.33,AUD,13.345843284430794,245607,1.069791914851172,18685497659,AUD,Health services,Buy,Services to the health industry,-9.662361205529114,12.273290526078641,3.135509908418276,53.330769230769235,59.92458279845957,3.890891629817011,179.32656336560467,182.0419089045217,175.00046944780902,181.99088814080295,182.6242857142857,175.9433333333334,48956843.31,AUD
GOZ,Growthpoint Properties Australia,2.14,AUD,-0.9259259259259267,321484,1.0605213406316667,1637501077,AUD,Finance,Strong buy,Real estate investment trusts,-11.934156378600823,-4.464285714285718,-1.382488479262664,-2.0594965675057173,-6.140350877192969,2.2863818424566813,2.201509937929206,2.191002225754385,2.200865389390874,2.2645767999992303,2.1971428571428557,2.2028333333333356,687975.76,AUD
PSC,Prospect Resources Ltd.,0.21,AUD,4.99999999999999,1340080,1.059620243706014,166547524,AUD,Process industries,Strong buy,Chemicals: agricultural,-17.647058823529417,-2.325581395348839,-22.222222222222232,-25.00000000000001,-49.397590361445786,10.544217687074733,0.2288712810234851,0.21565837584157685,0.2548695690444457,0.27184463392904995,0.21571428571428566,0.269,281416.8,AUD
SPA,SPACETALK Limited,0.091,AUD,3.4090909090909123,250249,1.0510945287423565,27357334,AUD,Distribution services,No rating,Wholesale distributors,-17.272727272727277,-8.080808080808088,-1.0869565217391315,16.666666666666664,-4.210526315789477,3.4536891679748507,0.09017027001165326,0.08976854853792923,0.09035022944634423,0.10496807237419185,0.09085714285714297,0.09074999999999994,22772.659,AUD
CDE,Codeifai Limited,0.006,AUD,0,2594301,1.0436418988973155,7098352,AUD,Technology services,No rating,Packaged software,-25,-14.285714285714286,-25,-14.285714285714286,-40,11.90476190476183,0.007324421618941775,0.006731668287776581,0.007972497420666842,0.010443168510901466,0.006714285714285715,0.008233333333333339,15565.806,AUD
TG1,Techgen Metals Ltd.,0.024,AUD,-4.0000000000000036,1864999,1.043509852025188,12966847,AUD,Non-energy minerals,No rating,Other metals/Minerals,-36.84210526315789,-7.692307692307686,-14.285714285714286,-7.692307692307686,-59.32203389830508,9.523809523809673,0.026441239240391906,0.02651430165556057,0.0263022474598492,0.03160435748750447,0.026857142857142868,0.024016666666666645,44759.976,AUD
ACQ,Acorn Capital Investment Fund Ltd Registered,0.89,AUD,0,47582,1.0387518037675525,80232699,AUD,Miscellaneous,No rating,Investment trusts,-5.319148936170206,-0.5586592178770955,1.7142857142857157,-3.2608695652173942,-9.183673469387752,1.0674157303372604,0.8852251828064607,0.8891862848964017,0.8917642769450276,0.9063222675135263,0.8928571428571423,0.8984166666666665,42347.98,AUD
VMM,Viridis Mining and Minerals Limited,4.21,AUD,-2.5462962962963034,1041138,1.025916376135638,548250171,AUD,Non-energy minerals,Strong buy,Precious metals,239.51612903225808,12.266666666666667,26.047904191616773,40.80267558528427,95.81395348837209,6.625381744146605,3.6925880244945493,3.9559451305182773,3.460675986744279,2.54594853639524,4.075714285714286,3.5334999999999996,4383190.9799999995,AUD
BHL,Black Horse Mining Ltd.,0.195,AUD,-4.878048780487796,34701,1.0249647032413942,13899539,AUD,Non-energy minerals,No rating,Precious metals,-53.012048192771076,-23.52941176470588,-2.500000000000002,-17.021276595744673,-53.57142857142856,8.60805860805871,0.20106771225690276,0.2046265320417258,0.20846724944410447,,0.2107142857142856,0.20491666666666672,6766.695000000001,AUD
AUV,Auravelle Metals Limited,0.006,AUD,0,908892,1.0193000311209428,5389535,AUD,Non-energy minerals,No rating,Precious metals,-50,0,-33.33333333333333,-53.84615384615385,-64.70588235294117,5.952380952380793,0.006759584274869876,0.006090726192185807,0.008706003506829237,0.013023676420410269,0.006,0.009633333333333336,5453.352,AUD
TXR,TalonX Resources Limited,0.006,AUD,0,1039370,1.0174780441498756,5591981,AUD,Non-energy minerals,No rating,Other metals/Minerals,-57.142857142857146,-14.285714285714286,20,-33.33333333333333,-62.5,1.1904761904762162,0.005786424032240451,0.005966910608599705,0.006609488449218359,0.010640753430973367,0.006142857142857172,0.006866666666666686,6236.22,AUD
EGL,Environmental Group Limited,0.092,AUD,1.0989010989010999,280357,1.0174052332552381,35386294,AUD,Industrial services,Buy,Engineering & construction,-60.851063829787236,-8.000000000000007,-1.0752688172043021,-54,-58.18181818181819,6.055900621117548,0.09614092250133548,0.09495946371935178,0.10597007546590037,0.17000228982707133,0.0942857142857144,0.09679999999999994,25792.844,AUD
SYL,Symal Group Limited,2.8,AUD,2.9411764705882213,144061,1.0171881431961627,652863950,AUD,Industrial services,Strong buy,Engineering & construction,-20.000000000000004,5.26315789473683,0,6.463878326996196,-12.50000000000001,3.1887755102042137,2.7272899326170466,2.725927085316343,2.721875390206563,2.6111326900157126,2.7100000000000004,2.7593333333333363,403370.8,AUD
MBG,MB Gold Limited,0.18,AUD,5.8823529411764595,16533,1.0127536018817995,9029844,AUD,Non-energy minerals,No rating,Precious metals,-20.000000000000004,12.499999999999995,20,-5.263157894736847,-20.000000000000004,2.1825396825398324,0.15665163047578207,0.1588221032349479,0.16819296945035977,,0.15714285714285722,0.17441666666666666,2975.94,AUD
WAT,Waterco Limited,5.5,AUD,0,4902,1.0119109056003963,201780316,AUD,Process industries,No rating,Chemicals: major diversified,9.561752988047818,-3.5087719298245643,9.780439121756492,0.7326007326007332,6.177606177606183,0.64935064935076,5.440832708101849,5.544109009283074,5.345106953653806,5.600103978847016,5.617142857142857,5.313166666666664,26961,AUD
SRG,SRG Global Limited,3.98,AUD,9.944751381215466,1440245,1.0058404948284498,2280795612,AUD,Industrial services,Buy,Engineering & construction,33.557046979865774,18.805970149253728,10.863509749303626,30.491803278688533,38.19444444444445,2.9791816223977636,3.548219938448516,3.6106312436279997,3.516589973324739,3.0451610695645392,3.5871428571428554,3.6258333333333335,5732175.1,AUD
BKT,Black Rock Mining Limited,0.012,AUD,9.090909090909099,1043279,1.0000924095167913,25778807,AUD,Non-energy minerals,No rating,Other metals/Minerals,-25,9.090909090909099,9.090909090909099,-19.999999999999996,-33.33333333333333,4.166666666666482,0.01136885900820669,0.011519166239740825,0.011798318480428267,0.015905850359261946,0.011571428571428554,0.011783333333333337,12519.348,AUD
SER,Strategic Energy Resources Limited,0.14,AUD,0,46206,0.9965728385049903,9193945,AUD,Non-energy minerals,No rating,Precious metals,0,0,-9.677419354838701,-30,-50,2.0408163265307357,0.13464611762577774,0.1341365439396664,0.14624007355656196,0.16111699679607605,0.1357142857142856,0.15341666666666662,6468.840000000001,AUD
LEG,Legend Mining Limited,0.008,AUD,14.285714285714285,684018,0.9945186598195955,23315819,AUD,Non-energy minerals,No rating,Other metals/Minerals,-20,0,0,0,-27.27272727272727,4.464285714285703,0.008020562132470432,0.007863621823107136,0.008150214155038952,0.008635082657446483,0.007857142857142858,0.008033333333333339,5472.144,AUD
AEG,Aland Equity Group Limited,0.09,AUD,-3.2258064516129057,197988,0.9918363911799358,58097852,AUD,Finance,No rating,Investment managers,542.8571428571428,12.499999999999995,4.651162790697679,-9.090909090909099,172.7272727272727,3.730158730158769,0.08240899227186717,0.08356286844847013,0.0805284498174598,0.05757231537066614,0.08199999999999999,0.0827833333333333,17818.92,AUD
GT3,Green360 Technologies Limited,0.028,AUD,-6.666666666666661,595816,0.9853056473960633,39715008,AUD,Non-energy minerals,No rating,Construction materials,-26.31578947368421,0,0,-30,-17.647058823529417,3.571428571428599,0.028708472600501408,0.028545713701048647,0.029722515233007365,0.03311220814940992,0.02842857142857142,0.029983333333333355,16682.848,AUD
AAR,Astral Resources NL,0.185,AUD,12.121212121212114,5379005,0.9812783072715011,270156859,AUD,Non-energy minerals,Strong buy,Precious metals,-30.188679245283023,19.35483870967742,54.16666666666667,27.586206896551733,-31.481481481481485,5.559845559845606,0.14612700757153937,0.15735464782046568,0.14027188621758085,0.16949615928969577,0.15857142857142836,0.13108333333333327,995115.9249999999,AUD
EMU,Emu NL,0.024,AUD,-4.0000000000000036,268550,0.9790857369939822,9731944,AUD,Non-energy minerals,No rating,Precious metals,-44.6913616664124,9.090909090909099,14.285714285714281,14.285714285714281,-14.176258363791817,5.059523809523803,0.022676710632603046,0.022978551312477898,0.023708851454720098,0.027735679373137385,0.022857142857142843,0.023283333333332806,6445.2,AUD
HAR,Haranga Resources Limited,0.087,AUD,3.571428571428558,566922,0.9753255145162855,37602066,AUD,Non-energy minerals,No rating,Steel,-51.66666666666667,11.538461538461531,-2.247191011235957,-24.34782608695653,-35.555555555555564,4.679802955664995,0.08297821673252377,0.08271823566157724,0.09258260848417671,0.11278753989022401,0.08257142857142859,0.09873333333333335,49322.214,AUD
ORN,Orion Minerals Limited,0.023,AUD,0,1748150,0.9706167656993924,205950738,AUD,Non-energy minerals,No rating,Other metals/Minerals,4.545454545454549,-4.1666666666666705,-4.1666666666666705,-23.333333333333332,-34.28571428571429,3.1055900621118986,0.023105653987974525,0.02298989656743666,0.023854228979661496,0.02398016251007657,0.02285714285714285,0.02343333333333337,40207.45,AUD
SLS,Solstice Minerals Limited,2.09,AUD,-3.6866359447004644,386566,0.9696840473446106,361536792,AUD,Non-energy minerals,Strong buy,Other metals/Minerals,422.5,-6.696428571428586,-5.42986425339367,57.14285714285712,93.51851851851849,6.408065618591922,2.166636372612369,2.15893538266345,2.022193693214429,1.3259429929826942,2.155714285714285,1.9569166666666666,807922.94,AUD
TET,Tetragon Energy Limited,0.23,AUD,2.222222222222224,152873,0.96935068031395,8932591,AUD,Energy minerals,No rating,Oil & gas production,-2.1276595744680753,15,3.6036036036036068,-2.1276595744680753,-2.1276595744680753,6.83229813664596,0.22282014002955672,0.22221732181356957,,,0.21928571428571425,,35160.79,AUD
BOL,Boom Logistics Ltd,2.03,AUD,2.010050251256272,41449,0.9686314741547931,73936981,AUD,Finance,Strong buy,Finance/Rental/Leasing,17.341040462427735,6.282722513089,0.9950248756218916,13.725490196078425,23.030303030303024,2.9028852920481496,1.9556198767238568,1.9655946599861294,1.9653981412096293,1.7979549935192929,1.967142857142857,2.00975,84141.46999999999,AUD
CZN,Corazon Mining Limited,0.1,AUD,6.3829787234042605,652166,0.9588406274396802,21750835,AUD,Non-energy minerals,No rating,Other metals/Minerals,-39.39393939393939,17.64705882352941,17.64705882352941,-41.1764705882353,-45.945945945945944,4.642857142857171,0.09028113268755976,0.0918543736698102,0.10248187834919065,0.1428953210766452,0.09228571428571432,0.1089666666666667,65216.600000000006,AUD
E79,E79 Gold Mines Limited,0.026,AUD,-7.1428571428571495,328929,0.9562514990079293,9899560,AUD,Non-energy minerals,No rating,Precious metals,-3.703703703703707,-3.703703703703707,13.043478260869563,-23.52941176470589,-33.333333333333336,3.5714285714286893,0.02522472980470037,0.025956617963425167,0.025764971003937154,0.028223635776304167,0.026142857142857138,0.026149999999999958,8552.154,AUD
BKY,Berkeley Energia Limited,0.5,AUD,2.040816326530614,46644,0.9555298802822094,258850021.00000003,AUD,Non-energy minerals,No rating,Other metals/Minerals,-7.407407407407414,6.382978723404261,8.69565217391304,24.999999999999993,-4.761904761904766,6.571428571428517,0.5045253895147502,0.5175606445089092,0.4864770224125667,0.487207829362612,0.525,0.473,23322,AUD
VBX,VBX Limited,0.675,AUD,6.2992125984252025,108519,0.9523253732286339,46954538,AUD,Non-energy minerals,Strong buy,Other metals/Minerals,32.352941176470594,28.571428571428573,37.75510204081634,11.570247933884309,-37.20930232558139,4.910052910052918,0.5323422876347954,0.5701657760183584,0.5324436983775462,0.5770943288744823,0.5714285714285714,0.52265,73250.32500000001,AUD
KIT,Kapstream Investment Trust,1.8,AUD,-0.5524861878453043,224589,0.9519895691421586,179170974,AUD,Miscellaneous,No rating,Investment trusts,-9.999999999999998,-3.7433155080213933,-5.2631578947368345,-5.759162303664915,-9.999999999999998,2.480158730158758,1.8540226418865728,1.8320513681262829,1.8815365292043225,,1.821428571428571,1.8904166666666666,404260.2,AUD
NXD,NextEd Group Limited,0.075,AUD,1.3513513513513526,478978,0.9487322354604064,16547120,AUD,Consumer services,No rating,Other consumer services,-75.80645161290323,0,-14.772727272727272,-42.307692307692314,-55.88235294117648,1.9047619047618536,0.08045821796967557,0.07661657936952415,0.095424647349094,0.15862262050349238,0.07542857142857151,0.09653333333333315,35923.35,AUD
8IH,8I Holdings Ltd. Chess Depository Interests repr 1 shs,0.013,AUD,0,54000,0.9435247989767999,4526091,AUD,Miscellaneous,No rating,Miscellaneous,-23.52941176470589,0,0,-13.333333333333334,-18.750000000000007,1.200962406445482e-13,0.01283186070510409,0.012771598398433899,0.013723229879538149,0.014966848316520192,0.012857142857142843,0.014450000000000006,702,AUD
FRI,Finbar Group Limited,0.705,AUD,-2.0833333333333353,51052,0.9416512651386875,195928667,AUD,Finance,No rating,Real estate development,-16.765053128689495,-4.081632653061228,-0.7042253521126767,-0.7042253521126767,-6.622516556291396,1.570415400202783,0.7033264307361552,0.7091636201413614,0.7049741581534015,0.7488834684900391,0.714285714285717,0.6958999999999992,35991.659999999996,AUD
AXQ,"Aura Consolidated Group, Inc. Chess Depository Interests Resr 1 shs",3.7,AUD,7.246376811594203,572430,0.9369230467062105,88030800,AUD,Technology services,Strong buy,Packaged software,-45.98540145985401,14.906832298136646,-26.877470355731216,-45.98540145985401,-45.98540145985401,6.3803088803088785,3.636468500706077,3.325282792811412,,,3.264285714285716,,2117991,AUD
JMS,Jupiter Mines Limited,0.27,AUD,1.8867924528301903,657663,0.9368420137951586,530779645.99999994,AUD,Non-energy minerals,Strong buy,Other metals/Minerals,-1.8181818181818197,1.8867924528301903,0,3.8461538461538494,-9.999999999999991,2.433862433862451,0.26617597479150135,0.26627931033640645,0.2677803284601453,0.2638378757855243,0.2657142857142858,0.26875,177569.01,AUD
MAH,Macmahon Holdings Limited,0.905,AUD,-8.585858585858583,3187040,0.9339386891451489,2037142387,AUD,Energy minerals,Buy,Coal,34.07407407407407,-11.707317073170723,-1.092896174863389,5.232558139534888,19.078947368421055,6.116811365430103,0.9694977164079329,0.9734777446375156,0.9407160756012501,0.7754590265431067,0.9814285714285715,0.9460833333333336,2884271.2,AUD
TAM,Tanami Gold NL,0.06,AUD,1.6949152542372898,1374047,0.9261756737427937,136311253,AUD,Non-energy minerals,No rating,Precious metals,-21.20075342586292,1.6949152542372898,3.4482758620689564,-3.225806451612906,-33.386202483961895,2.5000000000000253,0.05814224595117476,0.05849231097907455,0.060130094143354525,0.06652837273375793,0.05857142857142861,0.05870000000000001,82442.81999999999,AUD
CLV,Clover Corporation Limited,0.935,AUD,-1.5789473684210422,51022,0.9252737447998463,158649375,AUD,Health technology,Strong buy,Pharmaceuticals: other,19.10828025477707,-2.6041666666666576,11.045130641330175,1.6304347826086971,21.428571428571434,3.101604278074798,0.9336035903512302,0.9542028938494627,0.9040783686261791,0.8292467979717701,0.9664285714285717,0.8849500000000003,47705.57,AUD
EDE,Eden Innovations Ltd,0.082,AUD,-1.2048192771084347,577485,0.9233464992906386,54973532,AUD,Producer manufacturing,No rating,Trucks/Construction/Farm machinery,64,-9.890109890109885,-31.666666666666664,-65.1063829787234,-62.727272727272734,9.233449477351922,0.0970343538527355,0.08866002912162119,0.11847356065114424,0.11986157971170093,0.08771428571428573,0.13124999999999998,47353.770000000004,AUD
IRI,Integrated Research Limited,0.295,AUD,1.7241379310344844,73496,0.9222182626720941,53274578,AUD,Technology services,Strong buy,Packaged software,-15.714285714285714,-1.6666666666666683,0,-1.6666666666666683,-9.230769230769239,1.5012106537529393,0.2954622369770472,0.29624053234318104,0.2931923965727304,0.3193558296841068,0.29714285714285615,0.2891999999999992,21681.32,AUD
AGR,Aguia Resources Limited,0.017,AUD,-10.526315789473676,1929650,0.9198699878312019,43200372,AUD,Non-energy minerals,No rating,Other metals/Minerals,-19.047619047619047,-5.555555555555542,-10.526315789473676,-32,13.333333333333346,6.7226890756305,0.017413998393927932,0.017509400917475413,0.018184325836559084,0.020936446667875863,0.017714285714285714,0.018483333333333296,32804.05,AUD
LDR,Lode Resources Ltd,0.093,AUD,3.3333333333333366,241648,0.9190911628833953,17251681,AUD,Non-energy minerals,No rating,Precious metals,-56.74418604651162,17.72151898734177,17.72151898734177,-22.5,-48.33333333333333,6.144393241167478,0.08501582147418879,0.08612871574351474,0.09279080517401302,0.13410368895897046,0.08514285714285709,0.09354999999999994,22473.264,AUD
SKY,Sky Metals Limited,0.205,AUD,-6.818181818181825,1828093,0.9150607533390009,228236526,AUD,Non-energy minerals,Strong buy,Other metals/Minerals,156.24999999999997,-14.583333333333336,-14.583333333333336,-6.818181818181825,24.24242424242423,9.094076655052177,0.22437026711407285,0.22055693115678368,0.22375782813665135,0.17578726535511707,0.22285714285714286,0.2285833333333334,374759.065,AUD
SQX,SQX Resources Limited,0.059,AUD,7.272727272727267,136746,0.909266209016993,5460450,AUD,Non-energy minerals,No rating,Precious metals,-57.85714285714286,7.272727272727267,22.916666666666657,-43.80952380952381,-68.94736842105264,1.0895883777241533,0.05441779629373491,0.05317652150402286,0.07111926951224562,0.11105581135805881,0.05185714285714293,0.07531666666666667,8068.013999999999,AUD
AT4,American Tungsten & Antimony Ltd,0.058,AUD,-10.769230769230768,19096147,0.9090713867280255,133127528.00000001,AUD,Non-energy minerals,No rating,Other metals/Minerals,-47.27272727272727,-21.621621621621614,75.75757575757575,-20.547945205479444,-64.84848484848486,11.699507389162546,0.057765704213498054,0.06483463611494736,0.05404606004096722,0.07866628888623445,0.07142857142857137,0.047150000000000004,1107576.526,AUD
BOA,Boa Resources Limited,0.06,AUD,0,248002,0.9037753086932668,17437335,AUD,Non-energy minerals,No rating,Other metals/Minerals,100,11.111111111111109,-1.6393442622950836,17.647058823529417,42.85714285714285,3.5714285714284646,0.05670625637905297,0.05760536631924377,0.05609289638369856,0.04466593364900671,0.058,0.05795000000000001,14880.119999999999,AUD
FXG,Felix Gold Ltd.,0.245,AUD,6.521739130434775,514745,0.8978922222328821,129086792,AUD,Non-energy minerals,No rating,Precious metals,-30.985915492957744,-3.921568627450984,6.521739130434777,-28.98550724637681,-25.75757575757576,7.930029154519009,0.24532084203336657,0.24326588400054808,0.25992176332709627,0.2920546345346494,0.2464285714285714,0.2742833333333332,126112.525,AUD
ADC,ACDC Metals Ltd,0.042,AUD,-2.325581395348823,145406,0.8947191596140192,5166202,AUD,Non-energy minerals,No rating,Construction materials,-24.824909158957187,-2.325581395348823,-12.499999999999996,-24.999999999999996,-20.868323194116215,2.0408163265307224,0.04427641573070655,0.04331739234733923,0.046329412098991496,0.05200482948002288,0.04300000000000003,0.0481916006666668,6107.052000000001,AUD
LCE,London City Equities Ltd,0.85,AUD,0,2424,0.8820318754093589,26980954,AUD,Finance,No rating,Investment managers,0,0,0,0,-0.5847953216374274,0.12605042016808507,0.8454623442916955,0.8491391521385245,0.8190780291668068,0.6225844758909423,0.8500000000000006,0.8378333333333334,2060.4,AUD
LGI,LGI LTD,1.96,AUD,0,244208,0.8815027649836122,205846152,AUD,Utilities,Strong buy,Alternative power generation,-51.122194513715705,-12.10762331838565,-26.037735849056606,-44,-45.70637119113574,9.129008746355941,2.2154780500952413,2.059839970916757,2.548338785991351,3.1917868150299755,1.995714285714283,2.7223333333333337,478647.68,AUD
AAL,Alfabs Australia Ltd.,0.22,AUD,-2.222222222222224,60007,0.880504528933672,63140456,AUD,Producer manufacturing,Buy,Trucks/Construction/Farm machinery,-46.98795180722891,-13.725490196078432,-24.137931034482754,-27.868852459016395,-53.684210526315795,5.0324675324674795,0.24936423979736122,0.23765637195983116,0.26564288625242755,0.32695864368257843,0.23742857142857127,0.2681333333333333,13201.54,AUD
VEN,Vintage Energy Ltd.,0.002,AUD,0,1970000,0.8737320960872894,4880672,AUD,Energy minerals,No rating,Oil & gas production,-60,100,0,-33.333333333333336,-50,10.714285714286879,0.00204264697151288,0.0020013895580347756,0.0023756240131838392,0.0036810320420291604,0.002000000000000002,0.0024833333333333404,3940,AUD
AMU,American Uranium Limited,0.078,AUD,4.0000000000000036,51604,0.8734404964007211,9249049,AUD,Non-energy minerals,No rating,Other metals/Minerals,-45.60901584953278,6.849315068493158,8.333333333333341,-15.217391304347826,-56.18503799936839,2.5641025641025306,0.07200020982272973,0.07260140955742807,0.0771116289630589,0.11144446508986393,0.07242857142857143,0.07728333333333332,4025.112,AUD
GMG,Goodman Group,31.13,AUD,5.275617179573889,2222968,0.8698986927148007,60669007539,AUD,Finance,Strong buy,Real estate investment trusts,0.4193548387096742,3.4906914893617045,6.573091407052373,1.898527004909978,3.387578877449351,1.9709972006793304,29.97746564148308,30.081171466734915,30.099949196458265,30.384773410579786,30.005714285714276,30.577999999999996,69200993.84,AUD
ARN,Aldoro Resources Ltd.,0.235,AUD,0,124273,0.869818712234632,57995714,AUD,Non-energy minerals,No rating,Other metals/Minerals,-38.961038961038966,-6.000000000000005,-16.071428571428584,-42.6829268292683,-43.373493975903614,3.3434650455928403,0.264157977936093,0.24757179907601515,0.30594777865153444,0.3692183255256225,0.24428571428571405,0.33050000000000007,29204.155,AUD
BRE,Brazilian Rare Earths Limited,4.67,AUD,-1.268498942917558,363844,0.8638716667026768,1306207087,AUD,Non-energy minerals,Strong buy,Other metals/Minerals,17.92929292929293,12.5301204819277,22.572178477690283,-19.897084048027445,10.141509433962257,6.370449678800911,4.183687744656171,4.337179888440256,4.353660999823418,4.365630391289972,4.422857142857143,4.652999999999998,1699151.48,AUD
KOB,Koba Resources Limited,0.038,AUD,-9.52380952380953,527822,0.8618042339307477,11998207,AUD,Non-energy minerals,No rating,Other metals/Minerals,0,15.151515151515143,26.666666666666668,2.7027027027027053,-11.627906976744182,4.699248120300863,0.034625557784350044,0.03632761671625713,0.034070460223508486,0.041858222711578325,0.03585714285714286,0.03333333333333339,20057.236,AUD
TNC,True North Copper Limited,0.39,AUD,-2.500000000000002,337349,0.8579852762321483,66814597.00000001,AUD,Non-energy minerals,Strong buy,Other metals/Minerals,-17.894736842105257,-15.217391304347828,1.2987012987012998,-7.142857142857137,-20.40816326530612,8.058608058607998,0.40743619164651784,0.41101714414796503,0.41113786992932716,13.861010581755385,0.42428571428571465,0.418583333333333,131566.11000000002,AUD
TAS,Tasman Resources Ltd,0.032,AUD,6.666666666666673,330116,0.8574878097690167,16619729,AUD,Non-energy minerals,No rating,Other metals/Minerals,52.38095238095237,-13.513513513513509,-33.333333333333336,-31.914893617021278,-52.94117647058824,7.589285714285793,0.03841785239328366,0.03397835002792994,0.04482738023819083,0.04301565761950501,0.032999999999999974,0.05063333333333332,10563.712,AUD
EQX,Equatorial Resources Limited,0.17,AUD,3.030303030303033,134343,0.8547259231171032,20374031,AUD,Non-energy minerals,No rating,Steel,-2.857142857142844,13.333333333333346,6.250000000000005,6.250000000000005,-19.04761904761904,6.218487394958109,0.1556615073962036,0.15819110923691096,0.15782299027118524,0.17096699306230878,0.15714285714285706,0.15581666666666663,22838.31,AUD
WNX,Wellnex Life Ltd,0.08,AUD,-5.8823529411764754,164721,0.8545880912482037,6791493,AUD,Consumer non-durables,No rating,Food: meat/fish/dairy,-15.789473684210526,-12.087912087912084,45.45454545454545,17.647058823529406,-27.272727272727273,7.4107142857139126,0.07459220959121977,0.08381305964658234,0.06731687565741784,0.13696206792928758,0.091,0.06085000000000001,13177.68,AUD
AW1,American West Metals Ltd.,0.036,AUD,2.85714285714284,1633176,0.8545576633710179,43649739,AUD,Non-energy minerals,No rating,Other metals/Minerals,-29.411764705882355,12.49999999999999,12.49999999999999,-12.195121951219523,-32.07547169811321,3.968253968254286,0.0337143416321596,0.0342275974264805,0.03579618707929671,0.04388495470036152,0.03428571428571434,0.03690000000000005,58794.335999999996,AUD
LKY,Locksley Resources Limited,0.049,AUD,-9.259259259259254,7467159,0.852851767308342,26676533,AUD,Non-energy minerals,No rating,Precious metals,-74.87179487179488,-26.865671641791046,-16.949152542372875,-62.3076923076923,-71.1764705882353,11.516034985422671,0.062374024182822646,0.06226430322311388,0.07234878763816585,0.1363745456290834,0.06614285714285718,0.07065,365890.791,AUD
FGH,Foresta Group Holdings Limited,0.009,AUD,12.49999999999999,445543,0.8493912520953942,22864630,AUD,Non-energy minerals,No rating,Forest products,-77.5,0,-18.181818181818183,-35.71428571428572,-64,4.761904761905019,0.00945164448081994,0.008943865486013764,0.011247686629626788,0.017814111496866996,0.008857142857142838,0.011516666666666666,4009.8869999999997,AUD
PAC,Pacific Current Group Ltd,11.6,AUD,0.4329004329004236,8000,0.8481134775833006,322702936,AUD,Finance,No rating,Investment managers,15.884115884115884,-0.42918454935622924,-1.3605442176870761,10.213776722090254,16.93548387096774,1.5548029556647875,11.482328324280413,11.56200010429322,11.292907862519304,10.789498358535367,11.648571428571449,11.219083333333336,92800,AUD
IMD,Imdex Ltd,3.58,AUD,-2.9810298102980997,1253715,0.8438947366153725,1970590987,AUD,Distribution services,Buy,Wholesale distributors,4.373177842565595,-10.050251256281406,-3.5040431266846332,-7.969151670951159,-9.137055837563448,4.998004788507634,3.814530446188313,3.802654200359056,3.8658441482790304,3.76246967577403,3.8742857142857132,3.9280000000000017,4488299.7,AUD
SHN,Sunshine Metals Limited,0.038,AUD,-5.000000000000004,5270871,0.8413253214089829,129453437.00000001,AUD,Non-energy minerals,No rating,Precious metals,65.21739130434783,5.555555555555561,31.03448275862068,31.03448275862068,-2.5641025641025665,5.8270676691728855,0.03378798739084987,0.03614016660071404,0.031620532516230065,0.02842637879114385,0.03671428571428572,0.030616666666666674,200293.098,AUD
BUR,Burley Minerals Ltd.,0.025,AUD,0,150000,0.8384389608052147,5706271,AUD,Non-energy minerals,No rating,Other metals/Minerals,-13.793103448275863,0,13.63636363636365,-3.8461538461538365,-19.354838709677416,2.5714285714285716,0.02375918876006254,0.023791650212792868,0.025471455978622118,0.03889602476077576,0.023142857142857177,0.025850000000000022,3750,AUD
IMM,Immutep Ltd,0.055,AUD,5.7692307692307745,4408904,0.8337231154133345,76633504,AUD,Health technology,Buy,Biotechnology,-86.90476190476191,14.583333333333332,1.8518518518518534,-11.29032258064516,-85.8974358974359,4.415584415584309,0.05021032679649969,0.05118275173455692,0.055033619673552366,0.14570855659369375,0.05142857142857144,0.05063333333333321,242489.72,AUD
LIT,Livium Ltd.,0.008,AUD,14.285714285714285,2097264,0.8333789971774778,17314936,AUD,Process industries,No rating,Chemicals: agricultural,-27.27272727272727,-11.111111111111104,0,-11.111111111111104,-20,11.607142857143097,0.008159634833953159,0.007973887622686675,0.008450100538302715,0.009675899957654143,0.008142857142857144,0.008533333333333339,16778.112,AUD
ALY,Alchemy Resources Limited,0.007,AUD,0,365639,0.8321271507600771,8316534.000000001,AUD,Non-energy minerals,No rating,Precious metals,-36.36363636363636,-12.5,-12.5,-22.222222222222214,-36.36363636363636,3.06122448979591,0.00731155303976145,0.00722424106426439,0.007543674200438077,0.008158476515834342,0.007285714285714282,0.007600000000000008,2559.473,AUD
AD1,AdNeo Limited,0.03,AUD,3.4482758620689564,152321,0.8310971916825352,11416140,AUD,Technology services,No rating,Internet software/Services,-18.91891891891892,7.142857142857137,11.111111111111109,-21.05263157894737,0,5.238095238095017,0.027043168813516514,0.027942511746175985,0.029027564479616283,0.04144754919110048,0.028000000000000018,0.030816666666666662,4569.63,AUD
TAR,Taruga Minerals Limited,0.025,AUD,0,1554720,0.8260035559083305,23696326,AUD,Non-energy minerals,No rating,Precious metals,25.000000000000004,8.695652173913052,31.578947368421066,25.000000000000004,19.047619047619047,4.000000000000129,0.02189849234754233,0.023159226723408855,0.0206728583524611,0.01805068850944066,0.023285714285714274,0.02001666666666667,38868,AUD
ATS,Australis Oil & Gas Ltd.,0.028,AUD,0,2575958,0.8205804943498322,33300232,AUD,Energy minerals,Strong buy,Oil & gas production,75,33.33333333333333,33.33333333333333,40,33.33333333333333,7.142857142857087,0.02215697656129318,0.02405329478169476,0.020502704242317635,0.018259543032938856,0.024142857142857157,0.01896666666666665,72126.82400000001,AUD
XRF,XRF Scientific Limited,1.865,AUD,-3.8659793814432972,118489,0.8201264565517575,266054559.99999997,AUD,Producer manufacturing,Strong buy,Industrial machinery,-9.466019417475732,2.4725274725274686,8.74635568513119,5.546123372948505,-3.865979381443297,3.274607430103342,1.8016454194549834,1.8441148911066252,1.782542408063245,1.8395239977897917,1.860000000000001,1.7815,220981.985,AUD
HIQ,HitIQ Limited,0.006,AUD,0,2144144,0.81519798057389,5617539,AUD,Consumer durables,No rating,Recreational products,-71.42857142857143,-25,-33.33333333333333,-25,-59.99999999999999,10.714285714285946,0.007094666722574063,0.006573062058430754,0.008228577102254735,0.013915120538673697,0.006571428571428552,0.008250000000000009,12864.864,AUD
USC,Us1 Critical Minerals Limited,0.023,AUD,0,689447,0.8141493622518116,21291047,AUD,Non-energy minerals,No rating,Precious metals,64.28571428571428,14.999999999999996,14.999999999999996,14.999999999999996,43.74999999999999,5.900621118012399,0.020604753147795286,0.021477358624378353,0.019296360663658526,0.017679470604593427,0.02128571428571428,0.018500000000000016,15857.280999999999,AUD
ASN,Anson Resources Limited,0.044,AUD,-2.2222222222222245,1741765,0.810636218872454,74498073,AUD,Non-energy minerals,No rating,Other metals/Minerals,-33.33333333333334,-6.3829787234042605,2.3255813953488396,-25.423728813559322,-16.981132075471702,5.357142857142887,0.04492628606095714,0.045150925019162506,0.046303868166317895,0.05644136934168481,0.045571428571428534,0.046700000000000116,76637.65999999999,AUD
IIQ,Inoviq Ltd,0.185,AUD,-2.6315789473684235,59146,0.8099196187711395,27451212,AUD,Health services,No rating,Medical/Nursing services,-52.56410256410256,-7.500000000000006,-15.909090909090912,-44.776119402985074,-43.07692307692308,4.440154440154148,0.20310801322479402,0.19219411630132027,0.24382265372469764,0.317520571083583,0.19142857142857136,0.2767333333333339,10942.01,AUD
1TT,Thrive Tribe Technologies Limited,0.001,AUD,0,1323698,0.8069494442391727,4753286,AUD,Technology services,No rating,Packaged software,0,-50,-50,0,0,7.142857142857081,0.0018084746946208997,0.0015156523239408723,0.0020476291347503897,0.009688854041834373,0.0015714285714285706,0.002433333333333315,1323.698,AUD
L1G,L1 Group Limited,1.26,AUD,6.329113924050629,2247892,0.8064995216560727,2807362617,AUD,Finance,Buy,Investment managers,18.309859154929587,16.66666666666666,5.000000000000004,12,5.000000000000004,3.883219954648508,1.1253204611077374,1.1504338401206222,1.120238680024957,1.0716616918574293,1.1492857142857145,1.1105833333333341,2832343.92,AUD
ATH,Alterity Therapeutics Ltd.,0.51,AUD,-3.7735849056603805,206554,0.8014352999513832,118990096,AUD,Health technology,Strong buy,Pharmaceuticals: major,13.333333333333332,-5.55555555555556,-13.5593220338983,13.333333333333332,27.499999999999993,6.932773109243677,0.5458692070481389,0.5346339558304991,0.5472769007477909,0.5017556894316376,0.5364285714285713,0.5499999999999996,105342.54000000001,AUD
JYC,Joyce Corporation Ltd,6.33,AUD,1.9323671497584558,12845,0.8007954963435846,183625163,AUD,Retail trade,Strong buy,Specialty stores,16.57458563535912,-2.615384615384614,7.653061224489798,11.052631578947366,19.43396226415095,2.4430151207403084,6.259464241935357,6.3349752080837085,6.108976884890066,5.6560282560658965,6.410000000000002,6.036666666666668,81308.85,AUD
N1H,N1 Holdings Ltd.,0.15,AUD,15.384615384615378,30000,0.791966293914531,11447224,AUD,Finance,No rating,Finance/Rental/Leasing,30.43478260869564,11.1111111111111,87.49999999999999,30.43478260869564,42.85714285714286,0.23809523809526872,0.11864587300189086,0.12833092153692569,0.11704164434202548,0.14163660118940155,0.13142857142857142,0.11595000000000004,4500,AUD
KPO,Kalina Power Limited,0.024,AUD,0,2150033,0.7791324851694412,61593435,AUD,Utilities,No rating,Alternative power generation,71.42857142857143,41.17647058823529,41.17647058823529,71.42857142857143,84.61538461538463,4.761904761904764,0.01904482604442805,0.0205710326618017,0.01688952677697927,0.014262900151055606,0.020000000000000007,0.015583333333333319,51600.792,AUD
EFR,Everflow Resources Ltd,0.006,AUD,50,150000,0.7789500687812911,2368030,AUD,Non-energy minerals,No rating,Precious metals,-25,50,-25,-25,0,3.571428571428591,0.006320377977571518,0.005620864735279098,0.007460560710944488,0.008942516018862656,0.005714285714285711,0.00816666666666667,900,AUD
OZZ,Ozz Resources Ltd,0.035,AUD,-12.499999999999993,714145,0.7756036805239844,10426727,AUD,Non-energy minerals,No rating,Precious metals,16.666666666666682,16.666666666666682,-36.36363636363636,-36.36363636363636,-36.36363636363636,10.612244897959295,0.044751878436759894,0.04138220450076766,0.049315339843998655,0.0672619790708012,0.04014285714285713,0.04920000000000007,24995.075,AUD
BCN,Beacon Minerals Limited,3.09,AUD,4.040404040404029,48605,0.7750794534178929,345507836,AUD,Non-energy minerals,Strong buy,Precious metals,9.964412811387893,5.821917808219176,13.18681318681318,14.444444444444432,-17.819148936170215,4.4382801664355025,2.854267014811999,2.947426153287977,2.7854526964164346,2.759973957698582,3.0042857142857144,2.632166666666667,150189.44999999998,AUD
IBX,Imagion Biosystems Ltd.,0.01,AUD,-9.090909090909085,979829,0.7725554602395673,5939300,AUD,Health technology,No rating,Medical specialties,-60.00000000000001,-16.666666666666668,-16.666666666666668,-28.571428571428573,-56.52173913043479,6.4285714285745685,0.011985064846879577,0.011626436355307303,0.012941927046157488,0.019289462366755713,0.011857142857142868,0.01325000000000001,9798.29,AUD
BCC,Beam Communications Holdings Limited,0.041,AUD,-2.3809523809523827,99888,0.7719099222046975,3629721,AUD,Electronic technology,No rating,Telecommunications equipment,-51.76470588235294,-8.888888888888882,-28.070175438596493,-25.454545454545453,-76.57142857142857,3.3101045296159928,0.04722064356210711,0.04472553966385951,0.058094010132091485,0.09929938158905968,0.044142857142857005,0.05151666666666661,4095.4080000000004,AUD
T3D,333D Limited,0.03,AUD,-3.2258064516129057,68018,0.7708610052087348,6553259,AUD,Producer manufacturing,No rating,Industrial machinery,-21.05263157894737,-9.090909090909099,-21.05263157894737,24.999999999999993,-3.225806451612906,9.047619047619234,0.03269017147204488,0.031687445778700675,0.03466281308286174,0.038860448062356875,0.03214285714285713,0.035366666666666664,2040.54,AUD
MAG,Magmatic Resources Ltd.,0.026,AUD,-7.1428571428571495,115981,0.7698419441427998,14062469,AUD,Non-energy minerals,No rating,Precious metals,-50.943396226415096,-10.344827586206906,-13.333333333333334,-7.1428571428571495,-36.58536585365854,3.8461538461539697,0.027389306529955824,0.027156315807312238,0.02883577530452258,0.03771210873744662,0.027285714285714295,0.030266666666666615,3015.506,AUD
FRE,Firebrick Pharma Limited,0.027,AUD,0,265893,0.769473636080032,7754373,AUD,Health technology,No rating,Pharmaceuticals: major,-50.909090909090914,3.84615384615385,-9.999999999999998,-43.75,-55.00000000000001,7.407407407407453,0.02889810713997225,0.028494767154061445,0.03318286324139902,0.04922590373714141,0.02985714285714289,0.03425000000000005,7179.111,AUD
FUL,Fulcrum Lithium Ltd.,0.09,AUD,0,19988,0.7668020884883778,12069001,AUD,Process industries,No rating,Chemicals: agricultural,5.8823529411764595,20,38.46153846153845,-30.769230769230774,-8.163265306122456,1.5873015873016063,0.08140957409857112,0.08162052986775506,0.08865230051115151,0.10039879120756189,0.08085714285714284,0.09533333333333337,1798.9199999999998,AUD
YAR,Yari Resources Limited,0.004,AUD,-20,1496074,0.7656783830818797,5246648,AUD,Non-energy minerals,No rating,Other metals/Minerals,-60,-20,-33.333333333333336,-20,-55.55555555555556,21.428571428571654,0.005249770072701186,0.004809941691536687,0.0057589302744179395,0.007516862890422789,0.004714285714285718,0.005650000000000001,5984.296,AUD
IMC,Immuron Limited,0.039,AUD,5.405405405405411,61876,0.7619136745748436,12591076,AUD,Health technology,Buy,Pharmaceuticals: major,8.333333333333341,21.874999999999996,-13.33333333333333,21.874999999999996,30.000000000000007,4.395604395604402,0.03608592855068373,0.035799227845330246,0.035518070185745515,0.04372166113638315,0.034571428571428565,0.03481666666666664,2413.164,AUD
CLA,Celsius Resources Ltd.,0.005,AUD,0,2060636,0.7616891609193827,22333241,AUD,Non-energy minerals,No rating,Other metals/Minerals,-61.53846153846155,-16.666666666666668,-28.571428571428573,-28.571428571428573,-77.27272727272727,15.714285714285692,0.005501166129523556,0.005372243250575038,0.006149436579303712,0.009299149421446657,0.0054285714285714284,0.005883333333333339,10303.18,AUD
CHL,Camplify Holdings Ltd.,0.24,AUD,9.090909090909086,90325,0.7542810092375937,18089587,AUD,Technology services,Strong buy,Internet software/Services,-33.333333333333336,9.090909090909086,45.45454545454544,19.99999999999999,-31.428571428571427,1.5476190476188443,0.21340101980800744,0.22235486541054902,0.20616626393295903,0.278199275276237,0.2228571428571426,0.19608333333333366,21678,AUD
ABE,Australian Bond Exchange Holdings Ltd.,0.018,AUD,5.882352941176455,199793,0.752047217271343,2140759,AUD,Finance,No rating,Investment banks/Brokers,-40,38.46153846153846,49.999999999999986,49.999999999999986,-43.75,4.365079365079354,0.015208427828368997,0.016438236112114788,0.015172580262832181,0.025490726280915317,0.017142857142857144,0.01385000000000001,3596.274,AUD
HMI,Hiremii Ltd.,0.036,AUD,-7.6923076923077,185586,0.7497191370954351,8223587,AUD,Commercial services,No rating,Personnel services,-5.263157894736847,16.12903225806451,33.33333333333333,2.8571428571428394,2.8571428571428394,5.357142857142675,0.029333851760775978,0.03112678601746944,0.0314655412776974,0.03997922836511112,0.03114285714285714,0.03274999999999999,6681.096,AUD
WWI,West Wits Mining Limited,0.45,AUD,1.1235955056179785,384827,0.748719211860998,178304079,AUD,Non-energy minerals,No rating,Other metals/Minerals,-42.30769230769231,-1.0989010989010999,13.92405063291139,-13.461538461538463,-44.44444444444445,4.158730158730214,0.41436982455032423,0.426349531907742,0.43500567200634693,0.5109504515422503,0.4335714285714286,0.43666666666666654,173172.15,AUD
CGF,Challenger Limited,10.225,AUD,5.521155830753355,1026168,0.7460688933443738,6707248651,AUD,Finance,Buy,Life/Health insurance,9.710300429184542,4.018311291963373,-4.617537313432845,10.064585575888058,15.798414496036234,2.5637443241357123,10.01283694595066,9.934168435654653,9.92186082907878,9.150382029816425,9.88071428571429,9.904750000000002,10492567.799999999,AUD
TZN,Terramin Australia Limited,0.024,AUD,9.090909090909099,249816,0.7441107909408974,52528598,AUD,Non-energy minerals,No rating,Other metals/Minerals,-25,14.285714285714281,20,4.347826086956526,-22.58064516129032,2.0833333333333353,0.02126273388417162,0.021796012602166168,0.022410924898890235,0.03409997855323567,0.021714285714285717,0.022283333333333214,5995.584,AUD
VNT,Ventia Services Group Limited,5.775,AUD,-1.1130136986301284,1203827,0.7432847782544375,4776094632,AUD,Industrial services,Buy,Engineering & construction,-3.428093645484951,-2.9411764705882324,-3.910149750415964,-4.069767441860453,-0.08650519031141683,2.1335807050091726,5.942466765900022,5.895220104129598,5.9975923885925315,5.757576563324624,5.907857142857144,6.148750000000003,6952100.925000001,AUD
AOA,Ausmon Resources Limited,0.001,AUD,-50,501404,0.7399268047931055,2139770,AUD,Non-energy minerals,No rating,Precious metals,-50,-50,0,0,-50,28.571428571427894,0.001505978926128557,0.0016012703467941296,0.001605169318152705,0.0021915246153867917,0.0018571428571428625,0.0016499999999999967,501.404,AUD
GLN,Galan Lithium Limited,0.39,AUD,1.2987012987012998,2756328,0.738821692826135,468892352,AUD,Process industries,Strong buy,Chemicals: agricultural,21.875000000000004,14.705882352941172,25.80645161290323,-6.02409638554216,4.0000000000000036,5.549450549450617,0.33446886592726904,0.3533074940166948,0.3470512444040824,0.3371027294339142,0.35928571428571426,0.3599166666666668,1074967.92,AUD
MCM,MC Mining Ltd,0.28,AUD,1.8181818181818195,20004,0.7386646874411494,232354427,AUD,Energy minerals,No rating,Coal,27.272727272727284,-1.7543859649122628,5.660377358490571,-11.111111111111102,24.44444444444445,0.8928571428570444,0.2750381713463712,0.2751263423235487,0.279223963883358,0.2420019972835096,0.27571428571428563,0.2874166666666666,5601.120000000001,AUD
PNC,Pioneer Credit Ltd,0.69,AUD,2.2222222222222077,70709,0.7373347334305893,127774581,AUD,Finance,Strong buy,Finance/Rental/Leasing,3.7593984962405878,4.5454545454545325,-0.7194244604316553,18.96551724137931,1.4705882352941024,2.8985507246375395,0.6586750106003749,0.6681236734059663,0.6535159575746058,0.6385727378769167,0.6700000000000006,0.6526666666666657,48789.21,AUD
GDR,Golden Dragon Mining Ltd,0.19,AUD,2.7027027027027053,35000,0.7358150623445591,10229202,AUD,Non-energy minerals,No rating,Precious metals,-9.52380952380952,2.7027027027027053,18.75,18.75,5.555555555555561,4.323308270676656,0.17779673752713188,0.1825455967692579,0.17152737029179896,,0.18357142857142875,0.16508333333333322,6650,AUD
AOK,Australian Oil Company Limited,0.002,AUD,0,550000,0.7324080578202871,5819027,AUD,Energy minerals,No rating,Integrated oil,0,0,-33.333333333333336,-33.333333333333336,0,21.42857142857157,0.0021614542277329112,0.002091092944214043,0.002338595177789409,0.002661004937730076,0.0021428571428571412,0.002466666666666673,1100,AUD
VRX,VRX Silica Limited,0.04,AUD,0,325246,0.7310268935796057,43309530,AUD,Non-energy minerals,No rating,Other metals/Minerals,-44.92647546791155,0,5.263157894736847,-21.62613235543646,-30.92472452780142,3.928571428571531,0.040032049089224205,0.04103463218271628,0.040590433591943885,0.054252754953919576,0.04171428571428569,0.039434832166666656,13009.84,AUD
AHF,Australian Dairy Nutritionals Limited,0.016,AUD,0,214411,0.7288443718356897,12598901,AUD,Consumer non-durables,No rating,Food: meat/fish/dairy,-54.05917350730359,-5.8823529411764754,-11.111111111111104,-27.27272727272727,-38.46153846153846,4.01785714285723,0.016865882688526405,0.016390914420196967,0.018112548075477193,0.025590133364489582,0.016428571428571414,0.018033333333333332,3430.576,AUD
CC5,Clever Culture Systems Limited,0.014,AUD,0,948239,0.721247650831313,32733829.999999996,AUD,Health technology,No rating,Medical specialties,-51.72413793103449,-12.5,-36.36363636363636,-39.130434782608695,-48.14814814814815,5.612244897959454,0.016127728180860834,0.014854559738341619,0.01853462042965776,0.022838119929905226,0.01457142857142856,0.019699999999999995,13275.346,AUD
PKP,Peak Processing Limited,0.015,AUD,0,1898298,0.7195675812382913,20015835,AUD,Health technology,No rating,Pharmaceuticals: other,-21.05263157894737,-6.250000000000005,-11.764705882352951,-11.764705882352951,-11.764705882352951,4.285714285714298,0.015767920442899014,0.015359464240800555,0.016210277502343863,,0.015285714285714297,0.016150000000000005,28474.469999999998,AUD
WHK,WhiteHawk Ltd.,0.004,AUD,33.33333333333333,420000,0.7180105773215334,4021483,AUD,Technology services,No rating,Packaged software,-50,33.333333333333336,0,-33.333333333333336,-33.333333333333336,14.28571428571414,0.0036792764983434863,0.0035120881552859985,0.0042161598237526595,0.006746485659951301,0.0032857142857142807,0.004383333333333344,1680,AUD
CAV,Carnavale Resources Limited,0.089,AUD,-1.1111111111111123,237421,0.7167932768684642,36725901,AUD,Non-energy minerals,No rating,Precious metals,-3.2608695652173942,3.4883720930232593,12.65822784810126,-19.090909090909097,-44.375,3.451043338683851,0.08592724410664923,0.08879550677605216,0.08772906295682728,0.09269781712999967,0.08985714285714286,0.08718333333333338,21130.468999999997,AUD
AAM,AuMega Metals Ltd,0.04,AUD,0,508999,0.7162006452009607,58220287,AUD,Non-energy minerals,No rating,Precious metals,2.5641025641025665,0,8.108108108108116,0,8.108108108108116,4.464285714285664,0.03725375519753059,0.03889585091096574,0.036180507343212674,0.037488205207208566,0.04000000000000007,0.03508333333333348,20359.96,AUD
OSL,OncoSil Medical Ltd,1.165,AUD,-2.9166666666666603,179124,0.7086316064318197,39230907,AUD,Health technology,Strong buy,Medical specialties,20.792802250341914,-3.719008264462804,-22.333333333333332,111.81818181818181,76.51515151515152,10.496627835683672,1.2122139599971147,1.2302175579578627,1.0612471648733643,0.979970732205865,1.2485714285714287,0.9418333333333333,208679.46,AUD
AAJ,Aruma Resources Limited,0.006,AUD,0,2906285,0.7056270912865902,4473801,AUD,Non-energy minerals,No rating,Precious metals,-62.5,-14.285714285714286,-33.33333333333333,-57.142857142857146,-59.99999999999999,9.523809523809499,0.007192622275160565,0.006452014981489459,0.008809406405551432,0.012047316222250009,0.006285714285714286,0.009700000000000005,17437.71,AUD
EVG,Evion Group NL,0.023,AUD,0,919223,0.7053466037282835,20050183,AUD,Process industries,No rating,Chemicals: agricultural,-20.6896551724138,0,-14.814814814814817,-48.888888888888886,-17.85714285714286,8.38509316770182,0.025236596028275392,0.024064852672316776,0.02898781194873337,0.030677411130085496,0.024571428571428595,0.033216666666666665,21142.129,AUD
EQU,Equus Energy Limited,0.315,AUD,-1.5625000000000013,131654,0.7008132167280869,42289065,AUD,Non-energy minerals,No rating,Other metals/Minerals,-3.0769230769230798,3.278688524590167,-5.970149253731348,-17.105263157894736,-28.40909090909091,7.664399092970518,0.31411994626484335,0.3124055985318609,0.3286683652797854,,0.31100000000000033,0.33223333333333344,41471.01,AUD
GTN,GTN Ltd.,0.19,AUD,5.555555555555561,46506,0.6952650337272162,36226502,AUD,Commercial services,No rating,Miscellaneous commercial services,-34.48275862068965,0,-11.627906976744184,-15.555555555555557,-24,2.6315789473684967,0.19534549706343848,0.19056204447460062,0.20476185077802458,0.2829871946720973,0.18928571428571409,0.20481666666666679,8836.14,AUD
MAY,Melbana Energy Limited,0.005,AUD,0,1219437,0.6949560792991837,18909843,AUD,Energy minerals,No rating,Oil & gas production,-44.444444444444436,25,25,-28.571428571428573,-44.444444444444436,10.000000000000078,0.0045617543738921944,0.004667268241097767,0.004947077170954438,0.009053797971876252,0.004571428571428572,0.004983333333333343,6097.185,AUD
TSK,Tusker Minerals Ltd,0.073,AUD,0,60000,0.6938036396938938,7793281,AUD,Non-energy minerals,No rating,Other metals/Minerals,-36.52173913043479,-1.3513513513513526,-17.97752808988764,-30.476190476190478,-27.00000000000001,5.185909980430522,0.07965538172534946,0.0758782261642831,0.0856899135011515,0.11377589754921441,0.07514285714285705,0.08976666666666674,4380,AUD
NSM,"North Stawell Minerals, Ltd.",0.02,AUD,0,50127,0.6889296007322636,7477425,AUD,Non-energy minerals,No rating,Precious metals,-39.39393939393939,-4.761904761904765,-9.090909090909085,-13.043478260869563,-31.034482758620694,1.7857142857142552,0.021811730164729825,0.02052958481771472,0.024406058660182,0.029755692651041072,0.020142857142857098,0.0257,1002.5400000000001,AUD
AVE,Avecho Biotechnology Limited,0.019,AUD,0,2816287,0.6881458024537179,77274515,AUD,Health technology,Strong buy,Pharmaceuticals: major,111.11111111111111,-13.636363636363635,-13.636363636363635,46.15384615384615,111.11111111111111,7.14285714285717,0.02024433196277031,0.019983102921515578,0.01888478473130007,0.013119704358159706,0.020142857142857164,0.0180666666666667,53509.453,AUD
JNO,Juno Minerals Ltd.,0.026,AUD,0,8000,0.6824715707936291,5440163,AUD,Non-energy minerals,No rating,Steel,-23.52941176470589,0,0,-7.1428571428571495,-25.714285714285726,0.5494505494506015,0.02606432408323775,0.025820954903516057,0.027074799979662972,0.02935935591158833,0.02585714285714286,0.026983333333333318,208,AUD
NMT,Neometals Ltd,0.022,AUD,-4.347826086956526,755609,0.6819092690635181,21021538,AUD,Non-energy minerals,No rating,Steel,-65.27859430073377,-15.384615384615387,0,-37.14285714285715,-62.96383586918827,8.116883116883152,0.022980426588662135,0.023505313213967857,0.024992865438902827,0.0421255529138308,0.024428571428571442,0.024533333333333386,16623.397999999997,AUD
PKD,Parkd Ltd.,0.032,AUD,-5.8823529411764754,105000,0.6775950924046108,5077924,AUD,Industrial services,No rating,Engineering & construction,0,-3.030303030303033,3.225806451612906,-3.030303030303033,0,4.017857142857133,0.031779567117536885,0.03224376648322566,0.03157438277572595,0.031593263968748925,0.032571428571428564,0.032016666666666665,3360,AUD
SSG,Shaver Shop Group Limited,1.51,AUD,0.6666666666666672,61501,0.6760075096068447,193898498,AUD,Retail trade,No rating,Specialty stores,1.342281879194632,1.342281879194632,5.5944055944055995,15.267175572519081,-1.3071895424836613,2.634815515610087,1.452386917290378,1.4765377508518307,1.4129929372246763,1.397233299769854,1.4814285714285738,1.3779999999999997,92866.51,AUD
CIN,Carlton Investments Ltd,35.85,AUD,0,751,0.6757243116789634,944353530,AUD,Miscellaneous,No rating,Investment trusts,3.61271676300578,0.9574767671078666,6.0964782480023745,6.696428571428571,-0.41666666666666274,0.46622833233709693,34.73789825918112,35.29271718687194,34.29936388373189,34.340452758747766,35.53428571428574,33.82016666666664,26923.350000000002,AUD
SPG,SPC Global Holdings Ltd,0.081,AUD,-4.70588235294118,787421,0.6749569698548973,98964561,AUD,Consumer non-durables,Buy,Food: specialty/candy,-79.34448736115957,-11.956521739130432,-17.346938775510207,-26.363636363636363,-76.08309053241166,6.437389770724216,0.09205349089622764,0.08892157072128498,0.1085720555052,0.2349719716297391,0.08971428571428684,0.09731666666666523,63781.101,AUD
IRE,IRESS Limited,6.72,AUD,-3.862660944206015,968119,0.6746340351173539,1456645373,AUD,Technology services,Buy,Packaged software,-19.809069212410513,-10.51930758988016,1.6641452344931835,15.862068965517242,-6.276150627615065,3.826530612244911,7.134325948465423,7.302763789830019,6.8042226155227254,7.177430718833501,7.504285714285712,6.510500000000004,6505759.68,AUD
HLS,Healius Limited,0.472,AUD,3.736263736263727,2091629,0.6744845944675677,290462333,AUD,Health services,Sell,Medical/Nursing services,-47.84530386740332,15.121951219512196,19.493670886075936,27.56756756756756,-37.48344370860928,5.190677966102782,0.40866314585035574,0.4284470282015097,0.40153815300774226,0.5818974476007226,0.4295714285714289,0.3756166666666664,987248.8879999999,AUD
HMY,Harmoney Corp Ltd,0.76,AUD,-1.2987012987012998,8611,0.6719364504650727,78799679,AUD,Finance,Strong buy,Finance/Rental/Leasing,-16.483516483516485,0,5.555555555555561,2.7027027027027053,-3.797468354430383,2.4906015037594247,0.762979384807267,0.7619468122723592,0.7688084781774804,0.7761244680743362,0.7592857142857135,0.7759000000000007,6544.36,AUD
JLL,Jindalee Lithium Limited,0.355,AUD,4.41176470588234,93456,0.6718808075855469,42921084,AUD,Non-energy minerals,Strong buy,Other metals/Minerals,-34.63128351953566,7.575757575757565,4.41176470588234,-10.12658227848102,-33.40943915385044,4.265593561368142,0.33562647364216197,0.33773165957456924,0.3573509380616914,0.44014789772773844,0.33928571428571486,0.35703333333333315,33176.88,AUD
NGS,Nutritional Growth Solutions Ltd.,0.02,AUD,0,1515109,0.6710798545735063,6661864,AUD,Health technology,No rating,Pharmaceuticals: other,-4.761904761904765,0,-9.090909090909085,-9.090909090909085,0,1.428571428571321,0.02047208271234589,0.02024100927850949,0.020468064011112633,0.031190899221966266,0.020000000000000007,0.020000000000000063,30302.18,AUD
ABX,ABx Group Limited,0.043,AUD,2.3809523809523663,189254,0.669853343267364,15746553,AUD,Non-energy minerals,No rating,Other metals/Minerals,-41.09589041095891,2.3809523809523663,-2.2727272727272747,-25.862068965517253,-36.76470588235295,2.49169435215966,0.043450029935675476,0.04307452516202776,0.046389232103913464,0.05716823388701776,0.04314285714285715,0.04688333333333332,8137.922,AUD
SB2,Salter Brothers Emerging Companies Ltd.,0.6,AUD,1.6949152542372898,20588,0.6648131464313277,49606992,AUD,Finance,No rating,Financial conglomerates,-16.666666666666668,3.448275862068969,2.5641025641025665,5.263157894736847,-18.032786885245905,1.5119047619048809,0.5871706730875496,0.5910678062128359,0.5864891281443783,0.6473127494566498,0.5885714285714286,0.5719166666666664,12352.8,AUD
CYG,Coventry Group Limited,0.36,AUD,1.4084507042253533,17360,0.6641112156754733,49368378,AUD,Distribution services,No rating,Wholesale distributors,-40,4.347826086956526,1.4084507042253533,-2.7027027027027053,-23.404255319148934,1.4682539682536129,0.355388223046797,0.35702415647445784,0.35299894161679884,0.47034880934280693,0.3542857142857141,0.33681666666666654,6249.599999999999,AUD
PIM,Pinnacle Minerals Limited,0.036,AUD,0,92367,0.6635469774478653,4156683,AUD,Non-energy minerals,No rating,Other metals/Minerals,-30.769230769230774,2.8571428571428394,-26.530612244897966,-20.000000000000004,-20.000000000000004,1.388888888888794,0.04006085249459826,0.03754632464503695,0.042420432659328856,0.055428043601781975,0.03628571428571429,0.04269999999999982,3325.2119999999995,AUD
DGR,DGR Global Limited,0.034,AUD,0,440000,0.6626189683414211,36529362,AUD,Non-energy minerals,No rating,Other metals/Minerals,-14.999999999999996,-2.8571428571428594,21.428571428571434,25.925925925925938,25.925925925925938,3.5714285714286995,0.03290537174826791,0.03400485337568279,0.03105359044275951,0.027503515093526828,0.03428571428571431,0.02936666666666666,14960.000000000002,AUD
ACL,Australian Clinical Labs Ltd,2.825,AUD,4.62962962962963,661172,0.6606864615194293,438319590,AUD,Health services,Neutral,Medical/Nursing services,4.243542435424362,18.69747899159665,17.219917012448132,47.90575916230368,30.184331797235036,3.388116308469738,2.4264313049018664,2.5104785107825403,2.315354299409126,2.339371120630321,2.4750000000000005,2.2586666666666657,1867810.9000000001,AUD
CTP,Central Petroleum Limited,0.062,AUD,0,393586,0.6596937108806302,46671362,AUD,Energy minerals,No rating,Oil & gas production,0,-3.1250000000000027,-6.060606060606066,-8.823529411764714,-18.421052631578945,4.493087557603834,0.0647797946964653,0.06374255181966228,0.06579939497890307,0.06810564936623269,0.06285714285714275,0.06466666666666666,24402.332,AUD
AQN,Aquirian Limited,0.44,AUD,1.1494252873563229,91248,0.6552235204908144,54778863,AUD,Commercial services,Strong buy,Miscellaneous commercial services,3.529411764705886,6.024096385542174,12.820512820512818,9.999999999999995,7.317073170731714,3.5876623376623016,0.4118508972988564,0.42503831416270427,0.4078572920631393,0.39776104248999233,0.4285714285714288,0.40699999999999975,40149.12,AUD
FFI,F.F.I. Holdings Ltd.,4.55,AUD,4.1189931350114355,2988,0.6539008644271803,59372575,AUD,Consumer non-durables,No rating,Food: specialty/candy,-5.797101449275368,6.308411214953261,5.568445475638057,0.8869179600886926,4.118993135011435,1.3108320251178411,4.356464215553226,4.372894038965085,4.425774145536476,4.43995516967499,4.365714285714284,4.4990833333333295,13595.4,AUD
TRM,Truscott Mining Corporation Ltd,0.043,AUD,7.4999999999999885,23108,0.6495171064614419,8783542,AUD,Non-energy minerals,No rating,Precious metals,-42.66666666666667,-4.444444444444448,-10.416666666666675,-44.871794871794876,-50,1.6611295681060259,0.04881674749098255,0.04435302435917235,0.05931012707223906,0.06566898194419173,0.04400000000000004,0.06865000000000003,993.6439999999999,AUD
BSX,Blackstone Minerals Ltd,0.036,AUD,-5.263157894736847,590627,0.6482507195352838,66540238,AUD,Non-energy minerals,No rating,Precious metals,-34.545454545454554,-14.285714285714297,-14.285714285714297,-28.00000000000001,-23.40425531914894,4.960317460317385,0.03997190535037652,0.03914977101620702,0.04097693010888127,0.04653631518762967,0.03942857142857142,0.04111666666666658,21262.572,AUD
LEX,Lefroy Exploration Ltd.,0.135,AUD,0,117374,0.6478344620513415,35708342,AUD,Non-energy minerals,No rating,Precious metals,-52.63157894736841,3.8461538461538494,22.727272727272734,8.000000000000007,-43.74999999999999,4.179894179894396,0.12314821496461685,0.12821289790328877,0.12561395538574432,0.15752344807384322,0.12928571428571425,0.11978333333333331,15845.490000000002,AUD
HSN,Hansen Technologies Limited,4.28,AUD,1.1820330969267097,205125,0.6460078525580967,888829297,AUD,Technology services,Strong buy,Information technology services,-18.939393939393938,-3.820224719101122,2.8846153846153872,-11.57024793388429,-17.214700193423592,2.8538050734312046,4.302768315348173,4.3158945999694405,4.3632066503423825,4.795154164105657,4.3357142857143005,4.37066666666668,877935,AUD
OLY,Olympio Metals Limited,0.037,AUD,2.7777777777777803,42688,0.6415321750447471,6825559,AUD,Non-energy minerals,No rating,Precious metals,-22.91666666666667,-9.756097560975618,-22.91666666666667,-26.000000000000007,-45.58823529411765,3.2818532818531,0.03987196265340427,0.03811505464334365,0.04315624816262474,0.0571170316532522,0.03785714285714289,0.04334999999999997,1579.456,AUD
PNV,Polynovo Limited,1.085,AUD,7.425742574257422,1634635,0.6400094437154364,666663494,AUD,Health technology,Buy,Biotechnology,-13.545816733067724,14.814814814814817,6.896551724137938,1.4018691588784955,10.714285714285714,3.851217906517459,0.9451009407805027,0.9718891925444653,0.9592320253086329,1.0679689057011028,0.9778571428571426,0.9835833333333335,1773578.9749999999,AUD
EZZ,EZZ Life Science Holdings Ltd.,0.47,AUD,1.0752688172042901,7474,0.6393826885896624,21875087,AUD,Distribution services,No rating,Medical distributors,-66.54804270462634,-1.0526315789473695,-4.081632653061228,-24.800000000000004,-71.16564417177914,2.2796352583586783,0.4736176828252074,0.47128122737436484,0.5143255217637357,1.0436876169811298,0.46999999999999975,0.4987833333333373,3512.7799999999997,AUD
DSK,Dusk Group Ltd.,0.7,AUD,2.1897810218977956,36293,0.6388409225726844,44210182,AUD,Retail trade,Strong buy,Specialty stores,-9.090909090909099,2.189781021897796,-9.090909090909099,-4.761904761904766,-28.205128205128208,2.2653061224491924,0.6981825532569554,0.6916746413649711,0.7189410390725322,0.7906577221393787,0.6895714285714266,0.7258499999999982,25405.1,AUD
RCM,Rapid Critical Metals Limited,0.035,AUD,0,1811526,0.6377391764823045,35880805,AUD,Non-energy minerals,No rating,Other metals/Minerals,-48.529411764705884,16.666666666666682,16.666666666666682,-7.894736842105253,-32.692307692307686,5.510204081632644,0.031201591300110073,0.031843803354471206,0.03242721090329783,0.15116288558868926,0.03142857142857144,0.03274999999999999,63403.41,AUD
NC6,Nanollose Ltd,0.078,AUD,0,100000,0.6351694600360908,31898442,AUD,Health technology,No rating,Biotechnology,59.18367346938775,5.405405405405411,5.405405405405411,2.6315789473684235,9.859154929577475,3.7545787545787244,0.07279607991002009,0.07479242549653664,0.07077132956161364,0.06550319564544002,0.07442857142857141,0.0700666666666667,7800,AUD
A4N,Alpha HPA Limited,0.557,AUD,4.1121495327102835,3518147,0.6350316664135731,747726606,AUD,Non-energy minerals,Strong buy,Other metals/Minerals,-27.189542483660126,4.1121495327102835,-0.5357142857142861,-11.58730158730158,-18.08823529411765,5.3347012054372875,0.5341912973822531,0.526743068027145,0.5809936502994388,0.6736745443503694,0.5238571428571429,0.6355333333333328,1959607.8790000002,AUD
CDR,Codrus Minerals Ltd.,0.033,AUD,3.1250000000000027,1723792,0.6350243215296532,8269375,AUD,Non-energy minerals,No rating,Precious metals,94.11764705882352,3.1250000000000027,37.50000000000001,37.50000000000001,-5.714285714285719,9.523809523809636,0.029898188325785186,0.03196864725785987,0.02709753162752308,0.027395053246515925,0.03228571428571429,0.025649999999999996,56885.136000000006,AUD
HM1,Hearts and Minds Investments Ltd,2.99,AUD,-1.644736842105257,134864,0.6316335715978459,700684920,AUD,Miscellaneous,No rating,Investment trusts,-5.974842767295595,0.673400673400674,0.673400673400674,7.1684587813620135,-1.9672131147540857,1.528905876731878,2.9819078277498345,3.0046193331676245,2.9444000691811034,2.9624512783908106,3.014285714285708,2.9239999999999884,403243.36000000004,AUD
MRZ,Mont Royal Resources Ltd.,0.096,AUD,-1.0309278350515472,190823,0.6291733763810154,18671829,AUD,Non-energy minerals,No rating,Precious metals,-66.3157894736842,0,-23.2,-50.76923076923077,-53.17073170731707,5.654761904761637,0.10446457333175506,0.09934295825687454,0.1260073076298683,0.21246845025943095,0.10042857142857144,0.14128333333333334,18319.008,AUD
PLC,Plc Resources Limited,0.007,AUD,-12.5,1072810,0.6216288192036536,9387933,AUD,Non-energy minerals,No rating,Other metals/Minerals,16.666666666666668,-12.5,-12.5,-30,-36.36363636363636,9.183673469387719,0.007859704431532694,0.007730585949085845,0.00820411335150536,0.009344995444185468,0.0077142857142857135,0.00825000000000001,7509.67,AUD
HPG,hipages Group Holdings Ltd.,0.78,AUD,-3.105590062111804,20882,0.6174945959612387,109935540,AUD,Technology services,Strong buy,Packaged software,-37.096774193548384,4.0000000000000036,6.122448979591842,7.586206896551731,-19.170984455958543,2.747252747251926,0.7577527500192999,0.7704202413060282,0.7511735059625956,0.8705850927884615,0.7749999999999995,0.7437000000000008,16287.960000000001,AUD
NES,Nelson Resources Ltd.,0.003,AUD,0,1437729,0.6115094067491618,8354068,AUD,Non-energy minerals,No rating,Precious metals,-25,0,-25,-25,-40,4.76190476190501,0.00321028874037724,0.0030913299649963422,0.003503582579797849,0.004102199274708726,0.0031428571428571404,0.0037166666666666797,4313.187,AUD
RDS,Redstone Resources Limited,0.003,AUD,0,660145,0.6112521620610599,3914945,AUD,Non-energy minerals,No rating,Other metals/Minerals,0,0,-25,0,-25,2.380952380952519,0.0029931471477766666,0.002999661297446281,0.002980893970933123,0.003305877094916181,0.0029999999999999944,0.0029666666666666743,1980.435,AUD
EWC,Energy World Corporation Ltd,0.071,AUD,2.8985507246376634,1628459,0.6076219161478554,250470318,AUD,Utilities,No rating,Electric utilities,20.338983050847453,10.93749999999999,26.785714285714274,65.11627906976744,102.85714285714282,4.627766599597579,0.062201732742244234,0.06517264522651359,0.05790970486138218,0.04879128985217051,0.06528571428571428,0.05719999999999999,115620.58899999999,AUD
M24,Mamba Exploration Ltd.,0.016,AUD,0,167769,0.607411719853977,7800514,AUD,Non-energy minerals,No rating,Precious metals,-5.8823529411764754,-11.111111111111104,-11.111111111111104,-20,-42.857142857142854,2.6785714285714435,0.017316872670022503,0.01708570391562532,0.018225697986588834,0.019923809151181016,0.017142857142857144,0.018633333333333345,2684.304,AUD
VTM,Victory Metals Limited,1.71,AUD,4.268292682926833,90739,0.6045518445230623,218734166,AUD,Non-energy minerals,No rating,Precious metals,43.69747899159664,6.874999999999992,22.580645161290317,32.558139534883715,43.69747899159664,4.9081035923142435,1.5842862805763722,1.6430629463875734,1.5476665827887983,1.405870961894172,1.6692857142857143,1.5357499999999995,155163.69,AUD
RG8,Regal Asian Investments Limited,2.79,AUD,0.3597122302158357,48317,0.6045163881406339,347381021.12,AUD,Miscellaneous,No rating,Investment trusts,7.307692307692305,6.083650190114074,1.454545454545456,-1.760563380281684,-4.778156996587034,1.382488479262391,2.6523234598279233,2.6717052789946263,2.6941800768633444,2.6588919248433913,2.6600000000000006,2.7395000000000027,134804.43,AUD
AU1,Agency Group Australia Ltd,0.029,AUD,-9.374999999999996,298296,0.6005088792155715,14066452,AUD,Finance,No rating,Real estate development,11.538461538461549,-12.121212121212121,7.407407407407414,-6.451612903225802,7.407407407407414,6.65024630541872,0.02916212557114272,0.029767588075424768,0.028723705685666633,0.02667995943682814,0.031428571428571424,0.028883333333333313,8650.584,AUD
BOE,Boss Energy Limited,1.597,AUD,5.065789473684208,3697733,0.5969830482834809,602004239,AUD,Non-energy minerals,Buy,Other metals/Minerals,9.010238907849821,13.66548042704626,27.250996015936266,28.790322580645157,-5.502958579881655,4.173002951963564,1.3885484962417236,1.4672699338255732,1.3303294660164013,1.5846498628506227,1.494571428571429,1.2636166666666675,5905279.601,AUD
BTI,Bailador Technology Investments Ltd,1.015,AUD,-5.140186915887865,55792,0.5955835100057432,162536775,AUD,Miscellaneous,No rating,Investment trusts,-15.767634854771797,-3.333333333333347,-0.975609756097562,6.842105263157889,-10.964912280701755,1.4074595355380204,1.039743739657456,1.0496713150210744,1.012865672238403,1.050122543642659,1.0542857142857143,0.98575,56628.88,AUD
DGH,Desane Group Holdings Ltd,0.78,AUD,-8.235294117647053,3762,0.5950742656479856,31909790,AUD,Finance,No rating,Real estate development,-7.142857142857137,-6.02409638554216,-2.500000000000002,-2.500000000000002,-8.235294117647053,1.0531135531133415,0.8097132394994082,0.8080373115291923,0.8341941249173368,0.9021261434812187,0.8092857142857143,0.866333333333334,2934.36,AUD
AAU,Antilles Gold Ltd,0.007,AUD,0,1214285,0.5942955535885225,22953654,AUD,Non-energy minerals,No rating,Precious metals,-22.222222222222214,0,0,-30,-41.666666666666664,9.183673469387768,0.006829524565380866,0.0068261209097957,0.007723055674826287,0.009438624002055685,0.006857142857142856,0.008066666666666675,8499.995,AUD
SP8,StreamPlay Studios Limited,0.008,AUD,0,420687,0.5895529447376885,10650036,AUD,Technology services,No rating,Packaged software,-20,0,0,-11.111111111111104,-11.111111111111104,3.571428571428454,0.008410936112908239,0.008230361168799253,0.0087733518290005,0.009307176229396944,0.008142857142857144,0.009150000000000007,3365.496,AUD
SIO,Simonds Group Ltd.,0.145,AUD,-12.121212121212132,38273,0.5864057082358494,52186431,AUD,Industrial services,No rating,Engineering & construction,3.5714285714285543,-6.451612903225812,7.407407407407393,3.5714285714285543,0,3.2512315270936427,0.14972746857022767,0.15370588278367062,0.14471362007640728,0.1546104345847978,0.1557142857142859,0.14036666666666703,5549.585,AUD
PFG,Prime Financial Group Limited,0.22,AUD,0,111000,0.5824521339786836,55613490,AUD,Finance,No rating,Investment managers,-6.38297872340425,0,0,-2.222222222222224,-15.384615384615387,1.5584415584414284,0.21721418777020607,0.21790952218090268,0.21775414336635462,0.22428287919453177,0.21857142857142847,0.21823333333333342,24420,AUD
ZGL,Zicom Group Limited,0.125,AUD,8.69565217391304,50000,0.5778422906592949,24791723,AUD,Producer manufacturing,No rating,Industrial machinery,-21.875000000000004,-3.8461538461538494,4.1666666666666705,8.69565217391304,-19.35483870967742,3.4285714285713587,0.12159558840137277,0.12144549432523605,0.12119076032848845,0.12161432101499253,0.12285714285714289,0.11560000000000023,6250,AUD
ZMI,Zinc of Ireland Limited,0.02,AUD,-9.090909090909085,924722,0.5775707031029931,28270236,AUD,Non-energy minerals,No rating,Other metals/Minerals,100,11.111111111111121,42.857142857142854,25,53.846153846153854,7.142857142857159,0.018422352773649755,0.019903045979291226,0.017046918286250694,0.014855644322261902,0.02028571428571429,0.016250000000000007,18494.44,AUD
LM8,Lunnon Metals Limited,0.295,AUD,-4.8387096774193585,140401,0.5764515472112097,68118379,AUD,Non-energy minerals,Strong buy,Other metals/Minerals,-11.940298507462696,-3.278688524590167,-1.6666666666666683,-19.178082191780824,-28.91566265060241,3.8740920096852767,0.3024610234033089,0.3022635721782897,0.3139633820457274,0.3323444917373014,0.3050000000000001,0.3207499999999998,41418.295,AUD
CBE,Cobre Limited,0.355,AUD,4.41176470588234,2679170,0.5764042599488399,386612960,AUD,Non-energy minerals,Strong buy,Other metals/Minerals,255,10.937499999999991,36.538461538461526,41.99999999999999,97.22222222222223,5.875251509054309,0.3074321712803739,0.32541875500037654,0.29112742605228153,0.21309215834283063,0.33071428571428557,0.30099999999999993,951105.35,AUD
BOT,Botanix Pharmaceuticals Limited,0.021,AUD,0,3385921,0.5741906766555791,60205481,AUD,Health technology,Strong buy,Pharmaceuticals: major,-83.84615384615384,-8.695652173913038,-19.230769230769223,-24.999999999999996,-66.66666666666666,7.482993197278528,0.021956657574049004,0.02170769975678519,0.023665065396803853,0.07097780614136506,0.022,0.022250000000000006,71104.341,AUD
RLF,RLF AgTech Ltd,0.031,AUD,3.3333333333333366,1533151,0.5736092906723292,16667368,AUD,Process industries,No rating,Agricultural commodities/Milling,-53.73134328358209,6.896551724137925,-26.190476190476197,-40.38461538461538,-46.55172413793103,10.138248847926521,0.03269289880339572,0.031136018721977188,0.037856347700042675,0.05104913346981872,0.031000000000000017,0.03903333333333333,47527.681,AUD
LM1,Leeuwin Metals Ltd,0.185,AUD,0,42064,0.5724963831087436,24021983,AUD,Non-energy minerals,No rating,Other metals/Minerals,12.121212121212116,2.7777777777777803,0,0,0,2.81853281853293,0.18389210728225683,0.18284875466148665,0.1843077210737502,0.17414235403718012,0.18071428571428566,0.19053333333333333,7781.84,AUD
NOV,Novatti Group Ltd.,0.018,AUD,-5.263157894736847,359617,0.5650778296631723,12155719,AUD,Technology services,No rating,Packaged software,-41.935483870967744,5.882352941176455,12.49999999999999,-5.263157894736847,-33.333333333333336,6.349206349206256,0.017213467969856632,0.018146251961645335,0.016938980623386474,0.022654382673180394,0.018714285714285715,0.01564999999999991,6473.106,AUD
GRE,Greentech Metals Ltd.,0.062,AUD,-1.5873015873015885,396754,0.5636791946863666,23593687,AUD,Non-energy minerals,No rating,Other metals/Minerals,-46.08695652173913,10.714285714285712,3.3333333333333366,-19.48051948051948,-46.08695652173913,4.608294930875788,0.06039084408936764,0.060720813618911365,0.06398732167362343,0.07645678703670898,0.060857142857142874,0.0654666666666667,24598.748,AUD
MGU,Magnum Mining and Exploration Limited,0.008,AUD,0,8264000,0.56237816770102,25704300,AUD,Non-energy minerals,No rating,Other metals/Minerals,60,0,33.333333333333336,33.333333333333336,33.333333333333336,8.92857142857159,0.0072982409406640355,0.007916527737475523,0.006512064058027605,0.006263735805178864,0.008285714285714283,0.006016666666666669,66112,AUD
KAO,Kaoko Metals Limited,0.7,AUD,4.477611940298495,69600,0.5597244482974646,40612052,AUD,Non-energy minerals,No rating,Other metals/Minerals,81.8181818181818,12.903225806451607,34.6153846153846,48.93617021276596,81.8181818181818,4.642857142857171,0.5930973709345466,0.6388963551170903,0.5324993185186808,,0.6500000000000002,0.5084166666666666,48720,AUD
H3E,H3 Energy Limited,0.005,AUD,-16.666666666666664,1086595,0.5594939259925051,8044575.999999999,AUD,Energy minerals,No rating,Oil & gas production,-37.5,0,-28.571428571428573,-37.5,-37.5,4.285714285714257,0.006084592136066413,0.005705175028899577,0.006817447166211133,0.00764957479074405,0.00557142857142857,0.007183333333333343,5432.975,AUD
FID,Fiducian Group Ltd,8.65,AUD,-0.6888633754305452,24001,0.5593113300102304,272112908,AUD,Finance,No rating,Investment managers,-27.91666666666666,1.2880562060890073,1.1695906432748495,-4.840484048404835,-19.758812615955463,2.0189925681251406,8.554739736215883,8.587704348039487,8.603974685564593,9.495151765494835,8.595714285714282,8.548833333333333,207608.65,AUD
PPE,Peoplein Limited,0.69,AUD,0,20160,0.5561900978298654,75520255,AUD,Commercial services,Strong buy,Personnel services,-23.33333333333334,-1.42857142857143,0,27.77777777777776,-0.7194244604316553,2.049689440994816,0.6999987249966835,0.6977919611306836,0.686578227123045,0.6982122997762058,0.6978571428571465,0.6789166666666665,13910.4,AUD
COH,Cochlear Limited,139.11,AUD,5.988571428571439,223051,0.5502612896803712,8737295864,AUD,Health technology,Neutral,Medical specialties,-46.70114942528735,10.685868873329095,15.587868716244303,46.43157894736844,-29.74597242563506,2.8266428417386096,126.76981583144834,131.24357932966794,122.93060786291915,169.00838205812101,132.41285714285735,116.36483333333334,31028624.610000003,AUD
WAR,WAM Strategic Value Ltd,1.15,AUD,0,75336,0.5495199651042859,207144900,AUD,Miscellaneous,No rating,Investment trusts,0.4366812227074143,1.3215859030836918,4.545454545454529,0.8771929824561412,-2.5423728813559348,1.273291925465842,1.1307725135866928,1.1427688966925225,1.1188568301072828,1.1218799897252592,1.1450000000000002,1.1056666666666668,86636.4,AUD
KZR,Kalamazoo Resources Ltd.,0.155,AUD,-3.1250000000000027,515590,0.5481481938241126,61712502,AUD,Non-energy minerals,No rating,Precious metals,-22.500000000000004,-9.883720930232553,10.714285714285703,-3.1250000000000027,-8.823529411764714,7.41935483870963,0.1507607417365231,0.1580876196863743,0.14719146107553494,0.15224968646926185,0.16457142857142856,0.14613333333333325,79916.45,AUD
SHM,Shriro Holdings Ltd.,0.75,AUD,0,12882,0.5459376761413963,46679795,AUD,Consumer durables,No rating,Home furnishings,-4.458598726114653,-2.5974025974025996,2.040816326530614,2.040816326530614,-3.8461538461538494,1.2857142857144974,0.7462562977089323,0.7490140969543442,0.7431596376708512,0.7504984733303752,0.7464285714285699,0.736033333333334,9661.5,AUD
WA1,WA1 Resources Ltd,12.93,AUD,1.4913657770800588,107506,0.5451647598797358,930048251,AUD,Non-energy minerals,Strong buy,Other metals/Minerals,-33.52185089974293,2.052091554853984,14.424778761061935,-8.297872340425533,-19.888475836431233,4.463595182852774,12.274259092123561,12.641148957479038,12.388261157641805,14.23774862711393,12.942857142857141,12.288166666666692,1390052.58,AUD
SDF,Steadfast Group Limited,5.63,AUD,0.17793594306049443,2692124,0.5443904923223042,5895047900,AUD,Finance,Buy,Insurance brokers/Services,6.427221172022682,8.269230769230763,6.628787878787872,36.31961259079903,26.51685393258426,1.687388987566461,5.3043515410535695,5.3948219155023125,5.103675274737847,4.961769220985801,5.367142857142861,5.011999999999999,15156658.12,AUD
NGE,NGE Capital Ltd,1.31,AUD,0.3831417624521162,5908,0.5436542991755006,43888716,AUD,Finance,No rating,Financial conglomerates,2.343750000000002,0.7692307692307699,4.800000000000004,4.800000000000004,-3.676470588235297,0.7742639040350388,1.2630744627544122,1.2800995209999695,1.2640520703076914,1.2491412460316937,1.2828571428571427,1.2601166666666657,7739.4800000000005,AUD
FRX,FlexiRoam Ltd,0.023,AUD,4.545454545454549,447083,0.5408475818802517,33367796,AUD,Communications,No rating,Wireless telecommunications,4.545454545454549,4.545454545454549,0,14.999999999999996,0,7.142857142857268,0.022386698373435703,0.02284941099696976,0.02108552184840736,0.018020963028486693,0.022714285714285718,0.020116666666666658,10282.909,AUD
BUY,Bounty Oil & Gas NL,0.018,AUD,5.882352941176455,79000,0.5391475735629329,16741404,AUD,Energy minerals,No rating,Integrated oil,-80,0,-5.263157894736847,-40,-80,1.1904761904769297,0.019558183549568058,0.017908779339182036,0.03336225428583943,0.0651888399690792,0.017714285714285714,0.056183333333333293,1422,AUD
IRD,Iron Road Ltd,0.015,AUD,0,125200,0.5365257472363781,10082313,AUD,Non-energy minerals,No rating,Steel,-40.00000000000001,0,7.142857142857137,-6.250000000000005,-28.57142857142858,4.761904761904194,0.013230475654139514,0.013670496329037655,0.01402554310251144,0.02394815594002814,0.014142857142857136,0.013950000000000013,1878,AUD
GTE,Great Western Exploration Limited,0.009,AUD,0,300000,0.534147801901673,6998321,AUD,Non-energy minerals,No rating,Precious metals,-50,0,-10.000000000000009,-35.71428571428572,-52.631578947368425,4.761904761904288,0.0093191489480675,0.009127600329936937,0.010644005917458359,0.01510076174963643,0.009285714285714248,0.011083333333333355,2700,AUD
FUN,Fortuna Metals Limited,0.1,AUD,-4.761904761904753,100165,0.5338693790880324,38797530,AUD,Process industries,No rating,Chemicals: agricultural,21.951219512195124,19.047619047619047,-4.761904761904753,-13.043478260869565,9.8901098901099,4.785714285714282,0.09459967529467157,0.09470281648191559,0.09854117249047765,0.09792814713883737,0.09271428571428568,0.10455000000000024,10016.5,AUD
RPM,RPM Automotive Group Ltd.,0.014,AUD,-6.666666666666661,200745,0.5331447693410883,4086342,AUD,Distribution services,No rating,Wholesale distributors,-75,-12.5,-12.5,-26.31578947368421,-77.41935483870968,3.061224489796691,0.01601706884094568,0.015394244377987821,0.019208003040007506,0.03727889721276125,0.015571428571428568,0.019483333333333366,2810.43,AUD
LRV,Larvotto Resources Limited,1.245,AUD,5.06329113924051,1031566,0.5301209153366526,605032107,AUD,Non-energy minerals,Strong buy,Other metals/Minerals,6.410256410256426,-1.968503937007867,10.666666666666677,1.2195121951219614,-14.13793103448275,5.2495697074011245,1.2143258700284623,1.2248971092779675,1.2229778122918116,1.1812117518843452,1.238571428571429,1.2368333333333332,1284299.6700000002,AUD
EGY,Energy Technologies Limited,0.02,AUD,0,50589,0.527157648157256,12493980,AUD,Producer manufacturing,No rating,Electrical products,-4.761904761904765,0,-4.761904761904765,-23.076923076923073,5.263157894736847,2.499999999999742,0.020401858773694024,0.020067738799121295,0.02148476359741793,0.0287213198764596,0.02014285714285715,0.021400000000000072,1011.78,AUD
APZ,Aspen Group Limited,5.33,AUD,5.753968253968254,140102,0.526132172579404,1149710494,AUD,Finance,Strong buy,Real estate investment trusts,-6.654991243432572,6.175298804780887,9.22131147540984,11.974789915966394,-1.113172541743963,3.4843205574913596,5.131288893247443,5.1613981969398,5.077561521037323,4.9204269943614785,5.157142857142854,5.040833333333336,746743.66,AUD
UBN,Urbanise.com Ltd.,0.64,AUD,1.5873015873015885,5270,0.5260846127737749,50519310,AUD,Technology services,No rating,Packaged software,-11.111111111111107,-1.8404907975460139,-1.5384615384615399,-1.5384615384615399,-11.111111111111107,1.060267857142874,0.6444276044768078,0.6400996477927575,0.6561962456514465,0.6730830101991034,0.6400000000000016,0.6570833333333342,3372.8,AUD
ARR,American Rare Earths Ltd,0.355,AUD,0,330679,0.5257533759580465,195173614,AUD,Non-energy minerals,No rating,Other metals/Minerals,2.898550724637684,-1.3888888888888902,2.898550724637684,-16.47058823529412,-6.578947368421058,6.09657947686107,0.34801404235087896,0.3494214381792743,0.35232318832597437,0.36106273756276824,0.35214285714285704,0.35691666666666677,117391.045,AUD
D3E,D3 Energy Limited,0.355,AUD,1.42857142857143,23205,0.5233695027031172,53149670,AUD,Energy minerals,No rating,Integrated oil,-11.250000000000009,4.41176470588234,2.898550724637684,-6.578947368421058,2.898550724637684,4.225352112675998,0.33743142997738973,0.3403718432472341,0.3410543277484578,0.3474063038111064,0.33857142857142863,0.33783333333333326,8237.775,AUD
BBT,BETR Entertainment Limited,0.2,AUD,0,120213,0.5202897553387772,209261258,AUD,Consumer services,Strong buy,Movies/Entertainment,0,2.564102564102566,14.285714285714299,21.212121212121215,-25.925925925925927,7.142857142857062,0.18989245559773826,0.196082853128753,0.18383168933142158,0.20680700260548102,0.19928571428571415,0.17699999999999985,24042.600000000002,AUD
SS1,Sun Silver Ltd.,1.21,AUD,4.310344827586212,745034,0.5194145872149668,204253231,AUD,Non-energy minerals,Strong buy,Precious metals,-37.94871794871795,3.418803418803422,42.35294117647059,-1.6260162601626031,-36.81462140992167,4.250295159386065,1.0624325113088922,1.1254460649307043,1.050725001283646,1.2083937743984334,1.147857142857143,1.0069166666666678,901491.14,AUD
IVX,Invion Ltd.,0.039,AUD,2.6315789473684235,36025,0.518284919311563,4368025,AUD,Health technology,No rating,Pharmaceuticals: major,-59.7938144329897,2.6315789473684235,11.428571428571418,-24.999999999999996,-52.43902439024391,3.113553113553261,0.039755720707214344,0.03919366733357403,0.04331164024633401,0.07228814152755923,0.038714285714285736,0.0430166666666667,1404.975,AUD
MHJ,Michael Hill International Ltd.,0.345,AUD,0,85325,0.5154987968170479,134694904,AUD,Retail trade,Strong buy,Specialty stores,-2.8169014084507067,-1.42857142857143,0,4.5454545454545325,-15.853658536585368,2.380952380951951,0.34528069137935685,0.3475589617767786,0.3432750286885495,0.3663004089625967,0.34857142857143003,0.333583333333333,29437.124999999996,AUD
ING,Inghams Group Ltd.,2.235,AUD,1.5909090909090773,836324,0.5141325214006208,824011261,AUD,Process industries,Neutral,Agricultural commodities/Milling,-10.2409638554217,3.953488372093022,3.953488372093022,13.740458015267164,-9.146341463414638,3.419622882710075,2.1806850072050072,2.1906017559500794,2.1391482898206555,2.263396836468203,2.177857142857142,2.1194166666666647,1869184.14,AUD
ORP,Orpheus Uranium Limited,0.12,AUD,0,210990,0.5109852504745607,43927799,AUD,Non-energy minerals,No rating,Precious metals,139.99999999999997,9.090909090909086,19.99999999999999,73.91304347826085,84.6153846153846,4.464285714285641,0.10687619961901741,0.1124732461328904,0.09589207539343036,0.07205885384840749,0.11285714285714284,0.08970000000000002,25318.8,AUD
WQG,WCM Global Growth Ltd.,2.1,AUD,-0.47393364928908943,134865,0.5089640930577997,579816300,AUD,Miscellaneous,No rating,Investment trusts,5.708400618408248,1.9417475728155356,2.9411764705882377,12.903225806451612,12.473709270458038,1.7006802721087317,2.054502108737396,2.080923404150115,1.9971982233898098,1.9032732164189863,2.085714285714285,1.9682499999999998,283216.5,AUD
TOK,Tolu Minerals Limited,1.19,AUD,-6.666666666666663,36937,0.5088967726380326,358257056,AUD,Non-energy minerals,Strong buy,Precious metals,-11.19402985074628,-14.999999999999998,3.478260869565221,-14.999999999999998,-15.602836879432623,5.780312124849898,1.2447952101111954,1.2523753974725245,1.2735603589455504,1.2825747326809913,1.278571428571428,1.295450000000001,43955.03,AUD
PSL,Paterson Resources Limited,0.04,AUD,11.111111111111121,253735,0.5086768867815784,19880685,AUD,Non-energy minerals,No rating,Precious metals,21.21212121212121,17.647058823529406,17.647058823529406,-27.272727272727273,-2.4390243902439046,5.178571428571393,0.036022494622485184,0.036619388186666345,0.03774121725103588,0.036970532447185164,0.036,0.03943333333333332,10149.4,AUD
ESR,Estrella Resources Limited,0.028,AUD,3.703703703703707,1011986,0.5063600350714215,62511041,AUD,Non-energy minerals,No rating,Other metals/Minerals,-9.677419354838708,11.999999999999996,3.703703703703707,-20.000000000000007,-15.151515151515154,6.3775510204082275,0.025617630225661044,0.026303392462627483,0.025913329274035432,0.028833395382697784,0.02614285714285715,0.025450000000000004,28335.608,AUD
SKS,SKS Technologies Group Limited,9.21,AUD,-0.9677419354838694,221102,0.5045784776747153,1096022709,AUD,Electronic technology,Strong buy,Electronic equipment/Instruments,129.6758104738155,7.093023255813968,0.2176278563656295,18.22849807445444,116.7058823529412,6.906313013804868,8.652612166736825,8.950626543081096,8.380050818549599,6.373386925547929,9.038571428571428,8.624,2036349.4200000002,AUD
JBH,JB Hi-Fi Limited,72.86,AUD,1.688764829029998,375557,0.5043509954283594,8933679763,AUD,Retail trade,Neutral,Electronics/Appliance stores,-24.29343308395677,-13.013371537726844,-8.271433967014989,4.51872041314016,-18.281740690892775,3.0528214579820583,79.84346845601002,78.90222074907456,78.97802790112893,83.18478753933378,79.98714285714289,78.1491666666665,27363083.02,AUD
RAP,Raptor Metals Ltd,0.028,AUD,11.999999999999996,337976,0.5022467478699808,16576377.999999998,AUD,Non-energy minerals,No rating,Other metals/Minerals,11.999999999999996,-3.4482758620689684,-9.677419354838708,-36.36363636363636,-42.857142857142854,6.632653061224633,0.02885117493230306,0.027088009798994544,0.03369847196312272,0.04359692486721255,0.026285714285714263,0.03696666666666668,9463.328,AUD
SBZ,Schoolblazer Limited,0.16,AUD,-3.030303030303033,70248,0.5019431648399703,89790025,AUD,Finance,Strong buy,Financial conglomerates,-25.581395348837205,-5.8823529411764754,-15.789473684210526,-8.571428571428564,-20.000000000000004,5.357142857142713,0.17193219062190068,0.16860114156133513,0.17666669064643373,0.20119184036643034,0.1692857142857142,0.17599999999999985,11239.68,AUD
ALM,Alma Metals Limited Chess Depository Interests repr 1 Shs,0.012,AUD,0,684597,0.5011140430323139,26817977,AUD,Non-energy minerals,No rating,Other metals/Minerals,100,9.090909090909099,9.090909090909099,-19.999999999999996,-40,4.166666666666627,0.011789614000621482,0.011858805807737953,0.012223545790311275,0.011693852744101644,0.011857142857142853,0.012583333333333339,8215.164,AUD
NPM,NewPeak Metals Ltd.,0.015,AUD,15.384615384615385,697091,0.5002115755088465,5299207,AUD,Non-energy minerals,No rating,Precious metals,-34.78260869565218,7.142857142857137,0,7.142857142857137,-37.50000000000001,5.714285714285977,0.014221885035084019,0.013949567870522433,0.01490316812036218,0.017711662163069776,0.013857142857142873,0.014733333333333359,10456.365,AUD
CCG,Comms Group Ltd,0.088,AUD,2.3255813953488396,56446,0.4970920914044962,47246855,AUD,Technology services,No rating,Packaged software,29.411764705882337,4.761904761904749,0,25.714285714285698,35.38461538461537,1.2175324675324033,0.08397261246582244,0.08480168638214408,0.08096542063666255,0.07219690595824893,0.0845714285714287,0.07943333333333334,4967.248,AUD
M3M,M3 Mining Ltd.,0.023,AUD,-4.1666666666666705,40000,0.49700060137072766,4802524,AUD,Non-energy minerals,No rating,Precious metals,-14.814814814814817,-4.1666666666666705,-14.814814814814817,-11.538461538461537,-20.6896551724138,2.1739130434782474,0.024931989108320732,0.02427796908798517,0.026028229022557674,0.03166862758639876,0.02399999999999999,0.02583333333333339,920,AUD
EQT,EQT Holdings Ltd.,20.59,AUD,18.94858463316003,24756,0.4940005946525179,472898379,AUD,Finance,Buy,Investment managers,-14.029227557411271,17.321937321937316,10.580021482277115,12.513661202185787,-14.208333333333334,3.0250468327205295,17.78965216239302,18.112028999095262,17.719925220188436,20.56658757595429,18.018571428571423,17.247166666666672,509726.04,AUD
RML,Resolution Minerals Ltd.,0.041,AUD,-2.3809523809523827,8916134,0.49212302047235224,98158946,AUD,Non-energy minerals,Strong buy,Precious metals,-18,-6.8181818181818095,-16.3265306122449,-24.074074074074073,0,6.79442508710795,0.04319692181377883,0.04289892096195952,0.04523990984519011,0.04940179797963353,0.04399999999999999,0.04500000000000006,365561.494,AUD
COB,Cobalt Blue Holdings Ltd.,0.071,AUD,0,418690,0.49168940505570247,42884929,AUD,Non-energy minerals,No rating,Other metals/Minerals,-15.476190476190489,-1.3888888888888902,7.575757575757561,-21.111111111111114,-1.3888888888888902,5.734406438631852,0.07112459110913502,0.07229859742570652,0.07209001828562256,0.07901489271287772,0.07328571428571433,0.0715,29726.989999999998,AUD
CXO,Core Lithium Ltd,0.385,AUD,2.6666666666666687,12507914,0.4905335896204638,1149064589,AUD,Non-energy minerals,Buy,Other metals/Minerals,39.99999999999999,24.193548387096776,54,22.222222222222225,79.06976744186046,6.623376623376672,0.3069281987361869,0.34044050041671103,0.28694009965522327,0.2520967200071417,0.3528571428571428,0.27766666666666656,4815546.89,AUD
IBC,Ironbark Balanced Income Limited Registered,0.44,AUD,0,19564,0.4900973481033904,44162360,AUD,Miscellaneous,No rating,Investment trusts,0,0,2.325581395348839,1.1494252873563229,-1.1235955056179785,0.37337662337650296,0.43488055650062674,0.4386891730213144,0.4328152842160866,0.4371433143882483,0.4407142857142852,0.43199999999999966,8608.16,AUD
NTI,Neurotech International Ltd.,0.014,AUD,0,970256,0.4895860481580148,22624980,AUD,Health technology,No rating,Medical specialties,-6.666666666666662,-12.5,-22.222222222222214,16.666666666666668,0,7.653061224489901,0.01509466332010827,0.014408986007575985,0.01490930911107026,0.016021366872908012,0.013999999999999999,0.014550000000000002,13583.584,AUD
FHS,Freehill Mining Ltd.,0.001,AUD,0,1350000,0.48839623014547223,6099780,AUD,Non-energy minerals,No rating,Precious metals,-75,0,0,-50,-75,14.285714285713901,0.0011460868269096746,0.0010442632764738281,0.0014074013221898774,0.00279749585295589,0.000999999999999996,0.0014166666666666702,1350,AUD
SWP,Swoop Holdings Limited,0.084,AUD,-4.545454545454533,113028,0.4871667667338043,26129142,AUD,Electronic technology,No rating,Computer peripherals,-19.999999999999993,-4.545454545454534,-6.666666666666658,-19.999999999999993,-42.068965517241374,1.785714285714188,0.08690871091696724,0.08636121237014922,0.09216770989607306,0.11570656251242295,0.08700000000000004,0.09186666666666667,9494.352,AUD
3DP,Pointerra Ltd.,0.029,AUD,0,97357,0.48625085343749885,24560304,AUD,Technology services,No rating,Information technology services,-27.499999999999996,-3.333333333333325,-3.333333333333325,0,-39.58333333333333,4.187192118226584,0.029625063384462826,0.029738015381614007,0.02960797367481581,0.03587434387850856,0.030000000000000002,0.02918333333333333,2823.353,AUD
MEI,Meteoric Resources Limited,0.2,AUD,-2.4390243902438913,5264595,0.4839131760805514,581323739,AUD,Non-energy minerals,Strong buy,Precious metals,17.64705882352941,-2.4390243902438913,17.64705882352941,14.285714285714299,0,6.678571428571437,0.19297309243980032,0.19911548463947432,0.18374932059542476,0.1757594325578653,0.19928571428571432,0.17508333333333323,1052919,AUD
LKE,Lake Resources N.L.,0.047,AUD,-2.0833333333333353,7754267,0.48251752472677156,114008157,AUD,Non-energy minerals,No rating,Other metals/Minerals,-60.833333333333336,4.444444444444448,11.904761904761898,-36.486486486486484,-46.590909090909086,9.2705167173252,0.04597952115065052,0.04748822850765317,0.04990621406069381,0.0632899434110326,0.0494285714285715,0.04946666666666665,364450.549,AUD
SGLLV,Ricegrowers Ltd. Class B,14.09,AUD,0.14214641080312418,18958,0.4811455314224223,972946963,AUD,Distribution services,Strong buy,Wholesale distributors,-12.211838006230535,0.6428571428571418,2.1014492753623126,15.020408163265307,0,2.6437189496097186,13.88454935394042,13.93624302189316,13.701069628474157,13.732145376268052,13.868571428571444,13.558833333333334,267118.22,AUD
NAC,NAOS Ex-50 Opportunities Co. Ltd.,0.6,AUD,2.5641025641025665,18884,0.4804600040708325,27476820,AUD,Miscellaneous,No rating,Investment trusts,-13.669064748201436,7.142857142857129,7.142857142857129,4.347826086956526,-11.764705882352951,2.892857142857049,0.5630432255699838,0.5788287678364197,0.5574393386408204,0.5792327658383329,0.583571428571428,0.5524333333333341,11330.4,AUD
DYM,Dynamic Metals Limited,0.4,AUD,0,15665,0.4794684068120325,20990775,AUD,Non-energy minerals,No rating,Other metals/Minerals,-8.045977011494246,1.2658227848101276,-13.043478260869565,-31.03448275862068,-31.03448275862068,2.3214285714285436,0.44758652921730363,0.4197682586517465,0.4900825569677172,0.45710240185846435,0.41000000000000003,0.5192333333333334,6266,AUD
PR1,Pure Resources Limited,0.28,AUD,0,19088,0.47897099525495523,20037675,AUD,Non-energy minerals,No rating,Other metals/Minerals,40.00000000000001,3.703703703703707,-19.999999999999986,-48.62385321100917,1.8181818181818197,3.0612244897958356,0.3160981931942249,0.28745732949963193,0.3765161086996245,0.32783452238963123,0.2799999999999999,0.44450000000000023,5344.64,AUD
KSN,Kingston Resources Ltd.,0.035,AUD,6.060606060606066,839102,0.47637155052978153,40054366,AUD,Non-energy minerals,No rating,Precious metals,-73.07692307692308,9.375000000000009,0,-59.30232558139534,-68.18181818181819,5.102040816326829,0.03400857429937992,0.03331960738433782,0.043507017833810405,0.08055912814226845,0.03285714285714284,0.047549999999999995,29368.570000000003,AUD
DRO,DroneShield Limited,1.922,AUD,-1.9387755102040833,6974624,0.4747921634170922,1811217923,AUD,Electronic technology,Neutral,Aerospace & defense,-37.5974025974026,-11.428571428571429,-16.43478260869565,-34.625850340136054,-42.10843373493976,7.321242753084681,2.0650569414021196,2.009901171796909,2.3226594926703372,2.878830029179323,2.0274285714285694,2.4294499999999997,13405227.328,AUD
CNQ,Clean TeQ Water Ltd,0.8,AUD,14.285714285714299,81955,0.47176490904904445,69445246,AUD,Industrial services,No rating,Environmental services,102.53164556962025,45.45454545454545,90.4761904761905,88.23529411764707,135.2941176470588,6.83035714285718,0.5935954620135476,0.6708221220966903,0.525551548125574,0.4275496699446968,0.6871428571428569,0.5088166666666667,65564,AUD
GBR,Great Boulder Resources Ltd,0.078,AUD,1.2987012987012998,2045244,0.4717619350237806,143892622,AUD,Non-energy minerals,No rating,Precious metals,-13.33333333333333,6.849315068493158,14.705882352941169,-25.71428571428571,-37.6,5.128205128205275,0.07147040953466031,0.07374931006941521,0.07506166502039342,0.08458328388957652,0.07514285714285705,0.07633333333333332,159529.032,AUD
MSB,Mesoblast Limited,2.475,AUD,1.0204081632653024,1052994,0.4709378062035609,2868733552,AUD,Health technology,Strong buy,Biotechnology,-9.340659340659338,4.872881355932213,-5.17241379310344,20.731707317073187,0.20242914979756652,4.415584415584439,2.281801944228769,2.3445648390415483,2.2158817852920554,2.222100148044246,2.3835714285714293,2.158749999999999,2606160.15,AUD
ENL,Enlitic Inc Chess Depository intrests Repr 1 Shs,0.004,AUD,0,6184809,0.47044909940672824,28332716,AUD,Technology services,No rating,Packaged software,-78.94736842105263,0,-42.857142857142854,-50,-50,12.499999999999902,0.0049319497492221285,0.004267533742495292,0.006099411919061405,0.020566579102034126,0.0041428571428571434,0.00641666666666667,24739.236,AUD
CZR,CZR Resources Ltd,0.207,AUD,-3.720930232558143,137252,0.4680253810983927,50914056,AUD,Non-energy minerals,No rating,Other metals/Minerals,-52.95454545454545,-6.756756756756762,-5.9090909090909145,-17.200000000000003,-34.285714285714285,4.485852311939215,0.21635337784852093,0.21486735650140507,0.22078491684949283,0.2632198176088073,0.215285714285714,0.2162833333333333,28411.163999999997,AUD
GSS,Genetic Signatures Ltd.,0.059,AUD,0,105540,0.46740975103366905,13401191,AUD,Commercial services,No rating,Miscellaneous commercial services,-74.8936170212766,1.7241379310344722,-6.349206349206355,-26.250000000000007,-52.800000000000004,3.7530266343814427,0.05936648633586737,0.05843076217879632,0.06567977048710476,0.14889442633221175,0.05871428571428571,0.06478333333333348,6226.86,AUD
RC1,Redcastle Resources Limited,0.1,AUD,6.3829787234042605,34548,0.46727025338198813,13213857,AUD,Technology services,No rating,Packaged software,4.1666666666666705,6.3829787234042605,-19.999999999999996,-31.03448275862068,-44.44444444444444,3.4285714285713227,0.1027981096735854,0.09814085013855722,0.11489460598753558,0.1259548825139797,0.09557142857142856,0.11860000000000005,3454.8,AUD
PVT,Pivotal Metals Limited,0.015,AUD,0,562959,0.46592345222281534,19697587,AUD,Non-energy minerals,No rating,Other metals/Minerals,0,7.142857142857137,-6.250000000000005,0,-28.57142857142858,3.8095238095238,0.014538476818602642,0.01486736661254057,0.01413409991654041,0.014295683091448259,0.015,0.013616666666666678,8444.385,AUD
COS,Cosol Limited,0.23,AUD,2.222222222222224,49062,0.464743544202357,41857425,AUD,Technology services,No rating,Information technology services,-53.535353535353536,4.545454545454549,15,15,-46.51162790697674,1.4906832298135522,0.2148068481050542,0.22160401779485633,0.21275819140726254,0.32187827523636475,0.22214285714285723,0.20836666666666678,11284.26,AUD
AIM,Ai-Media Technologies Limited,0.205,AUD,-2.380952380952383,94356,0.46455272104238227,44143462,AUD,Technology services,Neutral,Packaged software,-74.53416149068323,-4.651162790697678,-2.380952380952383,-4.651162790697678,-62.727272727272734,5.052264808361604,0.2111770650534227,0.2114546702131853,0.2172048953462487,0.36286804172837556,0.21357142857142852,0.21359999999999948,19342.98,AUD
OZM,OzAurum Resources Ltd.,0.086,AUD,4.8780487804877914,114947,0.46364066849895896,24667160,AUD,Non-energy minerals,No rating,Precious metals,68.62745098039215,-3.370786516853936,2.3809523809523663,-1.1494252873563229,-21.818181818181824,3.8205980066445933,0.08480687839234781,0.08484798488178619,0.08541866462454044,0.0835230744052864,0.0854285714285715,0.08516666666666659,9885.442,AUD
STV,Swift TV Limited,0.006,AUD,0,1000001,0.4624129190641789,8620614,AUD,Technology services,No rating,Internet software/Services,-33.33333333333333,0,-14.285714285714286,-33.33333333333333,-40,2.3809523809524036,0.006408657988374655,0.0060009618254870285,0.007418517995149743,0.00955049902323258,0.005857142857142852,0.008066666666666672,6000.006,AUD
BAP,Bapcor Ltd,0.45,AUD,5.882352941176476,2348802,0.46088196069159787,285920055,AUD,Distribution services,Neutral,Wholesale distributors,-73.30010743324772,2.2727272727272747,9.756097560975618,20.000000000000004,-68.23633477005804,6.730158730159721,0.4291075307955555,0.43148577938612076,0.4463289468021544,1.0883414698942442,0.4278571428571404,0.4273333333333307,1056960.9000000001,AUD
RCR,Rincon Resources Ltd.,0.017,AUD,13.333333333333346,470870,0.45848610685928787,7833436,AUD,Non-energy minerals,No rating,Precious metals,13.333333333333346,30.769230769230784,21.428571428571434,-19.047619047619047,0,5.882352941176394,0.014911511565308398,0.015174365033989733,0.015432778284991004,0.01679909186263105,0.014857142857142857,0.016000000000000035,8004.790000000001,AUD
BTC,BTC Health Ltd Registered,0.06,AUD,0,10000,0.4571324084020937,21447240,AUD,Finance,No rating,Investment managers,-7.692307692307699,0,9.090909090909086,9.090909090909086,-13.043478260869575,0.7142857142856951,0.05685591195456572,0.05825925378661927,0.057183067387281905,0.05809133310408213,0.05828571428571429,0.058349999999999985,600,AUD
MYX,Mayne Pharma Group Ltd.,3.295,AUD,-0.15151515151514827,140500,0.4565895458217669,259986649,AUD,Health technology,Strong buy,Pharmaceuticals: major,5.608974358974353,-0.1515151515151483,12.842465753424658,43.88646288209606,23.87218045112781,4.433123780620003,3.0571641870807444,3.2003827721254368,2.847286817914045,3.1140363238033286,3.2592857142857063,2.699083333333335,462947.5,AUD
AEU,Atomic Eagle Ltd,0.48,AUD,5.4945054945054865,235741,0.45592942658617813,176989769,AUD,Non-energy minerals,Strong buy,Steel,23.076923076923066,9.090909090909086,33.333333333333336,23.076923076923066,17.07317073170732,6.69642857142849,0.43624976691674855,0.45304457841918205,0.4206369882910971,0.4399087836971623,0.45428571428571435,0.4135000000000001,113155.68,AUD
MYS,Mystate Limited,4.69,AUD,-1.6771488469601508,66852,0.4555577058841169,828236319,AUD,Finance,Buy,Regional banks,2.401746724890837,-4.285714285714285,-2.8985507246376745,4.222222222222231,0.8602150537634415,1.9798964361864075,4.828344086246343,4.815014267086852,4.759219909621025,4.568722843316801,4.811428571428567,4.695333333333334,313535.88,AUD
TOU,Tlou Energy Ltd,0.004,AUD,33.33333333333333,276904,0.4546400112566518,5194338,AUD,Energy minerals,No rating,Oil & gas production,-76.47058823529412,33.333333333333336,100,0,-50,7.142857142857048,0.0030862795586612804,0.003217937071692292,0.003958097353696936,0.01061708380491328,0.0032857142857142885,0.004016666666666695,1107.616,AUD
LED,LDR Capital Property Fund,0.505,AUD,-0.980392156862746,69759,0.4543642651972561,215711230,AUD,Finance,No rating,Real estate investment trusts,-21.09375,-5.607476635514024,2.020202020202022,3.0612244897959213,-9.009009009009016,3.2814710042434574,0.5156841393690675,0.519911959371394,0.5059317461542929,0.5463203423750358,0.5242857142857144,0.4917499999999997,35228.295,AUD
SGQ,St. George Mining Ltd.,0.089,AUD,-1.1111111111111123,8133737,0.45377233940766915,386023988,AUD,Non-energy minerals,Strong buy,Other metals/Minerals,-10.10101010101011,3.4883720930232593,4.705882352941164,-15.238095238095239,-15.238095238095239,6.179775280898758,0.0842229309628589,0.0854541835708646,0.09000125522671071,0.09627403487314225,0.08628571428571433,0.09363333333333336,723902.593,AUD
AT1,Atomo Diagnostics Ltd.,0.018,AUD,5.882352941176455,185400,0.45325441067392136,15341359,AUD,Health technology,No rating,Medical specialties,-52.631578947368425,0,5.882352941176455,-10.000000000000009,-55,4.761904761904538,0.017524072341600302,0.017641391002777645,0.018384281751362908,0.023896567899022576,0.017714285714285773,0.017699999999999848,3337.2,AUD
AMO,Ambertech Limited,0.08,AUD,-10.112359550561791,49164,0.4530333997408815,8491025,AUD,Distribution services,No rating,Electronics distributors,-46.666666666666664,-8.045977011494244,-12.087912087912084,-27.272727272727273,-42.85714285714286,4.821428571427436,0.09306897268521344,0.08779644196765315,0.10480526496442558,0.13811566993434418,0.08657142857142872,0.11010000000000013,3933.12,AUD
LUX,Lux Copper Corp. Ltd,0.32,AUD,0,113503,0.45277628296852235,37482865,AUD,Non-energy minerals,No rating,Other metals/Minerals,16.363636363636356,3.225806451612906,16.363636363636356,16.363636363636356,16.363636363636356,6.2499999999999885,0.3115178058524997,0.31681590564982326,,,0.3164285714285714,,36320.96,AUD
CLU,Cluey Ltd,0.01,AUD,-9.090909090909085,184416,0.45121159620848766,4517820,AUD,Technology services,No rating,Information technology services,-84.375,0,66.66666666666667,11.111111111111121,-82.75862068965516,7.857142857143981,0.009647074689863781,0.010108268597651836,0.01185796098157898,0.038074578494715135,0.010857142857142852,0.008633333333333337,1844.16,AUD
PGC,Paragon Care Limited,0.14,AUD,3.703703703703707,223817,0.4497454650091249,223466241,AUD,Distribution services,Buy,Medical distributors,-34.88372093023255,3.703703703703707,-3.4482758620689498,-3.4482758620689498,-31.70731707317072,4.285714285714606,0.13349739147261688,0.13357913323640577,0.13902429508244954,0.19347764292618758,0.13357142857142862,0.14089999999999997,31334.380000000005,AUD
WMA,WAM Alternative Assets Ltd,0.99,AUD,0,55153,0.448557374809282,193498060,AUD,Miscellaneous,No rating,Investment trusts,-2.46305418719211,1.020408163265307,0,1.5384615384615399,-3.883495145631071,1.2265512265511795,0.9880895836823586,0.9885298471759084,0.9857748265638965,0.9915234119727927,0.9878571428571429,0.9813333333333335,54601.47,AUD
ELS,Elsight Ltd.,6.76,AUD,-0.7342143906020533,577900,0.4481761348495993,1451902644,AUD,Technology services,Strong buy,Packaged software,115.97444089456869,-3.15186246418339,-6.111111111111117,14.96598639455782,83.69565217391302,6.24471682163986,6.695418859745567,6.717927071961775,6.791918072210526,5.417390201602486,6.811428571428576,7.107999999999998,3906604,AUD
HAV,Havilah Resources Limited,0.76,AUD,0.6622516556291397,89042,0.44709315637465,263709449,AUD,Non-energy minerals,No rating,Other metals/Minerals,29.914529914529922,-5.590062111801246,-1.9354838709677435,20.634920634920636,15.151515151515149,4.445488721804441,0.7800136994083936,0.7703446203405593,0.7570264065057096,0.6140630757226262,0.7671428571428576,0.746916666666667,67671.92,AUD
6KA,"6K Additive, Inc. Shs Chess Depository Interest Repr 1 Sh",0.745,AUD,-3.8709677419354875,31389,0.44677780244931425,207132383.025,AUD,Non-energy minerals,Strong buy,Other metals/Minerals,-16.759776536312852,-5.0955414012738895,7.971014492753632,-5.696202531645574,-16.759776536312852,4.7746883988495785,0.7423578895176365,0.7584790275300155,0.7370466483207042,,0.7728571428571425,0.7204166666666659,23384.805,AUD
ORD,Ordell Minerals Ltd,0.51,AUD,-4.672897196261686,48707,0.4442253531403222,40086221,AUD,Non-energy minerals,Strong buy,Precious metals,-13.5593220338983,-3.7735849056603805,2.0000000000000018,-26.086956521739122,-43.956043956043956,4.019607843137226,0.5230419324901889,0.5265541140095001,0.537840945756804,0.5857473085902476,0.5271428571428572,0.5246666666666666,24840.57,AUD
ALV,Alvo Minerals Limited,0.018,AUD,-5.263157894736847,297517,0.44384886728036144,5452731,AUD,Non-energy minerals,No rating,Other metals/Minerals,-77.5,-14.285714285714297,-21.739130434782613,-48.57142857142858,-56.09756097560976,3.174603174603398,0.019848892596064788,0.01882850482946764,0.02387173984930554,0.036547456819995855,0.019000000000000006,0.0270333333333333,5355.306,AUD
OIL,Optiscan Imaging Limited,0.165,AUD,0,152938,0.44373611311792094,177510030,AUD,Health technology,No rating,Medical specialties,65,-13.157894736842103,6.451612903225812,50.00000000000001,83.33333333333334,6.839826839826824,0.16434137351816694,0.17019724671827693,0.14991396114463246,0.12376607154871942,0.1778571428571428,0.14323333333333343,25234.77,AUD
EPI,Epiminder Ltd.,0.395,AUD,2.5974025974025996,123874,0.4415604506929391,81251873,AUD,Electronic technology,Strong buy,Electronic equipment/Instruments,-62.200956937799035,23.437500000000004,3.947368421052635,-2.469135802469138,-55.11363636363637,5.967450271247684,0.335776212463308,0.3528968819377746,0.3556847405262883,,0.3514285714285716,0.34516666666666695,48930.23,AUD
CRB,Carbine Resources Limited,0.008,AUD,0,161000,0.44026361125543495,9534926,AUD,Non-energy minerals,No rating,Precious metals,60,0,-11.111111111111104,33.333333333333336,60,0.8928571428572056,0.009222101525060407,0.008762745455453861,0.008537598620468947,0.0068366377691184785,0.008571428571428572,0.0077500000000000025,1288,AUD
QFE,QuickFee Ltd.,0.076,AUD,0,20000,0.43909143200888723,29142553,AUD,Commercial services,No rating,Miscellaneous commercial services,5.555555555555561,2.7027027027027053,11.764705882352931,8.571428571428559,4.109589041095894,0.9398496240602346,0.07317583030554788,0.07457305523535719,0.07249555531701375,0.07589881167188153,0.0752857142857143,0.07130000000000014,1520,AUD
GRR,Grange Resources Limited,0.137,AUD,1.4814814814814827,321895,0.43900868961576256,156240737,AUD,Non-energy minerals,No rating,Steel,-52.75862068965517,1.4814814814814827,-5.517241379310331,-14.374999999999996,-44.08163265306122,4.6402502606882035,0.13911692191722677,0.13734112998549203,0.1455384910984019,0.18256819029208887,0.1367142857142858,0.14653333333333343,44099.615000000005,AUD
MM8,Medallion Metal Ltd,0.54,AUD,-0.9174311926605512,687238,0.43744904162773485,409663811,AUD,Non-energy minerals,Strong buy,Precious metals,22.727272727272734,9.090909090909099,25.58139534883722,22.727272727272734,25.58139534883722,4.1269841269840155,0.47604044006285007,0.5060228824730747,0.4497660534314103,0.4168448069960732,0.5178571428571429,0.4374166666666667,371108.52,AUD
G6M,Group 6 Metals Limited,3.9,AUD,4.838709677419347,16949,0.4365744783335523,842017785,AUD,Non-energy minerals,No rating,Other metals/Minerals,4775,14.705882352941178,56,56,56,16.062271062271,3.1132115441575783,3.4132400991818286,2.939764332698457,4.672034807251413,3.497142857142833,2.845999999999999,66101.09999999999,AUD
FPR,FleetPartners Group Limited,4.22,AUD,0.476190476190466,397771,0.43617838211200516,864418438,AUD,Finance,Strong buy,Finance/Rental/Leasing,47.810858143607696,9.89583333333333,44.52054794520547,45.517241379310335,55.719557195571944,2.064996614759544,3.6051816585639664,3.954130747038299,3.2240562516633164,2.8944927652536157,4.094285714285719,3.050833333333332,1678593.6199999999,AUD
AVA,Ava Risk Group Ltd.,0.05,AUD,2.0408163265306136,68361,0.4361532307150486,13681657,AUD,Technology services,No rating,Information technology services,-29.577464788732385,6.3829787234042605,31.578947368421066,-13.793103448275863,-9.090909090909086,3.1428571428575025,0.04388168206883824,0.04627215876621749,0.04440630536382217,0.05860254851097466,0.04671428571428572,0.04506666666666668,3418.05,AUD
GR8,Great Dirt Resources Ltd,0.53,AUD,8.163265306122456,12210,0.4357461751763862,24178259,AUD,Non-energy minerals,No rating,Other metals/Minerals,171.7948717948718,0,-5.357142857142861,-29.33333333333333,-13.821138211382108,3.6792452830189024,0.5396681764180937,0.5196185166958118,0.582885617726554,0.42648874500426337,0.5242857142857148,0.6480333333333331,6471.3,AUD
WAX,WAM Research Ltd.,1.045,AUD,-0.47619047619048716,68570,0.4353374388927687,221593255,AUD,Miscellaneous,No rating,Investment trusts,-14.34426229508197,-1.4150943396226532,-0.9478672985782,-5.000000000000014,-15.72580645161291,0.8544087491455034,1.0594834240719126,1.0556580409469678,1.0648558495643736,1.125708875935716,1.0535714285714268,1.0526666666666689,71655.65,AUD
AON,Apollo Minerals Limited,0.052,AUD,3.99999999999999,448207,0.43524408198192416,64257596.00000001,AUD,Non-energy minerals,Strong buy,Precious metals,642.8571428571429,13.043478260869563,-5.4545454545454595,-22.388059701492544,-11.864406779661017,5.219780219780066,0.046649379357049846,0.047462260551135206,0.05043511194198647,0.04581226580968299,0.04800000000000003,0.0528166666666667,23306.764,AUD
BOC,Bougainville Copper Limited,0.175,AUD,2.9411764705882213,86380,0.43468283953872694,70185936,AUD,Non-energy minerals,No rating,Other metals/Minerals,-76.1904761904762,-14.634146341463415,-30.000000000000004,-72.44094488188976,-76.82119205298014,4.163265306122369,0.206809852596566,0.186921978179246,0.29513787869143604,0.5421610042037432,0.18357142857142852,0.3301999999999991,15116.499999999998,AUD
BM8,Battery Age Minerals Limited,0.044,AUD,2.3255813953488396,46648,0.43384085123875477,9523536,AUD,Non-energy minerals,No rating,Steel,-64.8,9.999999999999993,-2.222222222222224,-33.33333333333334,-61.73913043478261,3.8961038961036496,0.04433554974325528,0.043678762090658796,0.04948773609022871,0.0761991107635738,0.044000000000000046,0.049999999999999926,2052.5119999999997,AUD
OB1,Orbminco Limited,0.013,AUD,0,150000,0.43319072694602273,7683044,AUD,Non-energy minerals,No rating,Other metals/Minerals,-27.77777777777778,18.181818181818183,0,-7.1428571428571495,-27.77777777777778,3.846153846153876,0.01258963906788238,0.012592254768760565,0.012930241118068347,0.018582069577259358,0.01242857142857143,0.012916666666666668,1950,AUD
EGH,Eureka Group Holdings Limited,0.65,AUD,-5.1094890510948945,34122,0.4330972507805955,285222483,AUD,Finance,Strong buy,Real estate development,34.02061855670104,-9.722222222222214,0,12.068965517241391,38.29787234042554,6.571428571428502,0.6923059136582772,0.6911722972927486,0.6662926765618893,0.589717639716415,0.6928571428571436,0.6538333333333338,22179.3,AUD
FML,Focus Minerals Ltd,2.035,AUD,0.24630541871922848,104479,0.43119330422365476,544461437,AUD,Non-energy minerals,No rating,Precious metals,-34.354838709677416,-3.0952380952380927,30.031948881789152,5.989583333333345,-38.70481927710843,6.3531063531065355,1.9103630285002442,1.9776915749749449,1.8983834644733244,2.0989774826013297,2.0135714285714283,1.816916666666667,212614.765,AUD
DRR,Deterra Royalties Ltd,4.365,AUD,3.4360189573459827,527011,0.43102761545287627,2239600929,AUD,Miscellaneous,Neutral,Investment trusts,6.463414634146356,-0.7954545454545486,1.7482517482517523,-3.2150776053214987,0.11467889908256636,2.4545900834560133,4.327301265564196,4.313289061573631,4.359668197316276,4.267748628194315,4.325000000000006,4.4242500000000025,2300403.015,AUD
EUR,European Lithium Ltd.,0.297,AUD,-1.0000000000000009,2185755,0.42901436503448287,509295259,AUD,Non-energy minerals,No rating,Other metals/Minerals,91.61290322580645,-2.6229508196721336,-1.0000000000000009,-23.84615384615385,29.130434782608685,3.79990379990395,0.2988074954236798,0.2962383678989137,0.323765805753751,0.2835018869486283,0.30171428571428566,0.36053333333333343,649169.235,AUD
HRN,Horizon Gold Ltd.,0.985,AUD,-6.190476190476195,31844,0.428011327972215,173672876,AUD,Non-energy minerals,Strong buy,Precious metals,15.835661630132092,-5.288461538461544,-1.5000000000000013,-1.990049751243772,-19.806080192275218,4.227701232777392,0.9916911839083692,0.9929538518013311,1.0164614958605935,0.9738916315183056,0.9928571428571429,1.0223666666666673,31366.34,AUD
COV,CLEO Diagnostics Ltd,0.33,AUD,-2.9411764705882377,36861,0.4268952953616062,47303666,AUD,Health technology,No rating,Medical specialties,-45.45454545454545,-2.9411764705882377,-5.714285714285704,-48.4375,-47.2,5.844155844155611,0.35389049781129445,0.34041238546253105,0.411111694148096,0.49208942376494064,0.3414285714285712,0.442083333333333,12164.130000000001,AUD
CEL,Challenger Gold Limited,2.53,AUD,-0.7843137254901967,86818,0.42602983504335595,440456525,AUD,Non-energy minerals,Strong buy,Precious metals,-20.93750000000001,-3.065134099616861,1.1999999999999922,-2.692307692307703,-18.38709677419356,7.001693958215658,2.5694919905569518,2.5994847776969543,2.5899337525890203,2.641862881620616,2.667142857142854,2.563666666666669,219649.53999999998,AUD
CR1,Constellation Resources Ltd.,0.13,AUD,4.0000000000000036,22800,0.424241296540945,12863109,AUD,Non-energy minerals,No rating,Other metals/Minerals,-22.25913517952339,8.333333333333341,0,-13.73271634972067,-10.857140819591793,1.0989010989011867,0.13227811267125977,0.12605884769610828,0.14476487642965585,0.15403843710822457,0.12499999999999989,0.15215277400000005,2964,AUD
AVD,Avada Group Limited,0.097,AUD,0,5174,0.42258467620082163,8238697,AUD,Transportation,No rating,Other transportation,-25.384615384615387,0,0,1.0416666666666676,-15.65217391304348,1.1045655375552843,0.09933957975390685,0.09643989864903862,0.10609330690711881,0.20051371239943727,0.095,0.1037666666666667,501.87800000000004,AUD
BHD,Benjamin Hornigold Ltd.,0.25,AUD,6.382978723404261,44355,0.4224651850779449,6038800,AUD,Miscellaneous,No rating,Investment trusts,24.999999999999993,6.382978723404261,24.999999999999993,42.85714285714287,31.57894736842105,1.7142857142856793,0.2086167460101981,0.22642607906553486,0.19662031701507882,0.20994757329312744,0.2314285714285715,0.1905333333333334,11088.75,AUD
ITS,Infotrust Ltd,0.235,AUD,6.818181818181812,13970,0.422130899861002,42555082,AUD,Communications,Strong buy,Major telecommunications,-57.27272727272728,-11.320754716981142,-30.882352941176478,-44.04761904761905,-42.6829268292683,3.890577507598774,0.2756141261459702,0.24369100029522225,0.32710202779202274,0.42689189589217463,0.23000000000000007,0.3487500000000001,3282.95,AUD
AGY,Argosy Minerals Limited,0.047,AUD,-4.081632653061227,998138,0.42185325450079064,75629578,AUD,Non-energy minerals,No rating,Other metals/Minerals,-60.833333333333336,2.173913043478263,9.302325581395358,-27.692307692307697,-41.25,6.2310030395136575,0.045806766415297406,0.04677891099459566,0.049198214330115515,0.059221932567511994,0.04742857142857138,0.05026666666666664,46912.486,AUD
DEM,De.mem Ltd.,0.105,AUD,-8.69565217391305,98100,0.4186228715736721,37636621,AUD,Industrial services,No rating,Engineering & construction,-4.545454545454549,7.142857142857135,6.060606060606053,49.999999999999986,0,3.8775510204081516,0.10232201049392002,0.1070965993294021,0.0937727839997042,0.09376362463581767,0.10785714285714276,0.08484999999999995,10300.5,AUD
HGO,Hillgrove Resources Limited,0.064,AUD,-1.5384615384615397,4143358,0.4142259224318166,222974492,AUD,Non-energy minerals,Strong buy,Other metals/Minerals,33.333333333333336,0,1.5873015873015888,45.45454545454547,36.17021276595745,4.464285714285746,0.06162596635961771,0.06339256771521005,0.057681532431561856,0.0488100978160582,0.06428571428571435,0.056133333333333355,265174.912,AUD
RLC,Reedy Lagoon Corporation Limited,0.002,AUD,0,229327,0.41236192087323403,1553413,AUD,Non-energy minerals,No rating,Other metals/Minerals,-33.333333333333336,0,0,0,-50,-6.505213034913027e-14,0.002049809886592535,0.0020015608312880574,0.002378714467477463,0.0031844224762850406,0.0020000000000000213,0.0026666666666666696,458.654,AUD
TVL,Touch Ventures Ltd.,0.057,AUD,-1.7241379310344842,15000,0.41150795719219885,41085906.6,AUD,Miscellaneous,No rating,Investment trusts,-16.176470588235297,-3.3898305084745677,-3.3898305084745677,-4.999999999999994,-17.39130434782609,0.2506265664161186,0.05882559091277295,0.05832142881532508,0.059891010331365,0.06386440243364543,0.058428571428571385,0.05969999999999988,855,AUD
S2R,S2 Resources Ltd.,0.074,AUD,1.3698630136986314,60636,0.4096910763343202,38274217,AUD,Non-energy minerals,No rating,Precious metals,7.246376811594189,1.3698630136986314,15.624999999999993,12.12121212121211,12.12121212121211,2.509652509652461,0.07099793338019138,0.07205703892538756,0.06800764517216691,0.06973806880200381,0.07199999999999998,0.06498333333333337,4487.063999999999,AUD
TAL,Talius Group Limited,0.065,AUD,1.5625000000000013,60986,0.4085178784346824,22033429,AUD,Technology services,No rating,Packaged software,-22.61904761904762,8.333333333333341,6.557377049180334,-1.5151515151515165,-8.450704225352101,2.747252747253079,0.06221103834091771,0.061854716702577764,0.06541752256265106,0.07149759331205544,0.06142857142857143,0.06846666666666668,3964.09,AUD
AIS,Aeris Resources Limited,0.432,AUD,2.85714285714286,5053064,0.4082451649131221,606319362,AUD,Non-energy minerals,Strong buy,Precious metals,-27.999999999999996,-0.6896551724137937,13.684210526315788,4.096385542168679,-17.71428571428572,5.241402116402229,0.4040471110437326,0.4162725632728358,0.3967184091662258,0.4068936484580563,0.42242857142857115,0.39136666666666636,2182923.648,AUD
BGD,Barton Gold Holdings Limited,0.99,AUD,1.5384615384615399,140481,0.40596329479869014,246202134,AUD,Non-energy minerals,No rating,Precious metals,-23.255813953488374,12.499999999999998,26.923076923076916,6.451612903225801,-10.81081081081082,4.761904761904639,0.8474027651881798,0.9094471139948093,0.825204925368688,0.9024495949617675,0.9414285714285714,0.8047833333333329,139076.19,AUD
EGA,Eastern Gas Corp Ltd,0.15,AUD,-6.250000000000005,18238,0.4030470516217572,14400000,AUD,Energy minerals,No rating,Integrated oil,-25.000000000000007,-9.090909090909099,-6.250000000000005,-6.250000000000005,-25.000000000000007,3.3333333333333734,0.1571578873860588,0.1594243252900478,0.15616281975963167,,0.16071428571428564,0.15098333333333333,2735.7,AUD
HMG,Hamelin Gold Limited,0.225,AUD,-4.255319148936162,171150,0.40261503345480393,36686162,AUD,Non-energy minerals,No rating,Precious metals,221.42857142857142,12.499999999999996,125,87.50000000000001,150,8.888888888888873,0.17789629901167614,0.20105894161996335,0.14766053226048864,0.11298060858516965,0.20285714285714282,0.13076666666666667,38508.75,AUD
JNS,Janus Electric Holdings Limited,0.365,AUD,-1.3513513513513526,226782,0.4013479139666887,62794622,AUD,Utilities,No rating,Alternative power generation,563.6363636363636,23.728813559322038,19.672131147540984,82.49999999999997,180.76923076923077,6.223091976516581,0.29846100962188626,0.32976413734989196,0.245753737551106,16.478582179803794,0.32428571428571434,0.20795000000000094,82775.43,AUD
MRQ,MRG Metals Limited,0.002,AUD,0,1000000,0.400809828241766,7463503,AUD,Non-energy minerals,No rating,Precious metals,-50,-33.333333333333336,-33.333333333333336,-33.333333333333336,-50,10.71428571428575,0.0027717033030635863,0.0024260572507949782,0.00313137267152844,0.0036646479980987088,0.0024285714285714266,0.003250000000000006,2000,AUD
GG8,Gorilla Gold Mines Ltd,0.35,AUD,4.477611940298495,384222,0.40019089741784386,241775525,AUD,Non-energy minerals,Strong buy,Precious metals,-30.6930693069307,9.374999999999991,16.666666666666664,-7.89473684210527,-15.66265060240964,4.632653061224465,0.3190476317486157,0.3283712201105524,0.323551199960163,0.36670339940381014,0.3307142857142858,0.32474999999999987,134477.69999999998,AUD
ACM,Australian Critical Minerals Ltd.,0.027,AUD,-9.999999999999998,56764,0.3997602734178855,4499442,AUD,Non-energy minerals,No rating,Other metals/Minerals,-66.25000000000001,-15.625000000000004,-32.5,-49.05660377358491,-65.38461538461539,7.671957671957608,0.03211172684621347,0.03053300720656833,0.03599037843251242,0.05443362344514656,0.03099999999999992,0.03598333333333334,1532.628,AUD
AAP,Australian Agricultural Projects Ltd.,0.072,AUD,2.85714285714284,645,0.3996282527881041,25802261,AUD,Consumer non-durables,No rating,Food: specialty/candy,41.17647058823529,-1.3698630136986314,7.462686567164164,18.032786885245898,53.19148936170212,1.1904761904762358,0.06760202361059563,0.07050335323124332,0.06185443170568534,0.0495814017847198,0.07085714285714285,0.05836666666666667,46.44,AUD
ENT,Enterprise Metals Limited,0.004,AUD,0,434789,0.3989444404428689,6669714,AUD,Non-energy minerals,No rating,Precious metals,0,0,33.333333333333336,0,0,3.571428571429115,0.0035795886913802173,0.0038547157000384034,0.0034873195260664257,0.004013087121553249,0.004,0.003450000000000028,1739.156,AUD
RGN,Region Group,2.305,AUD,-2.330508474576259,676090,0.3984643483765034,2734007119,AUD,Finance,Buy,Real estate investment trusts,-3.1512605042016695,-4.356846473029044,-1.9148936170212736,1.096491228070191,-0.6465517241379173,1.874806321660453,2.3800213131079935,2.3738500688169206,2.3637533880823396,2.329765105470576,2.383571428571432,2.3584166666666713,1558387.4500000002,AUD
KKC,KKR Credit Income fund Units,2.16,AUD,0.4651162790697782,152796,0.39785237415766617,686997143.1,AUD,Miscellaneous,No rating,Investment trusts,-5.676855895196502,1.4084507042253638,3.8461538461538494,4.854368932038839,-5.263157894736827,0.6944444444444501,2.120930516694482,2.1354101310267954,2.0978826408881224,2.1407344479360337,2.1357142857142826,2.0775000000000023,330039.36000000004,AUD
AZJ,Aurizon Holdings Ltd.,3.67,AUD,-1.6085790884718514,3006042,0.397485793354096,7000862321,AUD,Transportation,Neutral,Railroads,-0.27173913043478887,-12.410501193317431,-14.252336448598136,-13.84976525821596,-8.4788029925187,2.1895679252627587,4.114963400541393,4.015172877758361,4.162262403215924,3.9483639762722973,4.045714285714284,4.202166666666669,11032174.14,AUD
AM3,Amara Minerals Limited,0.004,AUD,0,398145,0.3953750812557385,12346619,AUD,Non-energy minerals,No rating,Precious metals,-50,0,0,-20,-55.55555555555556,1.785714285714346,0.004096014598288261,0.004012286126923352,0.0044413765009325016,0.0060574059473241185,0.004000000000000003,0.004450000000000016,1592.58,AUD
CPN,Caspin Resources Ltd.,0.125,AUD,0,588602,0.3950681486884869,36856228,AUD,Non-energy minerals,No rating,Other metals/Minerals,35.869565217391305,-7.407407407407414,13.636363636363637,19.04761904761905,-10.714285714285722,11.2,0.12396485549169095,0.12712886444368618,0.1152775664784096,0.10773237977577399,0.1278571428571428,0.10558333333333335,73575.25,AUD
CND,Condor Energy Limited,0.018,AUD,5.882352941176455,102986,0.3931674246667072,14685046,AUD,Energy minerals,No rating,Integrated oil,-10.000000000000009,5.882352941176455,-5.263157894736847,12.49999999999999,-10.000000000000009,4.365079365079345,0.01771088717986385,0.017489322809506703,0.017525953847620287,0.019056363836213064,0.017142857142857144,0.016766666666666673,1853.7479999999998,AUD
CKA,Cokal Limited,0.054,AUD,-1.81818181818182,133000,0.39210564564321987,59342193,AUD,Energy minerals,No rating,Coal,-3.5714285714285747,-16.923076923076927,-9.999999999999998,5.882352941176476,-20.588235294117656,6.878306878306847,0.05877941254825546,0.05955562543369871,0.0557148716323085,0.055387900310701205,0.06171428571428572,0.051616666666666755,7182,AUD
PPY,Papyrus Australia Ltd,0.008,AUD,0,152100,0.3916656838544641,5191054,AUD,Non-energy minerals,No rating,Forest products,-11.111111111111104,0,-11.111111111111104,-46.666666666666664,-27.27272727272727,8.928571428571406,0.008704683527662741,0.008387798129450928,0.009600809486811817,0.010753896710883188,0.008428571428571424,0.010683333333333331,1216.8,AUD
MYR,Myer Holdings Limited,0.212,AUD,0.9523809523809533,2489714,0.391582555871409,371468041,AUD,Retail trade,Strong buy,Department stores,-55.36842105263158,-1.3953488372093037,-20.000000000000004,-9.78723404255319,-44.935064935064936,4.043126684636455,0.22492197245155335,0.21529347754470674,0.24582693438948947,0.3429181853218081,0.21528571428571439,0.2557000000000012,527819.368,AUD
EHL,Emeco Holdings Limited,1.002,AUD,-1.7647058823529425,158944,0.389779184637976,534708324.99999994,AUD,Finance,Buy,Finance/Rental/Leasing,-17.1900826446281,-3.1884057971014417,1.2121212121212133,-4.571428571428576,-31.36986301369863,3.0296549757626607,1.0084298125356939,1.0209381321320985,1.0124792341697135,1.088197286843053,1.0374285714285734,0.999616666666667,159261.888,AUD
NGY,NuEnergy Gas Limited,0.045,AUD,0,234834,0.3884268855039333,86354954,AUD,Energy minerals,No rating,Oil & gas production,32.35294117647057,4.651162790697679,21.621621621621625,36.36363636363635,7.142857142857133,3.8095238095237223,0.04167679892964846,0.043392922995394684,0.03888463379831773,0.03472097429050876,0.043428571428571434,0.036083333333333335,10567.529999999999,AUD
LIS,Li-S Energy Ltd,0.135,AUD,-3.571428571428574,48704,0.38661854044832955,86427038,AUD,Producer manufacturing,No rating,Electrical products,-12.903225806451607,3.8461538461538494,3.8461538461538494,8.000000000000007,0,4.3386243386245305,0.13318120304825942,0.13407741250791022,0.1328801801563733,0.1358327489887048,0.13285714285714284,0.13553333333333337,6575.040000000001,AUD
BMC,Bmc Minerals Ltd CHESS Depositary Interests,2.86,AUD,3.999999999999995,29041,0.38607723671808425,807440997.3000001,AUD,Non-energy minerals,Strong buy,Other metals/Minerals,9.160305343511443,1.060070671378085,9.999999999999991,-7.741935483870974,9.160305343511443,6.60589410589415,2.755573616648281,2.793669515441993,2.7829349890192097,,2.8328571428571436,2.8273333333333315,83057.26,AUD
FGR,First Graphene Ltd,0.057,AUD,-3.389830508474568,166130,0.3842599820741897,49498639,AUD,Producer manufacturing,No rating,Electrical products,-17.39130434782609,-4.999999999999994,-12.307692307692308,5.555555555555561,-31.325301204819276,4.01002506265668,0.05856768039176188,0.057419160543258844,0.06043988354250804,0.06326755481277539,0.05728571428571429,0.06081666666666664,9469.41,AUD
CML,Connected Minerals Limited,0.455,AUD,-1.0869565217391313,183548,0.3840764017999789,65575733,AUD,Electronic technology,No rating,Computer communications,152.7777777777778,16.666666666666668,26.3888888888889,28.169014084507054,102.22222222222221,6.985871271585488,0.3880113526628923,0.422968688172799,0.3510751298123285,0.2620948188972486,0.4371428571428571,0.3449500000000002,83514.34,AUD
MFF,MFF Capital Investments Ltd.,5.34,AUD,0,115620,0.38402939907470235,3172976402,AUD,Miscellaneous,No rating,Investment trusts,6.799999999999997,-0.3731343283582175,2.2988505747126458,8.536585365853657,13.375796178343947,1.6853932584268805,5.297616587910685,5.340906546298033,5.183447912271702,4.904146120305446,5.351428571428566,5.143333333333342,617410.7999999999,AUD
TLX,Telix Pharmaceuticals Limited,16.77,AUD,1.945288753799394,594068,0.3822776299749605,5684590702,AUD,Health technology,Strong buy,Biotechnology,49.06666666666667,2.0693852708460128,8.123791102514504,18.181818181818183,88.21548821548821,3.5160575858252106,15.918178562801243,16.40785275032128,15.36817010524381,14.904982791811728,16.824285714285715,15.038000000000004,9962520.36,AUD
WSI,WestStar Industrial Ltd.,0.06,AUD,3.4482758620689564,30000,0.38206826286296486,7468384,AUD,Non-energy minerals,No rating,Other metals/Minerals,-24.05063291139241,3.4482758620689564,-1.6393442622950836,-10.447761194029859,-32.58426966292135,1.547619047619087,0.06157286273920038,0.05950060602918096,0.06706658551301117,0.07688431486310336,0.059142857142857184,0.07240000000000002,1800,AUD
USM,Union Star Metals Ltd,0.01,AUD,0,230907,0.3803120605503009,5754850,AUD,Non-energy minerals,No rating,Precious metals,-37.5,11.111111111111121,0,-9.090909090909085,-50,0.7142857142855563,0.009988231044684808,0.00965591090822015,0.011497428016942219,0.016957243297059776,0.00942857142857142,0.011900000000000027,2309.07,AUD
TEM,Tempest Minerals Limited,0.004,AUD,0,115605,0.37913198272859494,4958443,AUD,Non-energy minerals,No rating,Other metals/Minerals,-50,0,0,-33.333333333333336,-33.333333333333336,3.5714285714285623,0.00440368165011787,0.004111135295857868,0.005079046692004831,0.0062515870976908765,0.004000000000000001,0.005433333333333338,462.42,AUD
KKO,Kinetiko Energy Ltd.,0.039,AUD,2.6315789473684235,181829,0.3777017047874053,60274358,AUD,Energy minerals,No rating,Coal,-40.90909090909091,0,11.428571428571418,-22.000000000000004,-33.89830508474576,4.761904761904937,0.038018128530219325,0.03835239115405804,0.03950495509641313,0.052054111491499744,0.03828571428571433,0.03913333333333334,7091.331,AUD
SDV,SciDev Ltd,0.17,AUD,-5.555555555555546,128771,0.3772494315082419,35166387,AUD,Process industries,Strong buy,Chemicals: major diversified,-63.44086021505377,0,25.925925925925927,71.71717171717172,-52.77777777777777,8.403361344537704,0.15478831214916808,0.16882112419711703,0.14129144889892137,0.21398946191716495,0.17571428571428602,0.12579999999999997,21891.070000000003,AUD
USL,Unico Silver Limited,0.815,AUD,0,1088048,0.3772231870805094,509885129,AUD,Non-energy minerals,Strong buy,Precious metals,-5.232558139534888,-2.976190476190479,25.384615384615373,21.641791044776106,-4.117647058823533,4.355828220858961,0.757593470524579,0.7973224148496636,0.7071963970826354,0.6641574937970959,0.8164285714285716,0.6688333333333335,886759.12,AUD
EMD,Emyria Ltd,0.047,AUD,2.173913043478263,497341,0.3763093130125389,37908364,AUD,Technology services,Strong buy,Packaged software,-20.338983050847453,-2.0833333333333353,-2.0833333333333353,17.5,-16.071428571428573,3.7993920972645125,0.046207978986910855,0.046657944783845426,0.044934529954373116,0.0466294799807588,0.0465714285714286,0.04338333333333323,23375.027000000002,AUD
JAT,Jatcorp ltd,0.145,AUD,3.5714285714285547,4630,0.3762422902835227,15729902,AUD,Process industries,No rating,Chemicals: specialty,3.5714285714285543,11.538461538461528,11.538461538461528,0,11.538461538461528,1.4778325123154419,0.12788648773048877,0.13068552347208995,0.13048595786487274,0.20101571263877818,0.13071428571428573,0.13208333333333322,671.3499999999999,AUD
EVO,Embark Early Education Limited,0.4,AUD,1.2658227848101276,156210,0.375535410217323,84519432,AUD,Consumer services,No rating,Other consumer services,-35.99999999999999,-2.4390243902438913,-3.614457831325291,-6.976744186046505,-25.925925925925927,2.6785714285716686,0.4117069171767734,0.4070339175822587,0.415516087061892,0.4899420116145299,0.4042857142857145,0.41099999999999925,62484,AUD
AGL,AGL Energy Limited,8.835,AUD,0.3977272727272743,1929526,0.37453558795219394,5933630570,AUD,Utilities,Buy,Electric utilities,-5.2038626609442,7.74390243902441,6.189903846153853,-3.231106243154435,-15.535372848948374,1.6371574096533879,8.494636977405268,8.619351068647012,8.522348971775472,9.001366669635646,8.614999999999936,8.45208333333333,17047362.21,AUD
TIP,Teaminvest Private Group Ltd,1.395,AUD,0.7220216606498201,5916,0.37390265637739084,37623808,AUD,Finance,No rating,Investment managers,-12.812500000000004,10.714285714285714,15.289256198347113,16.250000000000007,-13.888888888888893,2.1505376344086202,1.2568590318533581,1.3090438797410653,1.2391032906660326,1.449500662786324,1.3064285714285686,1.1998333333333326,8252.82,AUD
ACU,Acumentis Group Limited,0.1,AUD,2.0408163265306136,250000,0.3736196993826009,21403685,AUD,Finance,No rating,Real estate development,33.33333333333335,0,31.578947368421066,28.20512820512821,21.951219512195124,4.642857142857143,0.09267828387553873,0.0977790297314739,0.08642120910755308,0.08042307099676786,0.10028571428571412,0.08313333333333311,25000,AUD
PIC,Perpetual Equity Investment Co. Ltd.,1.235,AUD,1.2295081967213217,113746,0.37238535365903164,470022080,AUD,Miscellaneous,No rating,Investment trusts,-1.1999999999999922,3.7815126050420296,4.661016949152557,6.4655172413793265,-1.1999999999999922,1.6772700983227633,1.2025431443412367,1.217070894759128,1.1881016979446641,1.1989993627179394,1.2221428571428583,1.180166666666666,140476.31,AUD
LOT,Lotus Resources Limited,0.26,AUD,6.122448979591842,6157457,0.37215735148749424,125760434,AUD,Non-energy minerals,Neutral,Other metals/Minerals,-85.53044186891752,13.043478260869565,-50.2222461836162,-53.40802302016399,-85.7951289136851,8.983516483516471,0.30408192119627125,0.2495557946721889,0.5291310913078284,1.262797019985742,0.24000000000000002,0.6169824105000014,1600938.82,AUD
AFG,Australian Finance Group Ltd.,1.517,AUD,-2.129032258064525,176232,0.37192685809894627,415491689,AUD,Finance,Buy,Finance/Rental/Leasing,-30.41284403669726,-6.932515337423313,-7.781155015197575,-7.500000000000001,-32.27678571428572,2.895752895752786,1.5786271063494772,1.5619896920450769,1.621152732462455,1.8378041900153168,1.569571428571429,1.6141999999999994,267343.94399999996,AUD
BMR,Ballymore Resources Limited,0.145,AUD,-3.3333333333333366,60040,0.3716429726733474,37173792,AUD,Non-energy minerals,No rating,Precious metals,-55.53110822857281,11.538461538461528,15.999999999999993,3.5714285714285543,-43.55871415696143,4.679802955665043,0.1317699726978488,0.13884308821594857,0.13109609946607445,0.1654564253361221,0.14285714285714277,0.1251166666666666,8705.8,AUD
BRL,Bathurst Resources Ltd,0.43,AUD,0,1566,0.36840124211914665,103222782,AUD,Energy minerals,Strong buy,Coal,-37.22627737226278,1.1764705882352953,-14.000000000000002,-21.818181818181827,-30.64516129032258,2.0764119601330897,0.4426765498402442,0.4348212042767983,0.47479609842545917,0.5792626699993064,0.4357142857142849,0.492616666666667,673.38,AUD
TOR,Torque Metals Ltd.,0.225,AUD,2.2727272727272747,510390,0.36822472883836893,131234986.99999999,AUD,Non-energy minerals,Strong buy,Precious metals,-22.413793103448267,9.756097560975618,9.756097560975618,-39.189189189189186,-17.279411764705884,6.507936507936574,0.2123903290070059,0.21428312187750645,0.24104631087974898,0.29074968590379724,0.21500000000000002,0.24708333333333315,114837.75,AUD
LTR,Liontown Limited,1.27,AUD,-2.3076923076923097,14495938,0.36811988147443975,4053366556,AUD,Non-energy minerals,Buy,Other metals/Minerals,-19.10828025477707,5.833333333333338,-5.925925925925931,-42.009132420091326,-30.97826086956522,6.001124859392372,1.234506519694966,1.225248449291723,1.4496662509109368,1.6056327235771437,1.2428571428571427,1.6271666666666655,18409841.26,AUD
TOT,360 Capital REIT,0.41,AUD,0,29276,0.3679442578776975,90536671,AUD,Finance,No rating,Real estate investment trusts,2.499999999999988,2.499999999999988,2.499999999999988,0,2.499999999999988,1.8292682926836463,0.40707155462311295,0.4079447793222963,0.40884743501898985,0.4105538870118472,0.4071428571428566,0.41231666666666483,12003.16,AUD
AEM,Advanced Engineered Materials Ltd,0.39,AUD,1.2987012987012998,31099,0.36739940198213034,224011226,AUD,Non-energy minerals,Strong buy,Aluminum,-30.97345132743362,1.2987012987012998,0,-4.878048780487796,-17.021276595744673,4.175824175824235,0.3881367751139166,0.38494282587590867,0.4017164547150722,,0.3821428571428574,0.4052499999999999,12128.61,AUD
3PL,3P Learning Ltd.,0.29,AUD,0,8735,0.3669936768691049,79142890,AUD,Technology services,No rating,Packaged software,-52.84552845528455,-9.375000000000009,-1.6949152542372898,28.888888888888875,-37.90149892933619,1.9704433497534695,0.3046222209481863,0.30255860375062116,0.3040539098412022,0.4437598652889134,0.30357142857142844,0.2857333333333328,2533.1499999999996,AUD
JCS,JCurve Solutions Limited,0.035,AUD,0,75000,0.3669022831595276,12402021,AUD,Technology services,No rating,Information technology services,-7.894736842105253,-7.894736842105253,0,0,-16.666666666666664,5.918367346938715,0.03569562821420619,0.035724565885413416,0.03800927849427731,0.03901618229459001,0.037,0.039383333333333374,2625.0000000000005,AUD
L1M,Lightning Minerals Limited,0.012,AUD,0,753000,0.36572412161856965,4751326,AUD,Non-energy minerals,No rating,Other metals/Minerals,-53.84615384615385,-14.285714285714286,-19.999999999999996,-50,-45.45454545454545,9.523809523809037,0.01347316707582882,0.012861739408685027,0.015259936240052101,0.025856864505920903,0.013142857142857014,0.01633333333333309,9036,AUD
BNL,Blue Star Helium Limited,0.005,AUD,0,1805512,0.365506142274208,30764575,AUD,Energy minerals,No rating,Oil & gas production,-16.666666666666668,-16.666666666666668,-16.666666666666668,-28.571428571428573,25,14.285714285714388,0.0052175765353428315,0.00507891682924028,0.005597874410998293,0.006105849783333482,0.004999999999999993,0.005783333333333326,9027.56,AUD
SBM,St. Barbara Ltd.,0.62,AUD,4.201680672268911,3455190,0.3639755677216786,707730575,AUD,Non-energy minerals,Strong buy,Precious metals,7.826086956521746,2.479338842975209,42.52873563218391,3.3333333333333366,-17.333333333333332,5.610599078341124,0.5462651277452547,0.5843143990371474,0.5327096046082984,0.5514305015604966,0.6028571428571426,0.5204999999999994,2142217.8,AUD
REC,Recharge Metals Limited,0.02,AUD,0,149252,0.3637269313702171,21275857,AUD,Non-energy minerals,No rating,Other metals/Minerals,64.62409322991647,11.111111111111121,5.263157894736847,-28.571428571428573,42.17541175776437,2.857142857142867,0.019122025914800285,0.01902623780269842,0.02062637135934767,0.02112783918989568,0.018857142857142857,0.021333333333333346,2985.04,AUD
ALI,Argo Global Listed Infrastructure Ltd.,2.61,AUD,0.3846153846153764,23566,0.36361448162640564,489819200,AUD,Miscellaneous,No rating,Investment trusts,3.571428571428566,-0.3816793893129859,0.7722007722007729,6.530612244897946,7.407407407407395,1.0673234811162167,2.5975241636139663,2.607358514671643,2.564308413028544,2.479301463987168,2.6157142857142865,2.5468333333333324,61507.259999999995,AUD
VR1,Vection Technologies Ltd.,0.025,AUD,4.1666666666666705,713631,0.36313643434441606,56720473,AUD,Technology services,No rating,Packaged software,-21.874999999999996,8.695652173913052,4.1666666666666705,-3.8461538461538365,-16.66666666666666,5.142857142857061,0.022934866596195647,0.023517233971188073,0.023197258734656855,0.02852129126073581,0.023571428571428545,0.022516666666666664,17840.775,AUD
1AE,Aurora Energy Metals Limited,0.049,AUD,2.0833333333333353,105263,0.3628294791411741,8595059,AUD,Non-energy minerals,No rating,Other metals/Minerals,-44.9438202247191,-2.0000000000000018,-5.769230769230762,-22.22222222222222,-55.45454545454545,3.0612244897956944,0.048964420997821036,0.04815862960100797,0.05326550946807438,0.06803115037801212,0.04828571428571436,0.054349999999999996,5157.887000000001,AUD
AEL,Amplitude Energy Limited,1.56,AUD,0.9708737864077751,205071,0.3623381483474805,458817660,AUD,Energy minerals,Buy,Oil & gas production,-46.20689655172414,4.697986577181212,2.6315789473684235,-9.03790087463557,-31.578947368421044,3.7179487179490627,1.5219875246337964,1.535468573759801,1.53123016557659,1.9360319044360483,1.530714285714282,1.4914166666666686,319910.76,AUD
ZIP,Zip Co Ltd.,2.605,AUD,-3.5185185185185257,5707385,0.3623189509840222,3401366409,AUD,Finance,Strong buy,Finance/Rental/Leasing,-20.33639143730887,-6.630824372759859,-15.967741935483875,16.294642857142847,20.046082949308758,5.017822868110727,2.746261701697275,2.719372720673442,2.733139581671954,2.683471555374764,2.735,2.76491666666667,14867737.925,AUD
CYQ,Cycliq Group Ltd,0.004,AUD,0,138822,0.3603444118218883,1842067,AUD,Electronic technology,No rating,Telecommunications equipment,0,-20,0,-20,0,3.5714285714283673,0.004646887377604554,0.004547361237212845,0.004717566101237157,0.004862715250565483,0.004714285714285715,0.004416666666666672,555.288,AUD
PWR,Peter Warren Automotive Holdings Ltd,0.97,AUD,-1.020408163265307,40794,0.35866735479968387,168565940,AUD,Retail trade,Strong buy,Specialty stores,-47.7088948787062,-1.020408163265307,2.105263157894739,-8.920187793427226,-41.389728096676734,2.8350515463917723,0.957679433952764,0.9642028548769845,0.9742753171582651,1.254569960668705,0.9664285714285715,0.9375833333333329,39570.18,AUD
MLS,Metals Australia Ltd,0.018,AUD,-5.263157894736847,165288,0.35809836612529095,13950170,AUD,Non-energy minerals,No rating,Precious metals,-30.769230769230774,-5.263157894736847,-10.000000000000009,-21.739130434782613,-21.739130434782613,4.761904761904423,0.018213404650323596,0.01798918407803491,0.019350922862569828,0.02183492162453333,0.017857142857142766,0.020066666666666653,2975.1839999999997,AUD
OCN,Oceana metals Limited,0.402,AUD,-0.7407407407407414,151836,0.35717705076992456,87097084,AUD,Non-energy minerals,No rating,Other metals/Minerals,67.50000000000001,7.200000000000006,11.666666666666677,-19.599999999999994,11.666666666666677,6.663113006396565,0.3834786203370147,0.3834773958442099,0.41170979300936134,0.32519998401998806,0.3895714285714286,0.45840000000000014,61038.072,AUD
ABV,Advanced Braking Technology Limited,0.125,AUD,0,40347,0.35622872732570204,49746407,AUD,Producer manufacturing,Strong buy,Auto parts: OEM,13.636363636363637,4.1666666666666705,16.82242990654206,8.69565217391304,-3.8461538461538494,3.3142857142858473,0.11875545951363999,0.1232240779075814,0.11571233218298324,0.11418148265463168,0.12457142857142853,0.11218333333333326,5043.375,AUD
GHY,Gold Hydrogen Ltd.,0.575,AUD,1.7699115044247804,133216,0.3559740747322165,99249859,AUD,Utilities,No rating,Electric utilities,40.24390243902438,16.161616161616156,40.24390243902438,38.554216867469876,66.66666666666667,5.900621118012392,0.4758393282592985,0.5206292354308782,0.43537605887440195,0.43329521938551324,0.5314285714285713,0.43150000000000105,76599.2,AUD
CTT,Cettire Ltd.,0.26,AUD,0,573373,0.35391214788126013,101028123,AUD,Retail trade,Neutral,Apparel/Footwear retail,-70.11494252873564,1.1673151750972772,36.8421052631579,40.54054054054055,-45.83333333333333,6.373626373626576,0.23831606661553453,0.2550100823193348,0.22686167634119894,0.3663930253257909,0.26285714285714284,0.21708333333333335,149076.98,AUD
SCP,Scalare Partners Holdings Limited,3,AUD,-10.714285714285712,500,0.3517836014902379,6490060,AUD,Consumer non-durables,No rating,Food: specialty/candy,-50,-10.71428571428571,0,-30.55555555555556,-39.759036144578324,2.285714285714387,3.214774702900103,3.1402769493221125,4.512758380115853,9487.622381226038,3.1885714285714277,4.123000000000003,1500,AUD
BSR,Bison Resources Ltd.,0.415,AUD,15.277777777777777,5579,0.351191937504196,27824999,AUD,Non-energy minerals,No rating,Precious metals,29.68749999999999,12.162162162162158,22.05882352941175,-22.429906542056084,3358.333333333333,2.581755593803804,0.3965714610708467,0.39766037481712474,0.39914016329336255,0.24513733485118402,0.4014285714285716,0.4503333333333333,2315.285,AUD
BHP,BHP Group Ltd,64.29,AUD,3.360128617363349,2155734,0.35038196346554007,311700320153,AUD,Non-energy minerals,Neutral,Steel,41.20360202064574,0.45312500000000977,11.421143847487008,11.808695652173926,20.619136960600393,1.3149123391774047,61.819583283665494,62.743194399266955,60.58701838905043,54.50315977852868,63.16999999999997,60.89933333333335,138592138.86,AUD
BMN,Bannerman Energy Ltd,3.83,AUD,6.388888888888888,339455,0.34879413742666776,716949976,AUD,Non-energy minerals,Strong buy,Other metals/Minerals,15.015015015015015,8.192090395480227,15.709969788519636,4.931506849315072,-6.127450980392156,4.2521447221186,3.452065050285108,3.5650567058918883,3.4383949924498878,3.531172877816667,3.6128571428571425,3.3798333333333344,1300112.6500000001,AUD
CMW,Cromwell Property Group,0.42,AUD,0,615838,0.34826042549504865,1126112699,AUD,Finance,Strong buy,Real estate investment trusts,-10.638297872340424,-4.545454545454549,-3.4482758620689684,-1.1764705882352953,-5.6179775280898925,2.3809523809534534,0.43089604878051635,0.4287260634254599,0.43045579301304876,0.42811851903127174,0.4307142857142863,0.4335000000000036,258651.96,AUD
S66,Star Combo Pharma Ltd.,0.13,AUD,0,15000,0.3469154590154077,17550388,AUD,Health technology,No rating,Pharmaceuticals: other,-52.72727272727273,4.0000000000000036,8.333333333333341,-36.58536585365853,-35,1.648351648351604,0.12994047184189694,0.12902514984653493,0.14763023001396589,0.1809624617144747,0.12999999999999995,0.1604166666666667,1950,AUD
AVL,Australian Vanadium Limited,0.16,AUD,0,188640,0.3462150894278858,60100765,AUD,Producer manufacturing,No rating,Electrical products,-31.91489361702127,-5.8823529411764754,10.344827586206906,-15.789473684210526,-43.85964912280701,6.116071428571394,0.15341394277876497,0.15719684035650608,0.15868863713207385,0.20588829830110583,0.15928571428571425,0.15769999999999998,30182.4,AUD
GPT,GPT Group,4.895,AUD,-2.1000000000000085,1528298,0.3457789717194604,9826912243,AUD,Finance,Buy,Real estate investment trusts,-9.686346863468641,-6.583969465648867,0.7201646090534826,2.620545073375262,-4.394531250000011,2.26907923537136,5.093922461841059,5.093979828288839,5.014898289687223,4.986268289535882,5.125000000000001,4.97941666666666,7481018.709999999,AUD
PC2,PC Gold Ltd.,0.985,AUD,3.6842105263157925,119221,0.3444143776918884,285330719,AUD,Non-energy minerals,Strong buy,Precious metals,177.46478873239437,-2.4752475247524774,-13.59649122807017,-29.64285714285714,31.333333333333332,6.105873821609977,0.9847944476769,0.9714412636293511,1.0440305617551864,0.819293466575885,0.9735714285714284,1.1015833333333331,117432.685,AUD
TCG,Turaco Gold Ltd,0.712,AUD,0.2816901408450707,663085,0.34161364606088634,738227145,AUD,Non-energy minerals,Strong buy,Precious metals,-14.216867469879517,3.1884057971014523,34.33962264150942,34.33962264150942,6.268656716417898,4.273675762439829,0.6392322906855817,0.6772961692549645,0.5923237343372265,0.5780002331001113,0.686714285714286,0.5483666666666671,472116.51999999996,AUD
XF1,Xref Ltd,0.068,AUD,0,101000,0.3403041780255821,12985296,AUD,Technology services,No rating,Packaged software,-57.49999999999999,28.301886792452844,13.333333333333346,-20,-43.33333333333333,1.0504201680676168,0.05954050683204865,0.05976829432066517,0.06709183764773503,0.10734678988204913,0.05828571428571432,0.07010000000000001,6868.000000000001,AUD
SRJ,SRJ Technologies Group PLC Shs Chess Depository Interests repr 1 Shs,0.008,AUD,14.285714285714285,2630504,0.3398253198454817,10581613,AUD,Industrial services,No rating,Engineering & construction,-46.666666666666664,-20,-38.46153846153846,-11.111111111111104,-33.333333333333336,14.285714285714205,0.009116064518714672,0.008187677918756148,0.010287086475522794,0.01404061189281262,0.007857142857142854,0.011400000000000006,21044.032,AUD
FRB,Firebird Metals Ltd.,0.2,AUD,2.5641025641025665,129835,0.33977546320527585,34648666,AUD,Non-energy minerals,No rating,Other metals/Minerals,25.000000000000004,14.285714285714299,8.108108108108116,11.111111111111121,-24.528301886792452,6.857142857142867,0.17941301578180652,0.1869260563809778,0.17687442460926334,0.18180895812774708,0.18785714285714297,0.17181666666666662,25967,AUD
PAR,Paradigm Biopharmaceuticals Ltd.,0.177,AUD,1.142857142857144,544824,0.33867889470720636,107854183,AUD,Health technology,Strong buy,Pharmaceuticals: generic,-47.941176470588246,-1.6666666666666683,1.142857142857144,4.117647058823517,-41.00000000000001,5.165456012913909,0.1748001562927378,0.1768850541377534,0.17492701198933372,0.231690999203055,0.1774285714285717,0.16761666666666666,96433.848,AUD
CR3,Core Energy Minerals Ltd,0.008,AUD,14.285714285714285,151473,0.3376664892208343,4989968,AUD,Non-energy minerals,No rating,Precious metals,-11.111111111111104,0,-11.111111111111104,-11.111111111111104,-20,3.5714285714285405,0.0077024695525617845,0.0075386274276620585,0.008072080817079833,0.010498553812779402,0.0074285714285714285,0.008300000000000005,1211.784,AUD
SMS,Star Minerals Ltd.,0.049,AUD,-2.0000000000000018,100000,0.33743610647323846,12967729,AUD,Non-energy minerals,No rating,Other metals/Minerals,8.888888888888896,16.666666666666664,28.94736842105264,-5.769230769230762,-23.4375,6.851311953352685,0.04441034137195397,0.04710942096478265,0.04386777983185358,0.04695503630429297,0.04828571428571423,0.0433,4900,AUD
LFS,Latitude Group Holdings Ltd.,0.895,AUD,-1.1049723756906087,13353,0.335513471545553,940958254,AUD,Finance,Neutral,Finance/Rental/Leasing,-14.761904761904765,-0.555555555555556,-2.185792349726778,-1.6483516483516498,-2.185792349726778,1.1173184357541164,0.8998346868402056,0.8993160262814615,0.9051351130242411,0.967597640390626,0.8995714285714315,0.9062666666666676,11950.935,AUD
BWP,BWP Trust,3.81,AUD,-0.26178010471203633,276843,0.3344384517421565,3030590615,AUD,Finance,Sell,Real estate investment trusts,-2.9321867951596547,-2.5575447570332503,-2.056555269922881,-0.26178010471203633,0.11706391348279968,1.556055493063422,3.8698740655615844,3.857381770201477,3.8622966504887524,3.802465126672293,3.8599999999999985,3.8556666666666684,1054771.83,AUD
CRI,Critica Limited,0.022,AUD,0,1751094,0.33399301837568707,66677730,AUD,Non-energy minerals,No rating,Other metals/Minerals,-12.00000000000001,-4.347826086956526,15.789473684210524,-4.347826086956526,-18.518518518518523,5.519480519480766,0.020990614317464212,0.021977824258661367,0.020412965237224308,0.02212808695061502,0.022714285714285718,0.019799999999999995,38524.068,AUD
DJW,Djerriwarrh Investments Limited,3,AUD,0.671140939597316,73482,0.33373269955518653,779416020,AUD,Miscellaneous,No rating,Investment trusts,-3.536977491961411,2.739726027397263,2.3890784982935096,7.1428571428571495,0.3344481605351099,1.071428571427946,2.9458333951671527,2.9633364900109713,2.907551062980662,2.9308995251605365,2.9585714285714326,2.868333333333341,220446,AUD
DXC,Dexus Convenience Retail REIT,2.72,AUD,-0.3663003663003585,59970,0.3335602677826502,370391136,AUD,Finance,Buy,Real estate investment trusts,-3.202846975088963,1.1152416356877417,1.492537313432837,2.2556390977443628,-2.15827338129495,1.2867647058822764,2.6917195606505366,2.710770740506199,2.6748781376801944,2.737867869826146,2.721428571428579,2.649833333333334,163118.40000000002,AUD
TZL,TZ Limited,0.03,AUD,0,8000,0.3327620917425087,10848254,AUD,Electronic technology,No rating,Computer communications,-33.333333333333336,24.999999999999993,15.384615384615387,0,-28.57142857142858,2.6190476190476066,0.027933333076240893,0.027942555621896768,0.030756467192690852,0.04060382948280097,0.027285714285714278,0.032133333333333326,240,AUD
PPC,Peet Limited,1.84,AUD,1.657458563535913,117474,0.3321086413721978,821618983,AUD,Finance,Strong buy,Real estate development,-4.90956072351421,2.506963788300844,3.081232492997208,10.843373493975912,-12.38095238095238,2.84161490683208,1.7880506023928187,1.7965243087867386,1.7684493798341303,1.7912093104421858,1.7857142857142814,1.735999999999999,216152.16,AUD
PLS,PLS Group Limited,4.995,AUD,-1.8664047151276966,7198730,0.33105266633834834,15704724743,AUD,Non-energy minerals,Buy,Other metals/Minerals,18.928571428571427,4.4979079497907914,14.827586206896562,-14.906303236797275,11.000000000000004,4.254254254254261,4.6504936910351535,4.791882009023267,4.85732937048819,4.655825663156521,4.87071428571429,5.144250000000001,35957656.35,AUD
ELV,Elevra Lithium Limited,8.835,AUD,-3.6532170119956278,462100,0.33044617814073884,1769614123,AUD,Non-energy minerals,Strong buy,Other metals/Minerals,10.024906600249084,5.303933253873662,2.732558139534898,-21.04557640750669,9.074074074074089,5.31975099037922,8.548399061466348,8.708514300039665,9.123256775764352,8.530420367714974,8.86357142857143,9.803416666666669,4082653.5000000005,AUD
PDN,Paladin Energy Ltd,10.94,AUD,3.6966824644549643,681500,0.3277166593020581,4552000628,AUD,Non-energy minerals,Buy,Other metals/Minerals,13.603322949117329,5.293551491819046,23.476297968397294,3.5004730368968704,-15.716486902927587,3.4277879341863096,10.066488278291551,10.409378772615895,10.052234270757301,10.280996225877336,10.578571428571426,9.942,7455610,AUD
SDR,SiteMinder Limited,3.97,AUD,3.1168831168831197,361841,0.3272523862840894,1082600132,AUD,Technology services,Strong buy,Internet software/Services,-35.23654159869494,3.1168831168831197,12.146892655367235,43.840579710144944,3.6553524804177577,3.6613889888448825,3.699402485452537,3.8076852301165163,3.625327212702776,4.101419367309614,3.859999999999999,3.6853333333333325,1436508.77,AUD
CVB,Curvebeam AI Ltd.,0.019,AUD,0,100000,0.32693905921324073,9193077,AUD,Health technology,No rating,Biotechnology,-74.32432432432432,0,11.764705882352931,-63.46153846153847,-76.25,2.255639097741872,0.019306123435116354,0.018473231974006386,0.027024347632223375,0.05667645248897033,0.018571428571428565,0.03124999999999991,1900,AUD
FDV,Frontier Digital Ventures Ltd.,0.32,AUD,0,27312,0.3265114844485038,141650354,AUD,Technology services,Strong buy,Internet software/Services,33.33333333333334,0,-7.246376811594193,-9.859154929577457,23.076923076923077,1.6741071428571195,0.32606471561803135,0.32301317453730705,0.33147170716184854,0.3342257825545724,0.3221428571428571,0.33149999999999963,8739.84,AUD
TTX,Tetratherix Limited,6.14,AUD,1.9933554817275767,8986,0.3249756792628195,353750730,AUD,Health technology,Buy,Medical specialties,86.06060606060606,-18.997361477572564,-8.494783904619975,10.431654676258995,57.43589743589743,7.963006049325358,6.895237648581936,6.7263089657492765,6.598620819080969,5.332862680357765,6.752857142857138,6.554,55174.03999999999,AUD
BML,Boab Metals Ltd,0.482,AUD,0.4166666666666671,817836,0.32433627313099334,266159924,AUD,Non-energy minerals,Strong buy,Other metals/Minerals,4.782608695652167,-2.6262626262626285,33.888888888888886,25.194805194805188,-23.492063492063497,5.053349140486024,0.4503056384043767,0.4727884345654688,0.42392978616840227,0.4071811733770801,0.4824285714285716,0.4007833333333337,394196.952,AUD
FBR,FBR Limited,0.115,AUD,-7.9999999999999964,42241,0.3242072881976452,17927330,AUD,Producer manufacturing,No rating,Industrial machinery,-42.5,-20.689655172413786,-42.5,-23.33333333333333,-42.5,9.440993788818512,0.13805933175362517,0.13113167517910482,0.14863321812281485,0.22574618748896594,0.13214285714285715,0.15324999999999983,4857.715,AUD
ALK,Alkane Resources Ltd,1.61,AUD,0.9404388714733621,1795233,0.32388646997717463,2097124537.0000002,AUD,Non-energy minerals,Strong buy,Precious metals,20.827067669172926,1.7088607594936653,18.161764705882344,8.58108108108108,-6.023391812865496,3.5692061516576232,1.4847254322306596,1.5449486596441055,1.4597617804159269,1.3857165036351367,1.5795714285714297,1.4493666666666658,2880849.616,AUD
SEQ,Sequoia Financial Group Ltd.,0.12,AUD,4.3478260869565135,27573,0.32135015314042764,14096155,AUD,Finance,No rating,Investment managers,-58.62068965517242,-4.0000000000000036,0,-17.241379310344826,-53.846153846153854,3.5714285714283136,0.11845174480726176,0.11834185445694125,0.12575304025242565,0.19594841501218674,0.11857142857142848,0.12030000000000021,3308.7599999999998,AUD
FRS,Forrestania Resources Limited,0.367,AUD,0.5479452054794526,1642545,0.3190826538580718,623678225,AUD,Non-energy minerals,Strong buy,Precious metals,22.333333333333336,-5.897435897435902,-5.897435897435902,-37.26495726495726,-35.614035087719294,5.89723627870756,0.3780091845579455,0.37520264212487675,0.41112254941646337,0.40499348831083654,0.38314285714285706,0.4427,602814.015,AUD
JAN,Janison Education Group Ltd.,0.098,AUD,8.888888888888898,287647,0.3188915827153971,23389943,AUD,Technology services,No rating,Packaged software,-66.20689655172414,8.888888888888896,3.157894736842108,-14.782608695652176,-54.41860465116279,3.279883381924308,0.09422747439611127,0.09261899856637273,0.10067749493089301,0.14535128609473522,0.0912857142857145,0.10033333333333226,28189.406000000003,AUD
HPC,Hydration Pharmaceuticals Company Limited,0.005,AUD,25,100020,0.31806148489112546,2689943,AUD,Retail trade,No rating,Food retail,25,25,25,66.66666666666667,25,1.4285714285711646,0.004125454145917817,0.004224151811509069,0.004213565660288733,0.009206045837308332,0.004142857142857142,0.004050000000000003,500.1,AUD
VRL,Verity Resources Limited,0.014,AUD,0,177521,0.31736233199216685,5891555,AUD,Non-energy minerals,No rating,Other metals/Minerals,-21.25098436269546,27.272727272727284,0,-17.647058823529417,-41.666666666666664,4.591836734693878,0.012524648528656377,0.01248666620763836,0.013932292629515805,0.018751516860295712,0.012142857142857144,0.014316666666666695,2485.294,AUD
HZR,Hazer Group Ltd.,0.35,AUD,0,32962,0.3154294594770474,87050545,AUD,Process industries,Strong buy,Chemicals: specialty,-32.6923076923077,6.060606060606049,7.692307692307681,2.9411764705882213,-18.604651162790702,3.673469387755099,0.33060935636930855,0.3373740250637337,0.3298226738689476,0.3690709138225327,0.3378571428571429,0.32614999999999944,11536.699999999999,AUD
LMG,Latrobe Magnesium Limited,0.009,AUD,0,2630560,0.31529488214664786,30733658,AUD,Non-energy minerals,Strong buy,Other metals/Minerals,-57.142857142857146,0,-30.769230769230774,-55,-62.50000000000001,18.253968253967994,0.010145640870464498,0.009356848301660151,0.012210268732321759,0.017119237634602248,0.009142857142857138,0.013233333333333352,23675.039999999997,AUD
A3D,Aurora Labs Ltd.,0.052,AUD,-10.344827586206904,113636,0.3152551814750822,29322700,AUD,Producer manufacturing,No rating,Industrial machinery,-13.333333333333334,-7.1428571428571495,10.63829787234042,3.9999999999999893,-8.771929824561411,7.005494505494559,0.05189357298381661,0.054427694612167156,0.05053561678289722,0.051615971106834885,0.05585714285714284,0.050166666666666505,5909.072,AUD
VNL,Vinyl Group Ltd.,0.043,AUD,0,132500,0.314752185508524,63776577,AUD,Electronic technology,No rating,Electronic equipment/Instruments,-46.91358024691359,-12.244897959183684,-14.000000000000012,-39.43661971830986,-46.25000000000001,8.970099667774443,0.048429455855855036,0.04571188308964093,0.05463313123411345,0.0732246035881526,0.045142857142857165,0.05673333333333338,5697.499999999999,AUD
VUL,Vulcan Energy Resources Ltd.,2.835,AUD,-3.89830508474577,631246,0.31435962012268875,1295811486,AUD,Non-energy minerals,Strong buy,Other metals/Minerals,-35.71428571428572,-4.8657718120805376,3.8461538461538454,-15.875370919881309,-26.55440414507772,4.018644494834836,2.851551739038357,2.896258884688629,2.969783372018254,3.488629611471763,2.9735714285714248,3.066749999999994,1789582.41,AUD
MTH,Mithril Silver and Gold Limited,0.225,AUD,0,88054,0.31390177691349286,41247308,AUD,Non-energy minerals,No rating,Other metals/Minerals,-62.8099173553719,-2.1739130434782625,-6.249999999999995,-24.999999999999996,-36.61971830985915,5.936507936507832,0.22747367056914217,0.22623675309135588,0.24489329819027733,0.3390771941774219,0.22999999999999993,0.24999999999999986,19812.15,AUD
ADH,Adairs Ltd.,1.442,AUD,1.9081272084805594,106975,0.3134725046738831,258098120,AUD,Retail trade,Buy,Specialty stores,-19.888888888888896,-3.8666666666666702,0.48780487804877315,14.900398406374508,-20.331491712707187,3.467406380027542,1.4531286355389088,1.455762883485389,1.4293794856869322,1.596512166173101,1.4767142857142859,1.405366666666666,154257.94999999998,AUD
ABY,Adore Beauty Group Ltd.,0.285,AUD,-16.176470588235308,195755,0.3132074988680018,25838432,AUD,Retail trade,Neutral,Specialty stores,-77.55905511811025,16.32653061224489,1.7857142857142674,-16.176470588235308,-69.02173913043478,11.152882205513773,0.27681661852982725,0.28262463228450646,0.29287072591653623,0.5280805764814344,0.282142857142857,0.28628333333333217,55790.174999999996,AUD
SMM,Somerset Minerals Limited,0.012,AUD,-7.692307692307685,3928417,0.31252721046988036,19664127,AUD,Non-energy minerals,No rating,Precious metals,-7.692307692307686,-7.692307692307686,71.42857142857143,-19.999999999999996,-29.41176470588236,9.523809523809499,0.01055388117435576,0.01183416238549782,0.010254775285497529,0.013685039231598964,0.01242857142857143,0.00965,47141.004,AUD
STX,Strike Energy Limited,0.102,AUD,-2.85714285714286,676181,0.31239587666511864,377936670,AUD,Energy minerals,Buy,Oil & gas production,-2.85714285714286,1.9999999999999878,5.154639175257722,-21.538461538461547,4.081632653061214,3.5714285714285574,0.10014385373895963,0.10144779025502897,0.10219624738170326,0.11258856849538196,0.10228571428571416,0.10351666666666669,68970.462,AUD
BAK,Barkly Rare Earths Ltd.,0.22,AUD,0,11363,0.3122217948013409,17875000,AUD,Non-energy minerals,No rating,Other metals/Minerals,-25.42372881355932,0,2.325581395348839,4.761904761904766,-13.725490196078432,3.4090909090908865,0.21679545047328277,0.21955330749295968,0.212716027751053,,0.2192857142857143,0.20550000000000004,2499.86,AUD
GOW,Gowing Bros. Ltd.,2.14,AUD,-0.46511627906975755,3783,0.3118611092791664,116439700,AUD,Miscellaneous,No rating,Investment trusts,-6.956521739130422,-1.382488479262664,-5.309734513274321,2.3923444976076684,-2.7272727272727293,0.767690253671439,2.1777946361806793,2.167168325245926,2.1849099151331735,2.217029393520917,2.168571428571428,2.1756666666666744,8095.620000000001,AUD
AXE,Archer Materials Limited,0.23,AUD,2.222222222222224,115440,0.310199668195989,63851679,AUD,Electronic technology,No rating,Semiconductors,-32.352941176470594,-2.1276595744680753,-6.122448979591831,-28.125,-36.98630136986301,5.124223602484907,0.23182583372323254,0.22743201693828874,0.25886648479607194,0.30791033159497067,0.22714285714285776,0.28816666666666685,26551.2,AUD
RIC,Ridley Corporation Limited,2.96,AUD,1.0238907849829284,129744,0.3099067251077859,1083325287,AUD,Process industries,Strong buy,Agricultural commodities/Milling,11.698113207547173,-1.0033444816053594,7.24637681159421,10.447761194029843,16.996047430830046,2.171814671814844,2.876879133921534,2.915205717782867,2.8151615947540436,2.7465497108440355,2.9271428571428566,2.790999999999998,384042.24,AUD
DVL,dorsaVi Ltd.,0.026,AUD,3.99999999999999,267371,0.30977473087863333,28405654,AUD,Electronic technology,No rating,Electronic equipment/Instruments,-18.750000000000007,13.043478260869563,-10.344827586206906,-27.77777777777778,-18.750000000000007,7.96703296703302,0.025679657520191596,0.024524989313287532,0.02894157248629944,0.031950609847897576,0.023714285714285663,0.031816666666666646,6951.646,AUD
QUE,Queste Communications Ltd,0.05,AUD,0,10000,0.30876014277069,1353617,AUD,Finance,No rating,Financial conglomerates,-10.714285714285712,0,0,-10.714285714285712,-10.714285714285712,1.1428571428570704,0.05091418515261958,0.05192799041939104,0.049268976552503195,0.07328804452889857,0.05171428571428573,0.047566666666666674,500,AUD
MME,MoneyMe Ltd.,0.07,AUD,-2.7777777777777612,246845,0.3082162874349592,59343906,AUD,Technology services,Strong buy,Internet software/Services,-41.666666666666664,-12.499999999999995,-14.634146341463412,-15.662650602409636,-30,4.79591836734675,0.07696737270322407,0.07451150890616771,0.07981718981586888,0.09426337104410183,0.07442857142857122,0.08076666666666686,17279.15,AUD
SHL,Sonic Healthcare Limited,22.8,AUD,-0.04384042086803161,540407,0.30549254806258674,11055996759,AUD,Health services,Neutral,Medical/Nursing services,0.8403361344537872,2.013422818791943,4.014598540145981,23.778501628664486,1.3333333333333366,2.285401002505983,22.155231310340962,22.47602893963051,21.46337056255162,21.64132482312207,22.525714285714287,20.94083333333332,12321279.6,AUD
WMI,WAM Microcap Ltd.,1.42,AUD,1.42857142857143,99004,0.3050346554664931,396685170,AUD,Miscellaneous,No rating,Investment trusts,-12.34567901234569,-6.885245901639344,-4.697986577181212,-4.054054054054058,-13.149847094801228,2.062374245472389,1.448870365864156,1.4350257059152174,1.459060058664205,1.5174768673657626,1.4350000000000007,1.4409999999999994,140585.68,AUD
ACE,Acusensus Ltd,1.19,AUD,0.42194092827003316,93058,0.30430015509635233,200736452,AUD,Technology services,Strong buy,Information technology services,-30.4093567251462,4.845814977973562,6.726457399103135,-16.491228070175445,-33.519553072625705,5.822328931572377,1.1271271725770022,1.1434325882184138,1.172022447705239,1.3316619829786107,1.1507142857142847,1.1764166666666658,110739.01999999999,AUD
EXR,Elixir Energy Limited,0.052,AUD,3.99999999999999,4488060,0.3039906159730709,95327876,AUD,Energy minerals,Strong buy,Oil & gas production,-34.17721518987342,0,-46.39175257731959,-60.00000000000001,-46.39175257731959,15.247252747252846,0.06772357402411854,0.05416280446888956,0.088862562554124,0.09097532995665343,0.04928571428571427,0.0999166666666667,233379.12,AUD
SIS,Simble Solutions Ltd.,0.005,AUD,0,369676,0.30393648375688237,11091651,AUD,Technology services,No rating,Packaged software,-28.571428571428573,0,0,-16.666666666666668,-16.666666666666668,2.857142857142763,0.005289708976649009,0.005040493045244695,0.005728960311006575,0.005765843570800571,0.004999999999999998,0.0060666666666666655,1848.38,AUD
RIE,Riedel Resources Limited,0.024,AUD,0,74853,0.3033280869335468,11345157,AUD,Non-energy minerals,No rating,Precious metals,-27.272727272727277,26.315789473684216,20,-4.0000000000000036,-36.84210526315789,2.3809523809523316,0.021329223903735792,0.02153590525870873,0.023256006782251325,0.03677670774730891,0.02085714285714285,0.0241,1796.472,AUD
BTL,Beetaloo Energy Australia Limited,0.227,AUD,0.8888888888888896,646792,0.3029095884247017,331594864,AUD,Energy minerals,Strong buy,Integrated oil,-21.724137931034473,-3.4042553191489278,-12.692307692307693,-17.45454545454546,-1.3043478260869577,5.663939584644437,0.23297783888636905,0.22744697537795353,0.24748595293101408,0.26249022143291373,0.22742857142857117,0.25528333333333314,146821.784,AUD
DEL,Delorean Corporation Ltd,0.094,AUD,1.0752688172043021,10162,0.30227584381125755,23530076,AUD,Utilities,No rating,Electric utilities,-21.666666666666664,0,0,6.818181818181825,-1.0526315789473693,1.5957446808509028,0.09473314463921155,0.09452358628929426,0.09475636734072503,0.10739572060460593,0.0945714285714285,0.09411666666666677,955.228,AUD
MVF,Monash IVF Group Ltd,0.702,AUD,0.285714285714286,109371,0.30179369277092477,270796223,AUD,Health services,Buy,Medical/Nursing services,-3.8356164383561677,2.481751824817504,-0.4255319148936174,-1.81818181818182,-2.500000000000002,2.452177452177867,0.6943883898550769,0.6965535891110279,0.6976097239185547,0.7254867516571623,0.6967142857142868,0.6992000000000006,76778.442,AUD
MAM,Microequities Asset Management Group Ltd.,0.41,AUD,-1.204819277108435,7000,0.30150580614038114,56914721,AUD,Finance,No rating,Investment managers,-31.666666666666668,-9.890109890109898,-7.8651685393258495,-1.204819277108435,-28.07017543859649,2.49128919860656,0.43342680087313523,0.4360529739634951,0.4312074479981194,0.4796490603877502,0.4457142857142859,0.41941666666666616,2870,AUD
AHC,Austco Healthcare Ltd,0.23,AUD,0,43263,0.30111312256876366,86192796,AUD,Electronic technology,Strong buy,Electronic equipment/Instruments,-43.20987654320987,-2.1276595744680753,-7.9999999999999964,-29.23076923076923,-41.02564102564102,1.9875776397513183,0.2296634201788952,0.2291012426145935,0.24224028334857048,0.30006473298068265,0.23028571428571426,0.2384333333333334,9950.49,AUD
CPV,ClearVue Technologies Ltd.,0.083,AUD,1.2195121951219523,241852,0.30070708164605336,30212462,AUD,Electronic technology,No rating,Semiconductors,-36.15384615384615,9.210526315789481,-1.1904761904761914,-24.545454545454543,-30.83333333333333,4.819277108433756,0.08070761284918619,0.08079112654530511,0.08975180684871446,0.12557154763966819,0.08100000000000003,0.10190000000000007,20073.716,AUD
BST,Boresight Ltd.,0.35,AUD,6.060606060606049,125560,0.3005091615085962,74203086.9,AUD,Electronic technology,No rating,Aerospace & defense,-2.7777777777777803,-5.405405405405411,-2.7777777777777803,-2.7777777777777803,-2.7777777777777803,8.775510204081597,0.3479056406486405,0.34968493469128,0.3642,,0.3535714285714285,,43946,AUD
ARV,Artemis Resources Limited,0.003,AUD,-25,640200,0.29909675303424127,17994610,AUD,Non-energy minerals,No rating,Precious metals,-66.66666666666667,-25,0,-25,-50,14.285714285715102,0.0034145796880363775,0.0035423511841083883,0.003597626878699138,0.005242887143201369,0.0037142857142857155,0.0036999999999999997,1920.6000000000001,AUD
DXI,Dexus Industria REIT,2.37,AUD,0.42372881355933184,260620,0.2986172880641655,743716335,AUD,Finance,Buy,Real estate investment trusts,-12.546125461254608,-2.469135802469138,-4.048582995951421,-1.6597510373443998,-8.139534883720929,2.1549125979503416,2.419292346493048,2.3945403758492114,2.432522760808565,2.515210320087651,2.3871428571428615,2.4325000000000037,617669.4,AUD
ARB,ARB Corporation Limited,19.13,AUD,0.2095337873232014,80080,0.298003140792343,1631371559,AUD,Producer manufacturing,Buy,Auto parts: OEM,-39.80490874764003,-5.297029702970298,9.439359267734545,9.87937966685812,-24.950961161239704,3.1476364722573273,19.395175911371993,19.54595570387221,19.14875226163785,23.312646101983077,19.65142857142857,18.841333333333303,1531930.4,AUD
FAU,First AU Ltd.,0.005,AUD,-16.666666666666664,498681,0.29715813163063437,22580882,AUD,Non-energy minerals,No rating,Precious metals,-28.571428571428573,-16.666666666666668,-28.571428571428573,-37.5,-73.68421052631578,10.000000000000009,0.0063687595911644974,0.005944262380270969,0.007361863095095677,0.00853548497330263,0.005857142857142855,0.0075333333333333485,2493.405,AUD
NSB,Neuroscientific Biopharmaceuticals Ltd.,0.057,AUD,1.7857142857142874,64182,0.29678343576466515,22603676,AUD,Health technology,No rating,Biotechnology,-48.18181818181818,3.63636363636364,-12.307692307692308,-42.42424242424242,-50.434782608695656,6.140350877192842,0.06031856653631516,0.058613972838015574,0.06690493178581748,0.09127290543046937,0.058428571428571434,0.06818333333333333,3658.3740000000003,AUD
XST,Xstate Resources Limited,0.015,AUD,0,450971,0.295879258803007,7198394,AUD,Energy minerals,No rating,Integrated oil,-16.666666666666664,24.999999999999993,7.142857142857137,-50,-31.818181818181817,9.047619047619383,0.013011478246322363,0.013652946886660345,0.014667578334800955,0.020524199999494563,0.013999999999999995,0.014483333333333343,6764.565,AUD
CDP,Carindale Property Trust,5.48,AUD,-0.18214936247722746,2211,0.29582552849879584,453399930,AUD,Finance,Neutral,Real estate investment trusts,-3.0088495575221224,-0.18214936247722743,-1.2612612612612504,1.2939001848428888,2.2388059701492558,0.7494786235659406,5.474973281354695,5.469514455547703,5.486503795816963,5.401977969184367,5.480000000000009,5.50341666666666,12116.28,AUD
MGX,MGX Resources Limited,0.347,AUD,0.5797101449275368,129218,0.29569918309605175,401345766,AUD,Non-energy minerals,No rating,Steel,-22.022471910112365,-0.857142857142858,2.05882352941175,0.5797101449275368,-22.022471910112365,3.025936599424258,0.3410502148888424,0.3431651576521265,0.3447541203647079,0.3692517025769104,0.34457142857142903,0.34228333333333266,44838.64599999999,AUD
ACP,Audalia Resources Limited,0.02,AUD,-20.000000000000004,10012,0.2953401042480951,24139813,AUD,Non-energy minerals,No rating,Other metals/Minerals,-16.666666666666668,-25.925925925925924,-28.571428571428573,-16.666666666666668,-20.000000000000004,2.142857142857328,0.025372176632546144,0.025270573891551303,0.02464718603449518,0.02155592265801182,0.025857142857142856,0.024666666666666684,200.24,AUD
ACW,Actinogen Medical Limited,0.045,AUD,-2.173913043478263,760779,0.29516050280319045,169231148,AUD,Health technology,Strong buy,Pharmaceuticals: other,-28.571428571428577,0,7.142857142857133,18.421052631578945,2.2727272727272747,4.444444444444402,0.043333738581027674,0.044792594683702704,0.04115966303352339,0.040082209410065905,0.04571428571428574,0.0389,34235.055,AUD
BLS,BLS Pharmaceuticals Limited,0.925,AUD,-1.0695187165775408,51061,0.2949058410542943,215357376,AUD,Commercial services,Strong buy,Miscellaneous commercial services,125.60975609756102,0.5434782608695656,-0.537634408602151,23.33333333333334,105.55555555555556,3.899613899613895,0.8952066759576528,0.9150786989591806,0.8689476587837834,0.6776269091644767,0.9278571428571432,0.8880000003333329,47231.425,AUD
KLV,Klevo Rewards Limited,0.087,AUD,-2.247191011235957,374165,0.294010296037601,140591809,AUD,Technology services,No rating,Packaged software,1350,85.10638297872339,40.32258064516128,33.84615384615383,163.63636363636363,9.113300492610863,0.06632559416452498,0.07495621489299578,0.06333397603080405,0.04744787398700532,0.07642857142857144,0.06903333333333334,32552.355,AUD
OM1,Omnia Metals Group Ltd,0.013,AUD,8.333333333333325,83333,0.29240203147708765,5289646,AUD,Non-energy minerals,No rating,Other metals/Minerals,-40.90909090909091,0,-13.333333333333334,-31.57894736842105,-48.00000000000001,4.3956043956043045,0.013904473762373084,0.01281235203373222,0.016457688618998323,0.027684454690216808,0.01257142857142846,0.018149999999999937,1083.329,AUD
RAC,Racura Oncology Ltd,2.08,AUD,-0.47846889952152094,24757,0.2916939622872709,391157535,AUD,Health technology,No rating,Pharmaceuticals: major,-24.637681159420282,4.0000000000000036,-5.022831050228305,-16.799999999999997,-7.142857142857149,4.4230769230770015,2.0540758241486183,2.043426904252617,2.1690873996754694,2.3511613866781405,2.046428571428572,2.238583333333335,51494.560000000005,AUD
SVM,Sovereign Metals Limited,0.535,AUD,-0.9259259259259267,151053,0.2909787401920633,341099802,AUD,Non-energy minerals,Strong buy,Other metals/Minerals,-6.140350877192969,3.883495145631071,0.9433962264150951,-15.748031496062989,-30.51948051948052,3.578104138852028,0.5259055276749347,0.5277777001172997,0.5483526539128175,0.6235495271717023,0.5285714285714271,0.5521666666666648,80813.35500000001,AUD
STN,Saturn Metals Ltd.,0.455,AUD,2.247191011235957,613112,0.29027323877993505,259700714,AUD,Non-energy minerals,Strong buy,Precious metals,-8.999999999999996,-5.208333333333326,1.111111111111112,-13.333333333333334,-12.5,4.835164835164876,0.4493449793101112,0.44764544611423235,0.4679180631862081,0.48100839154904873,0.4535714285714287,0.4895833333333334,278965.96,AUD
VMS,Venari Minerals NL,0.081,AUD,2.5316455696202556,12724,0.29016243532118813,10287905,AUD,Non-energy minerals,No rating,Precious metals,-44.137931034482754,-3.5714285714285743,-4.70588235294118,-37.69230769230769,-59.5,2.557319223985993,0.08804981563585086,0.08252406137583049,0.10711171891989014,0.15739946087840445,0.08114285714285709,0.11728333333333323,1030.644,AUD
LIO,Lion Energy Limited,0.011,AUD,0,56853,0.29010451375742313,4973845,AUD,Energy minerals,No rating,Oil & gas production,0,0,-15.384615384615387,-35.29411764705883,-35.29411764705883,5.194805194805403,0.01184958037026932,0.011583848684335773,0.013081451443068468,0.014707628712728732,0.011857142857142858,0.014150000000000012,625.3829999999999,AUD
CD1,CD Private Equity Fund I Units,0.275,AUD,1.8518518518518534,16364,0.28973600807379735,,,Finance,No rating,Investment managers,-39.56043956043956,-1.7857142857142871,-16.666666666666664,-21.428571428571416,-34.52380952380952,1.428571428571395,0.29385578053415506,0.2798435115873512,0.31589344355214916,0.4084981349259873,0.2714285714285714,0.32191666666666685,4500.1,AUD
AJX,Alexium International Group Limited,0.007,AUD,0,45900,0.289392899092668,21894495,AUD,Process industries,No rating,Chemicals: specialty,0,0,16.666666666666668,0,0,4.081632653061313,0.0069358341918592786,0.00696320317572342,0.006946589170925755,0.007156452361191982,0.007000000000000004,0.0069333333333333426,321.3,AUD
EBR,"EBR Systems, Inc. Shs Chess Depository Interests Repr 1 Sh",0.28,AUD,-1.7543859649122628,882137,0.28927491582735043,222225136,AUD,Health technology,Strong buy,Medical specialties,-69.23076923076923,-3.4482758620689498,-27.272727272727266,-45.09803921568627,-65,7.474489795918478,0.2997143248645207,0.2882288962212553,0.35497276402343214,0.6483664530783465,0.29142857142857165,0.36028410266666566,246998.36000000002,AUD
GLL,Galilee Energy Limited,0.004,AUD,-20,995000,0.28762518235653367,9056440,AUD,Energy minerals,No rating,Integrated oil,-42.857142857142854,-33.333333333333336,-42.857142857142854,-33.333333333333336,-33.333333333333336,19.642857142857114,0.00586392596968992,0.005445890679727823,0.00611070946207978,0.007692750688631644,0.00557142857142857,0.00616666666666667,3980,AUD
BRN,BrainChip Holdings Ltd.,0.132,AUD,-2.222222222222224,756287,0.2871783503520663,304304910,AUD,Electronic technology,No rating,Semiconductors,-22.35294117647059,-2.222222222222224,-5.714285714285719,-11.999999999999993,-5.714285714285719,6.5476190476191976,0.13404303977498347,0.13326323760970485,0.14116233681649917,0.16046882001472806,0.13385714285714265,0.14986666666666665,99829.884,AUD
WGR,Western Gold Resources Ltd.,0.085,AUD,-2.2988505747126298,131048,0.2866649648067175,27258181,AUD,Non-energy minerals,No rating,Precious metals,-55.26315789473684,-3.4090909090908967,-6.593406593406585,-34.61538461538461,-54.054054054054056,4.957983193277406,0.09298005747843602,0.08954425667640914,0.1050446350243581,0.13225417014406193,0.08971428571428554,0.10923333333333335,11139.08,AUD
CD2,CD Private Equity Fund II Units,0.29,AUD,3.5714285714285547,26902,0.2860387325066826,14694144.639999999,AUD,Finance,No rating,Investment managers,-57.971014492753625,-3.3333333333333366,-9.375000000000009,-21.621621621621628,-38.94736842105263,3.4482758620689307,0.31137008877454914,0.29669666847200454,0.33248666682396016,0.4795767270053349,0.28857142857142876,0.3334999999999994,7801.579999999999,AUD
CYB,AUCyber Limited,0.04,AUD,0,12350,0.28584588393499866,8349905,AUD,Technology services,No rating,Information technology services,-50,-4.761904761904765,-2.4390243902439046,-16.666666666666668,-34.42622950819672,1.428571428571477,0.04324859777918343,0.04194911418729899,0.047755076720557475,0.07888930389439822,0.04157142857142857,0.048733333333333226,494,AUD
CD3,CD Private Equity Fund III Units,0.79,AUD,-1.8633540372670823,12643,0.2845734324602333,56902436,AUD,Finance,No rating,Investment managers,-28.828828828828833,-0.6289308176100634,-12.22222222222222,-15.508021390374333,-21.78217821782178,1.627486437613742,0.8449648720798072,0.8100588115021214,0.8792170913769036,0.9834896570002579,0.7914285714285726,0.8860000000000047,9987.970000000001,AUD
ASL,Andean Silver Limited,2.24,AUD,0.9009009009009016,233950,0.283628254587243,463686872,AUD,Non-energy minerals,Strong buy,Precious metals,-7.81893004115226,2.7522935779816535,20.430107526881727,15.46391752577321,14.871794871794885,4.320790816326588,2.0885328650428026,2.163200818605238,2.045814583440457,1.9640207588487018,2.195714285714286,2.0292499999999998,524048.00000000006,AUD
DAI,Decidr AI Industries Ltd,0.315,AUD,-4.545454545454549,178494,0.28256008996635756,116319889,AUD,Technology services,No rating,Packaged software,-49.193548387096776,-9.999999999999993,-26.74418604651163,-52.98507462686568,-24.096385542168672,9.410430839002249,0.3603576755109779,0.33744842977751127,0.4122447987557577,0.5039828138813498,0.3342857142857147,0.43649999999999983,56225.61,AUD
NS1,Nodestream Ltd,0.008,AUD,-11.111111111111102,997201,0.28207572905414435,15887965,AUD,Technology services,No rating,Packaged software,-57.89473684210526,-11.111111111111104,-33.333333333333336,-27.27272727272727,-52.94117647058824,11.607142857142566,0.009032663826461496,0.008453593212620824,0.01031519090932287,0.013580603337558853,0.008285714285714282,0.011466666666666665,7977.608,AUD
PXX,PolarX Ltd,0.017,AUD,0,425592,0.2817757076172503,49050345,AUD,Non-energy minerals,No rating,Precious metals,-22.72727272727272,0,13.333333333333346,-10.526315789473676,-14.999999999999996,6.722689075630275,0.016525962418504247,0.017188509001268386,0.01618369684641031,0.01699530502213539,0.017428571428571425,0.016000000000000018,7235.064,AUD
AUZ,Australian Mines Limited,0.032,AUD,-5.8823529411764754,14648926,0.2793529044185387,81989246,AUD,Non-energy minerals,No rating,Other metals/Minerals,77.77777777777779,18.518518518518523,45.45454545454547,27.999999999999996,88.23529411764706,10.49107142857144,0.028298618990409606,0.03174182951932271,0.025042469963259897,0.020319093844281485,0.03342857142857143,0.023650000000000015,468765.632,AUD
AEV,Avenira Limited,0.007,AUD,16.666666666666664,239429,0.27880408234320186,43440717,AUD,Non-energy minerals,No rating,Precious metals,0,0,16.666666666666668,0,0,7.142857142857211,0.006874730905714347,0.007023844583049613,0.006886405177886532,0.007377355609550829,0.007142857142857144,0.006900000000000003,1676.003,AUD
VMC,Venus Metals Corporation Limited,0.285,AUD,1.7857142857142672,273464,0.27859474002975804,57757118,AUD,Non-energy minerals,No rating,Precious metals,46.15384615384613,9.6153846153846,11.764705882352931,42.49999999999998,1.7857142857142674,2.581453634085149,0.26400060261337166,0.27000123140050797,0.260134510454826,0.22367316569209864,0.2700000000000001,0.26153333333333323,77937.23999999999,AUD
RHY,Rhythm Biosciences Limited,0.086,AUD,-4.444444444444449,66387,0.27851452209044264,29488848,AUD,Health technology,No rating,Medical specialties,-36.296296296296305,-7.526881720430114,0,-36.296296296296305,-60.909090909090914,6.6445182724251675,0.08682005783160329,0.0863301476510096,0.09617746630309959,0.11954661533136281,0.08699999999999997,0.0965,5709.281999999999,AUD
KLI,Killi Resources Limited,0.275,AUD,-1.785714285714287,203675,0.2776902172875675,65951657,AUD,Non-energy minerals,No rating,Precious metals,554.7619047619047,10.000000000000009,57.14285714285717,41.025641025641036,450.00000000000006,6.753246753246753,0.23471313795779558,0.25675316199978915,0.20491751648365125,0.12773239432778152,0.26242857142857146,0.20436666666666664,56010.62500000001,AUD
CRS,Caprice Resources Ltd.,0.089,AUD,-1.1111111111111123,575147,0.2776241313128685,78429944,AUD,Non-energy minerals,Strong buy,Precious metals,-5.319148936170217,-1.111111111111112,9.876543209876536,-15.238095238095239,2.2988505747126458,4.093097913322601,0.088145978936695,0.08985237124129863,0.08695465238701422,0.08864869459984524,0.09114285714285718,0.08513333333333334,51188.083,AUD
BPT,Beach Energy Limited,0.892,AUD,1.9428571428571444,3530725,0.2773376829804433,1970780670,AUD,Energy minerals,Neutral,Oil & gas production,-23.760683760683754,4.327485380116963,1.3636363636363649,-22.77056277056277,-20.35714285714286,3.275144138372742,0.8801684358359249,0.8746055343847713,0.9204583054686906,1.0732710183737348,0.8638571428571453,0.9327833333333334,3149406.7,AUD
CY5,Cygnus Metals Limited,0.145,AUD,0,1267145,0.27608872838017257,184138813,AUD,Non-energy minerals,Strong buy,Precious metals,-19.444444444444446,-3.3333333333333366,11.538461538461528,38.095238095238095,-21.621621621621628,4.532019704433549,0.142547902410934,0.14691952314554205,0.1356662840617054,0.13558972149098963,0.14999999999999997,0.13008333333333316,183736.025,AUD
DUR,Duratec Limited,2.23,AUD,1.8264840182648419,63696,0.27436959948999373,557626223,AUD,Industrial services,Strong buy,Engineering & construction,16.14583333333334,2.2935779816513677,-0.8888888888888897,-10.8,-0.4464285714285817,3.7475976937860374,2.224182852790896,2.1975910785600736,2.332734556963496,2.283106418433579,2.1914285714285717,2.4285000000000028,142042.08,AUD
RGT,Argent Biopharma Ltd,0.039,AUD,0,113268,0.2731009719885125,4664383,AUD,Health technology,No rating,Pharmaceuticals: other,-39.0625,0,-34.99999999999999,2.6315789473684235,-32.758620689655174,14.835164835164846,0.04259048631380614,0.039940068666534066,0.044025391617248014,0.06599442745555514,0.039285714285714354,0.043433333333333414,4417.452,AUD
DGL,DGL Group Limited,0.365,AUD,2.8169014084507067,33704,0.27291063925576303,101254961,AUD,Process industries,No rating,Chemicals: specialty,-7.594936708860766,-1.3513513513513526,19.672131147540984,1.3888888888888902,-32.40740740740741,4.461839530333322,0.33376094779243415,0.3489149721544021,0.33056330816041224,0.39031694348158524,0.3599999999999994,0.31966666666666727,12301.96,AUD
DM1,Desert Metals Ltd.,0.007,AUD,-12.5,240000,0.27289708914319866,5351031,AUD,Non-energy minerals,No rating,Other metals/Minerals,-22.222222222222214,0,-12.5,-30,-22.222222222222214,2.040816326530582,0.007874798287919682,0.007394210207302634,0.008498873422289532,0.011453058087415459,0.0071428571428571435,0.008916666666666677,1680,AUD
ML8,Moonlight Resources Ltd,0.165,AUD,0,10369,0.27191885179911207,15994084,AUD,Non-energy minerals,No rating,Precious metals,0,13.793103448275875,10.000000000000009,0,-8.333333333333327,3.982683982684128,0.14711968331602196,0.14934330831651838,0.1540023836221981,,0.1464285714285715,0.15968333333333334,1710.885,AUD
NXL,Nuix Ltd.,1.52,AUD,1.3333333333333344,160296,0.2706813386480286,503113107,AUD,Technology services,Strong buy,Packaged software,-16.022099447513813,6.293706293706299,18.75,15.151515151515149,1.3333333333333346,3.9849624060148137,1.3796003693335661,1.4437115131183864,1.3378830050522659,1.6447896290599582,1.45571428571429,1.3152499999999985,243649.92,AUD
CAT,Catapult Sports Ltd.,3.57,AUD,-0.8333333333333403,209266,0.2706478497265922,1153342460,AUD,Electronic technology,Strong buy,Electronic equipment/Instruments,-14.182692307692314,-0.8333333333333403,3.4782608695652075,12.974683544303788,-2.459016393442631,4.2517006802721005,3.5315342723723084,3.5939942092196966,3.4290830287864775,3.7780174897490335,3.615714285714278,3.364333333333337,747079.62,AUD
WAA,WAM Active Ltd.,1.065,AUD,0.4716981132075371,182631,0.27038146629066434,158259000,AUD,Miscellaneous,No rating,Investment trusts,8.164063007019035,0,-9.745762711864407,4.926108374384241,2.898550724637684,3.4004024144868215,1.095087840295906,1.0781892058832385,1.0838043305953373,1.0197094958080601,1.065714285714286,1.0687499999999994,194502.01499999998,AUD
CCR,Credit Clear Limited,0.11,AUD,4.761904761904766,41710,0.26916814716676485,54680890,AUD,Technology services,Strong buy,Packaged software,-60.71428571428572,-4.347826086956525,-12,-50,-53.191489361702125,5.389610389610333,0.11573221448895941,0.10923096984464925,0.14014426304031233,0.19632389805718758,0.10785714285714292,0.1570000000000001,4588.1,AUD
NMG,New Murchison Gold Limited,0.062,AUD,1.6393442622950833,4686045,0.26862747708012236,630761876,AUD,Non-energy minerals,Strong buy,Precious metals,23.999999999999993,6.896551724137925,44.18604651162792,47.61904761904761,3.3333333333333366,5.069124423963221,0.053492257770895446,0.05764367984320357,0.04918484485593068,0.04478819833625328,0.05899999999999994,0.04601666666666662,290534.79,AUD
CAM,Clime Capital Limited,0.68,AUD,0,35378,0.26861016372631497,94714650,AUD,Miscellaneous,No rating,Investment trusts,-3.5460992907801296,-0.7299270072992706,-0.7299270072992706,-2.15827338129495,-2.857142857142844,0.9978991596638325,0.6813779713528443,0.6807014148642857,0.68356915501147,0.6957835012631148,0.6800000000000006,0.6831666666666675,24057.04,AUD
TYR,Tyro Payments Ltd.,0.877,AUD,-1.4606741573033721,245159,0.2685063817073203,473878059,AUD,Commercial services,Strong buy,Miscellaneous commercial services,-14.019607843137255,1.9767441860465134,4.404761904761909,17.71812080536913,-8.64583333333333,3.461475810392408,0.8623174992728181,0.8770810199097817,0.8402730062683929,0.8689328242812527,0.8810000000000004,0.8357833333333335,215004.443,AUD
WOT,WOTSO,0.51,AUD,2.0000000000000018,1665,0.2676375560592178,93107965,AUD,Finance,No rating,Real estate investment trusts,-14.285714285714281,-13.5593220338983,-7.272727272727279,-22.137404580152673,-5.55555555555556,1.9607843137252305,0.5519414468229369,0.5478970374451353,0.5681138866784096,0.6053422711383944,0.563571428571428,0.5828666666666612,849.15,AUD
LCL,LCL Resources Limited,0.007,AUD,0,100000,0.2655544537996323,8438550,AUD,Non-energy minerals,No rating,Precious metals,0,16.666666666666668,-12.5,-12.5,0,2.040816326530607,0.007038541097428532,0.007008039588319438,0.007143796094240677,0.0072987257882457714,0.007000000000000001,0.007333333333333339,700,AUD
AIX,AI Private Opportunities Trust,9.53,AUD,1.9251336898395692,8140,0.2649877597791553,,,Miscellaneous,No rating,Investment trusts,-4.413239719157485,3.02702702702702,-4.1247484909456755,-99.98209992486852,-99.98209992486852,2.9680707540190836,602.3813253272714,27.097686525769035,,,9.171428571428532,,77574.2,AUD
ARL,Ardea Resources Ltd.,0.47,AUD,-2.0833333333333353,17500,0.26438519865903826,105462771,AUD,Non-energy minerals,No rating,Other metals/Minerals,-21.666666666666668,-4.081632653061228,11.904761904761903,-21.008403361344538,-30.882352941176478,4.589665653495465,0.4587928211668323,0.47360401667300234,0.4679309165957884,0.5272355997393829,0.4899999999999999,0.45974999999999944,8225,AUD
SUL,Super Retail Group Limited,12.585,AUD,1.6558966074313415,104230,0.2641844865942151,2994459542,AUD,Retail trade,Buy,Specialty stores,-21.343749999999993,-7.7346041055718455,-3.931297709923655,12.265834076717216,-15.0236326806212,2.701628923321498,13.148013719186565,13.053465405837402,12.968114929635874,13.543303170132976,13.134999999999987,12.770083333333348,1311734.55,AUD
COL,Coles Group Ltd.,23.08,AUD,-1.5358361774744154,516679,0.26382236185297325,31617600507,AUD,Retail trade,Buy,Food retail,7.398790134946487,-3.0252100840336236,-0.4314063848145014,7.348837209302317,4.19864559819413,1.4824213914333844,23.67013840334393,23.584282486314386,23.410243642275482,22.4476174992194,23.529999999999994,23.32299999999998,11924951.319999998,AUD
SFX,Sheffield Resources Limited,0.05,AUD,2.0408163265306136,30500,0.2634731987287634,19405972,AUD,Non-energy minerals,No rating,Other metals/Minerals,-27.536231884057973,16.279069767441875,11.111111111111121,61.290322580645174,-29.577464788732385,4.428571428571393,0.04425617712482863,0.045874048536180594,0.04392232348082531,0.06949672452504749,0.04585714285714281,0.044183333333333366,1525,AUD
SVL,Silver Mines Limited,0.152,AUD,1.3333333333333346,1562040,0.26127824145579304,344003014,AUD,Non-energy minerals,Strong buy,Precious metals,-29.302325581395348,-1.9354838709677438,16.923076923076916,-5.000000000000004,-27.61904761904762,5.310150375939881,0.1462500547319305,0.15112931139541957,0.14395105831315633,0.15970128424543067,0.15385714285714291,0.13820000000000013,237430.08,AUD
PGD,Peregrine Gold Ltd.,0.16,AUD,0,40000,0.2606197668365263,15809378,AUD,Non-energy minerals,No rating,Precious metals,-40.74074074074075,-5.8823529411764754,-3.030303030303033,33.33333333333334,-21.951219512195113,6.249999999999867,0.16578664744818333,0.16858190157320987,0.1528773980416172,0.17630926276820028,0.16928571428571423,0.13660000000000003,6400,AUD
AUA,Audeara Ltd.,0.033,AUD,3.1250000000000027,20758,0.260409544753735,5791250,AUD,Consumer durables,No rating,Electronics/Appliances,-46.774193548387096,-5.714285714285719,10.000000000000009,17.85714285714286,-54.166666666666664,3.2467532467533697,0.03184001946225874,0.032010145413307406,0.035517038335649447,0.043499575783245134,0.03200000000000001,0.03428333333333332,685.014,AUD
BNR,Bulletin Resources Limited,0.04,AUD,0,105049,0.25984308840487724,11157305,AUD,Non-energy minerals,No rating,Precious metals,-25.925925925925924,8.108108108108116,8.108108108108116,11.111111111111121,-28.571428571428573,3.3928571428571037,0.03842470468835185,0.03852455300567855,0.03940741910329857,0.045811614388529195,0.03785714285714287,0.03945000000000006,4201.96,AUD
14D,1414 Degrees Ltd.,0.05,AUD,-1.9607843137254783,4434197,0.25965966127162876,36403279,AUD,Producer manufacturing,No rating,Building products,72.41379310344827,-12.280701754385964,-29.577464788732385,-24.242424242424242,117.3913043478261,8.714285714285715,0.057465730701263255,0.0529572453695055,0.06424970015440928,0.0500033449207476,0.05271428571428572,0.07931666666666663,221709.85,AUD
RFG,Retail Food Group Limited,1.06,AUD,-4.072398190045242,11033,0.25913416822465024,68320162,AUD,Consumer services,Buy,Restaurants,-29.096989966555185,6.53266331658292,29.268292682926845,52.5179856115108,-3.1963470319634633,3.8746630727763085,0.9500709664058496,1.0178441004638628,0.8726699903144037,1.0674022910319405,1.0321428571428573,0.7947833333333332,11694.980000000001,AUD
IMI,Infinity Mining Limited,0.008,AUD,14.285714285714285,42019,0.2587182489985358,3919287,AUD,Non-energy minerals,No rating,Precious metals,-11.111111111111104,0,14.285714285714286,14.285714285714286,-38.46153846153846,4.464285714285724,0.007609866376098218,0.007666023034359496,0.007507791667242514,0.010263806614975616,0.007714285714285714,0.007166666666666672,336.152,AUD
PPM,Pepper Money Ltd,1.775,AUD,-0.2808988764045009,65736,0.2582315834794011,817644190,AUD,Finance,Buy,Finance/Rental/Leasing,-17.824074074074083,-2.4725274725274806,10.248447204968933,6.287425149700598,-24.145299145299145,2.3058350100603744,1.758417833581588,1.7937141434379276,1.7130550268221973,1.8164412695120749,1.8057142857142863,1.666666666666667,116681.4,AUD
MVP,Medical Developments International Limited,0.49,AUD,6.521739130434775,37180,0.25760713595324,51259536,AUD,Health technology,Strong buy,Pharmaceuticals: major,-10.909090909090917,1.0309278350515474,24.050632911392395,16.666666666666668,8.888888888888884,4.956268221574313,0.4596043577114426,0.4710452149495709,0.43859246599523233,0.46329943026403064,0.4728571428571428,0.41908333333333403,18218.2,AUD
RXL,Rox Resources Ltd,0.54,AUD,4.854368932038839,1032271,0.25685911868147815,668912856,AUD,Non-energy minerals,Strong buy,Precious metals,10.20408163265307,10.20408163265307,36.708860759493675,22.727272727272734,10.20408163265307,4.417989417989315,0.4527309365720626,0.4865097678951308,0.43207471435452083,0.4321856194351125,0.4985714285714294,0.42250000000000004,557426.3400000001,AUD
PGF,PM Capital Global Opportunities Fund Ltd.,3.37,AUD,-0.8823529411764649,160670,0.2554897621227642,1614379200,AUD,Miscellaneous,No rating,Investment trusts,14.62585034013606,0,1.5060240963855502,15.017064846416378,4.334365325077403,2.1831284442563383,3.3373254065574383,3.3689367275576547,3.24802048619974,3.015610245621862,3.3771428571428532,3.199999999999996,541457.9,AUD
KAL,Kalgoorlie Gold Mining Limited,0.022,AUD,4.761904761904749,260564,0.25454719166642326,9801209,AUD,Non-energy minerals,No rating,Precious metals,-56,-15.384615384615387,-31.250000000000007,-29.032258064516135,-54.166666666666664,10.064935064935536,0.025662744589752064,0.02364775844914962,0.028102880219961202,0.036751238630662944,0.023285714285714295,0.028016666666666693,5732.407999999999,AUD
CU6,Clarity Pharmaceuticals Ltd.,2.69,AUD,3.8610038610038644,629380,0.2538103511860488,981203618,AUD,Health technology,Strong buy,Medical specialties,-21.34502923976608,-4.270462633451961,12.552301255230118,1.5094339622641524,-19.94047619047619,6.864046733935315,2.5708203396830345,2.6671984884444124,2.4987024434146687,2.9192746030701278,2.745714285714286,2.35291666666667,1693032.2,AUD
LBL,Laserbond Limited,0.575,AUD,0.8771929824561412,10237,0.25337917276167704,67589274,AUD,Process industries,Strong buy,Industrial specialties,-10.852713178294582,2.678571428571411,4.545454545454529,10.576923076923064,8.490566037735835,1.614906832298166,0.563671781924135,0.5713970703968803,0.551746207864694,0.5476589141833498,0.5742857142857145,0.5392499999999998,5886.275,AUD
PL3,Patagonia Lithium Limited,0.1,AUD,0,45348,0.2510682636825781,24106556,AUD,Non-energy minerals,No rating,Other metals/Minerals,69.49152542372883,-19.999999999999996,-19.999999999999996,-16.66666666666666,-41.1764705882353,6.714285714285645,0.11664842589859051,0.11161540631108954,0.11822127302615285,0.11191128819460856,0.11142857142857142,0.11268333333333337,4534.8,AUD
ANR,Anatara Lifesciences Ltd,0.009,AUD,0,37044,0.24994652774450987,2843557,AUD,Health technology,No rating,Pharmaceuticals: major,-25.000000000000007,0,-10.000000000000009,0,-18.181818181818183,2.3809523809523365,0.009645364737962386,0.009479850476512768,0.009938988572000377,0.014064622400956805,0.009571428571428576,0.009700000000000007,333.39599999999996,AUD
CXU,Cauldron Energy Limited,0.091,AUD,-3.1914893617021303,2237584,0.24961574284289845,199623746,AUD,Non-energy minerals,Strong buy,Other metals/Minerals,295.6521739130435,-1.0869565217391315,-27.200000000000003,89.58333333333333,225,13.108320251177407,0.10373882816555285,0.09622166259632613,0.09979046528400656,0.06219986423333862,0.09285714285714282,0.09636666666666664,203620.144,AUD
GLS,L1 Global Long Short Fund Limited Registered,2.03,AUD,0.4950495049504845,153471,0.24910152310134978,1122698900,AUD,Miscellaneous,No rating,Investment trusts,21.556886227544904,-5.140186915887865,-0.49019607843138385,10.928961748633863,1.4999999999999902,2.5158339197750403,2.055810060027029,2.0512939101486816,2.0148263760839202,1.8471864456917868,2.0557142857142856,1.9783333333333328,311546.12999999995,AUD
MFD,Mayfield Childcare Ltd.,0.11,AUD,-8.33333333333333,3945,0.24885241076862738,12671334,AUD,Consumer services,No rating,Other consumer services,-74.59791266891695,-15.384615384615387,-15.034400254093486,-60.88884995156618,-75.84311323064124,3.6873831168831,0.13620585913465624,0.12433640845281316,0.18621507337248708,0.3118346049567486,0.125,0.20777362050000123,433.95,AUD
NH3,NH3 Clean Energy Limited,0.086,AUD,2.3809523809523663,185969,0.2480312571479253,67069664,AUD,Non-energy minerals,No rating,Precious metals,-9.473684210526324,-1.1494252873563229,-14.000000000000012,-14.000000000000012,7.49999999999999,6.561461794019887,0.0919118731592755,0.0887387496426958,0.09501208589758997,0.08694548312124555,0.08785714285714284,0.09623333333333338,15993.333999999999,AUD
XRO,Xero Limited,82.33,AUD,0.26793326026062464,180319,0.2472514175008409,13901957391,AUD,Technology services,Strong buy,Packaged software,-27.717295873573317,5.713918849512074,18.682427562346824,4.718901042991597,2.3750310867943254,2.611441758775683,75.73448048798875,78.82012567940355,74.3328563683705,92.08841847885502,79.59428571428585,73.39649999999992,14845663.27,AUD
NC1,Nico Resources Limited,0.11,AUD,0,58583,0.24685079101556395,14363402,AUD,Non-energy minerals,No rating,Other metals/Minerals,-8.33333333333333,0,-8.33333333333333,-35.294117647058826,-57.19844357976655,4.350649350649398,0.11307810483661525,0.10953561022990735,0.12797662858088935,0.154620756521913,0.10785714285714285,0.13281666666666658,6444.13,AUD
AHN,Athena Resources Limited,0.064,AUD,4.9180327868852505,12218,0.2462978716541751,10679266,AUD,Non-energy minerals,No rating,Steel,-54.28571428571429,-4.4776119402985115,-20,-20,-36,4.129464285714066,0.0714867916489661,0.06678330102606497,0.08036668225651863,0.0990729758513994,0.0659999999999999,0.08596666666666666,781.952,AUD
GVF,Staude Capital Global Value Fund Ltd,1.385,AUD,0.3623188405797185,12500,0.2456374783839019,281769680,AUD,Miscellaneous,No rating,Investment trusts,-3.81944444444444,-1.0714285714285645,0.727272727272728,3.7453183520599285,2.5925925925925863,1.0572460030944935,1.3795184365471878,1.381066601511477,1.3693624221795775,1.362274749562369,1.3785714285714288,1.3609166666666648,17312.5,AUD
LRT,Lowell Resources Funds Management Ltd Units,2.3,AUD,0,5857,0.24424418580406254,99431760,AUD,Miscellaneous,No rating,Investment trusts,1.3215859030836918,-1.2875536480686802,10.047846889952153,-8.730158730158738,-16.967509025270765,3.7111801242236724,2.202332807991128,2.2570146215892084,2.231417234764601,2.2211483995151573,2.3057142857142856,2.274750000000004,13471.099999999999,AUD
CTN,Catalina Resources Limited,0.051,AUD,0,30635,0.24419990354761467,12555463,AUD,Non-energy minerals,No rating,Steel,-34.61538461538462,6.249999999999991,10.8695652173913,-10.526315789473694,-40.00000000000001,3.081232492997511,0.04810774348884712,0.04919461769401758,0.048974477436365745,0.06350360405058061,0.04914285714285721,0.0475000000000002,1562.385,AUD
CT1,Constellation Technologies Limited,0.002,AUD,0,415463,0.24415683022713308,3718084,AUD,Technology services,No rating,Packaged software,0,0,-33.333333333333336,0,0,17.85714285714372,0.0024202537650326325,0.002453982569089021,0.00231824042048078,0.0022707232754716348,0.002714285714285714,0.002300000000000005,830.926,AUD
CYP,Cynata Therapeutics Limited,0.011,AUD,0,82943,0.2439297681780511,2677998,AUD,Health technology,No rating,Biotechnology,-96.81159420289855,-15.384615384615387,-15.384615384615387,-96.66666666666667,-97.14285714285714,2.5974025974037263,0.017179315960142754,0.011842049035903357,0.07082939062848317,0.19780298858842,0.011857142857143035,0.10265000000000006,912.3729999999999,AUD
CTM,Centaurus Metals Limited,0.487,AUD,-0.6122448979591842,253046,0.24340256091821302,263481477.99999997,AUD,Non-energy minerals,Strong buy,Precious metals,-16.75213675213675,0.4123711340206189,5.869565217391297,-20.16393442622951,-26.212121212121218,5.866823115283225,0.46830497159589973,0.4764905291511688,0.48668358104304044,0.5156685136176871,0.4802857142857148,0.49620000000000025,123233.402,AUD
RFF,Rural Funds Group,2.2,AUD,0.9174311926605512,103836,0.24235623023515118,849596148,AUD,Finance,Strong buy,Real estate investment trusts,11.392405063291143,0,-0.9009009009009016,8.910891089108917,6.280193236714993,2.0616883116883025,2.182130653824965,2.188964368058171,2.1345215998211873,2.040172841627584,2.1857142857142846,2.0941666666666663,228439.2,AUD
SOP,Synertec Corporation Limited,0.052,AUD,-3.703703703703707,616902,0.24217709475343416,30185718,AUD,Industrial services,No rating,Engineering & construction,160,-13.333333333333334,15.555555555555555,100.00000000000001,126.08695652173913,10.302197802197794,0.05267963685260501,0.055924209605531155,0.0438416544453412,0.0353752393291491,0.05699999999999998,0.03788333333333332,32078.904,AUD
GBE,Globe Metals & Mining Limited,0.08,AUD,1.2658227848101278,20000,0.24125743374467726,72075992,AUD,Non-energy minerals,No rating,Other metals/Minerals,73.91304347826087,25,31.147540983606564,-11.111111111111107,33.33333333333334,2.2321428571428146,0.0706890894245077,0.07221295504468359,0.07548434469038398,0.07023293153354766,0.0705714285714285,0.08293333333333332,1600,AUD
VSL,Vulcan Steel Ltd.,5.14,AUD,-0.5802707930367553,12060,0.24065083479499771,759025131,AUD,Distribution services,Buy,Wholesale distributors,-25.93659942363113,-6.0329067641681915,0.3906249999999917,-12.881355932203402,-24.300441826215025,4.738743746525445,5.270196450379401,5.252105475020891,5.244360927991383,5.823398866620144,5.254285714285719,5.147333333333339,61988.399999999994,AUD
GEM,G8 Education Limited,0.15,AUD,0,604215,0.24058839723765826,115733821,AUD,Consumer services,Neutral,Other consumer services,-78.26086956521739,0,11.1111111111111,-11.764705882352951,-68.08510638297872,7.42857142857023,0.14668769291359263,0.14777332980976057,0.15268803237845197,0.36365623913802386,0.1457142857142856,0.14266666666666658,90632.25,AUD
EV1,Evolution Energy Minerals Limited,0.008,AUD,-11.111111111111102,160000,0.2403958117039705,7350552,AUD,Non-energy minerals,No rating,Precious metals,-27.271404934635175,-11.111111111111104,0,-20,-55.55555555555556,7.142857142857081,0.008999922131692194,0.008662199571718631,0.009422334764252017,0.011845021553896789,0.008428571428571414,0.009266666666666673,1280,AUD
SPD,Southern Palladium Ltd.,1.9,AUD,-1.5544041450777215,29592,0.23993909088771462,250101625,AUD,Non-energy minerals,No rating,Other metals/Minerals,-19.14893617021277,-9.090909090909088,35.714285714285715,26.245847176079735,-10.377358490566047,6.616541353383491,1.7163753809267068,1.875622087556008,1.5315645521534609,1.439368823526439,1.9914285714285713,1.3785833333333326,56224.799999999996,AUD
CVV,Caravel Minerals Limited,0.29,AUD,0,112824,0.23981782823556166,153659711,AUD,Non-energy minerals,Strong buy,Other metals/Minerals,0,7.407407407407393,20.833333333333332,3.5714285714285543,-27.500000000000007,4.113300492610809,0.27244273325868784,0.27930197874340995,0.2696112332702444,0.2750448839980736,0.2785714285714285,0.26358333333333317,32718.96,AUD
ACR,Acrux Limited,0.01,AUD,0,600000,0.23961128340715424,5898778,AUD,Health technology,No rating,Pharmaceuticals: major,-33.33333333333333,-9.090909090909085,-16.666666666666668,0,-28.571428571428573,7.142857142857002,0.010765108893620636,0.01021752265435133,0.011559142088845826,0.014615480303415885,0.01014285714285714,0.012000000000000042,6000,AUD
YRL,Yandal Resources Ltd.,0.15,AUD,3.448275862068969,86872,0.23908095072051513,59309179,AUD,Non-energy minerals,Strong buy,Precious metals,-38.775510204081634,-11.764705882352951,-21.052631578947373,-26.829268292682926,-33.333333333333336,6.42857142857145,0.16776378799228722,0.15802014352958943,0.1836609970211784,0.2069066733597873,0.15857142857142864,0.1910166666666668,13030.8,AUD
SSH,SSH Group Ltd.,0.15,AUD,7.142857142857128,13385,0.2384574820600161,15431966,AUD,Energy minerals,No rating,Oil & gas production,-17.582417582417584,3.448275862068969,7.142857142857129,-11.764705882352951,-23.07692307692308,1.2857142857144455,0.14858664631830482,0.14752382199572026,0.1536548022458118,0.15395204893960807,0.14857142857142872,0.15316666666666656,2007.75,AUD
GA8,Goldarc Resources Limited,0.062,AUD,0,129702,0.23795576219247608,42798206,AUD,Non-energy minerals,No rating,Precious metals,-3.1250000000000027,3.3333333333333366,1.6393442622950836,-8.823529411764714,-12.676056338028163,4.032258064516088,0.05922269248161543,0.060233898285634975,0.060452885584014876,0.05864837604980057,0.06085714285714288,0.061399999999999996,8041.524,AUD
CUV,Clinuvel Pharmaceuticals Limited,9.85,AUD,0.6128702757916292,16619,0.23735562496697243,481586439,AUD,Health technology,Strong buy,Pharmaceuticals: major,-21.26298960831335,4.787234042553184,-2.764067127344532,7.415485278080695,-11.26126126126126,3.187092095721009,9.642446443677953,9.634382112546406,9.692196710376052,10.260629360118926,9.658571428571419,9.677833333333327,163697.15,AUD
HUM,Humm Group Limited,0.405,AUD,0,161639,0.23617935305685683,212040008,AUD,Finance,Strong buy,Finance/Rental/Leasing,-42.14285714285714,-4.705882352941168,-15.624999999999991,-33.60655737704918,-42.14285714285714,2.5573192239854756,0.4273211846788407,0.41445877300900313,0.46933700715880505,0.5699897066744054,0.4142857142857141,0.48583333333333445,65463.795000000006,AUD
GRL,Godolphin Resources Limited,0.018,AUD,-5.263157894736847,522270,0.23591979765835683,15274478,AUD,Non-energy minerals,No rating,Precious metals,-25.000000000000007,-5.263157894736847,-5.263157894736847,5.882352941176455,-47.05882352941177,8.333333333333341,0.018664362793628778,0.018799811406080256,0.018633197198573613,0.020395766718628982,0.018857142857142888,0.018233333333333355,9400.859999999999,AUD
SLM,Solis Minerals Ltd,0.071,AUD,-5.333333333333338,1678340,0.2355832104971793,23889723,AUD,Non-energy minerals,No rating,Precious metals,61.36363636363636,1.42857142857141,-17.44186046511628,-15.476190476190489,91.89189189189189,8.55130784708246,0.0785995591788844,0.07424079823814175,0.08495547834848126,0.07660607974122723,0.07142857142857129,0.09661666666666674,119162.13999999998,AUD
MEU,Marmota Limited,0.098,AUD,2.0833333333333353,270757,0.23557555732951665,124360021,AUD,Non-energy minerals,No rating,Precious metals,-18.33333333333333,-2.0000000000000018,28.94736842105264,0,-21.599999999999998,4.883381924198134,0.09054196754068859,0.09462431067510782,0.08920889745985419,0.09305778386301237,0.09642857142857143,0.08628333333333335,26534.186,AUD
BHM,Broken Hill Mines Limited,0.795,AUD,-1.2422360248447215,208494,0.23470205152381723,229773080,AUD,Non-energy minerals,Strong buy,Precious metals,-32.91139240506329,-3.0487804878048674,31.404958677685965,5.298013245033117,-22.815533980582522,4.833782569631688,0.735844439562708,0.7669470385872743,0.7089928018097542,0.7948368043498408,0.7771428571428567,0.6819999999999998,165752.73,AUD
DYL,Deep Yellow Limited,1.532,AUD,3.5135135135135167,1242865,0.23410119204918806,1397980290,AUD,Non-energy minerals,Buy,Other metals/Minerals,-16.73913043478261,7.508771929824561,22.07171314741037,-5.1393188854489145,-39.2063492063492,4.126258858634806,1.4216707840350233,1.4604821241706882,1.4549133800367124,1.6746957413309882,1.4824285714285712,1.4455333333333331,1904069.18,AUD
PFE,Pantera Minerals Limited,0.017,AUD,6.250000000000005,304619,0.23344042364265194,7884450,AUD,Non-energy minerals,No rating,Steel,-29.166666666666664,0,-10.526315789473676,-10.526315789473676,-34.615384615384606,3.7815126050419763,0.016963998261619675,0.01682842495234446,0.017424940158891088,0.019599855241678843,0.016857142857142866,0.017433333333333297,5178.523,AUD
HCL,HighCom Limited,0.1,AUD,0,61904,0.23313750797003913,14873792,AUD,Electronic technology,No rating,Aerospace & defense,-64.28571428571429,-9.090909090909086,-19.999999999999996,-44.44444444444444,-47.368421052631575,5.642857142857116,0.11109119681041049,0.10640295692765189,0.1235749421261372,0.1818208468529737,0.10571428571428568,0.12716666666666668,6190.400000000001,AUD
MAN,Mandrake Resources Ltd,0.02,AUD,-4.761904761904765,203589,0.2330841434570742,13172459,AUD,Non-energy minerals,No rating,Precious metals,-13.043478260869563,0,-4.761904761904765,-4.761904761904765,-13.043478260869563,0.7142857142861981,0.020379494214996192,0.02020819599930777,0.020814843500781707,0.02187166775953523,0.02014285714285713,0.020916666666666594,4071.78,AUD
WCE,West Coast Silver Limited,0.11,AUD,0,250293,0.23183621734970725,37342634,AUD,Non-energy minerals,No rating,Precious metals,-52.173913043478265,-8.33333333333333,9.999999999999995,-21.428571428571438,-47.61904761904762,7.012987012987014,0.1064438710622656,0.1083177723461172,0.11147326757042848,0.1406424479383659,0.11000000000000001,0.11083333333333355,27532.23,AUD
GHM,Golden Horse Minerals Limited Chess Depository,0.5,AUD,4.1666666666666705,143361,0.2314864227927279,107986106,AUD,Non-energy minerals,Strong buy,Precious metals,-35.064935064935064,-5.660377358490571,19.04761904761905,6.382978723404261,-27.536231884057962,5.042857142857171,0.478958881584791,0.4973676892741071,0.4633948374398205,0.5076089668662104,0.5085714285714286,0.44785000000000086,71680.5,AUD
BBL,Brisbane Broncos Limited,1.31,AUD,0.3831417624521162,3126,0.23133107873100917,126472414,AUD,Consumer services,No rating,Movies/Entertainment,-10.580204778156999,11.016949152542383,0.7692307692307699,-19.63190184049079,-30.31914893617021,3.5714285714286844,1.2643959337570267,1.255049889654166,1.3416623035438144,1.435503326680377,1.2335714285714288,1.3878333333333355,4095.06,AUD
HT8,Harris Technology Group Limited,0.022,AUD,-4.347826086956526,45409,0.231132697318425,8598216,AUD,Distribution services,No rating,Electronics distributors,144.44444444444446,0,-8.333333333333341,100,120,2.272727272727338,0.0220097842601928,0.022400829173966935,0.019487425472723023,0.014373560665515657,0.02228571428571429,0.017516666666666677,998.9979999999999,AUD
SPN,Sparc Technologies Ltd,0.21,AUD,-2.325581395348839,41790,0.23095747597025224,25652892,AUD,Commercial services,No rating,Miscellaneous commercial services,10.52631578947368,-6.666666666666672,-20.75471698113208,-8.69565217391305,7.692307692307685,9.183673469387747,0.2294324196360567,0.21818771968407133,0.24953976873171754,0.23533917225569573,0.2149999999999999,0.2661666666666667,8775.9,AUD
RRE,Right Resources Limited,0.09,AUD,-28.000000000000004,11158,0.2305024242211393,16055332,AUD,Non-energy minerals,No rating,Precious metals,-65.38461538461539,-5.263157894736847,-9.090909090909099,-25,-55.00000000000001,5.317460317460252,0.09977082672372038,0.09997640064364291,0.11234647221656197,0.48204532527558097,0.09999999999999999,0.11109999999999996,1004.2199999999999,AUD
STO,Santos Limited,8.095,AUD,0.5590062111801233,2024254,0.23048412216038544,25889762566,AUD,Energy minerals,Buy,Oil & gas production,30.987055016181245,3.1210191082802674,6.794195250659638,-0.7965686274509742,17.489114658925995,1.5926939027618987,7.844585520673189,7.954964909103237,7.722297198990831,7.409252258477235,7.987857142857144,7.644416666666662,16386336.13,AUD
ATP,Atlas Pearls Ltd,0.09,AUD,-2.173913043478263,19253,0.23031502185558328,40110200,AUD,Consumer durables,No rating,Other consumer specialties,-55.00000000000001,0,-7.216494845360831,-14.285714285714286,-50,2.142857142856993,0.09135781299175066,0.09149310822797145,0.09266045689506819,0.12089900228923013,0.09185714285714285,0.09089999999999998,1732.77,AUD
SCG,Scentre Group,3.69,AUD,-1.3368983957219323,2038686,0.22959087316913054,19667246805,AUD,Finance,Neutral,Real estate investment trusts,-11.722488038277508,-6.582278481012663,-5.384615384615384,1.0958904109589052,-3.4031413612565418,1.8002322880372224,3.86639923591277,3.820014484477262,3.85467938929802,3.81823658295291,3.827142857142857,3.8525000000000036,7522751.34,AUD
BMH,Baumart Holdings Ltd,0.01,AUD,0,43782,0.2294696181533729,1629751,AUD,Retail trade,No rating,Home improvement chains,25,0,-50,66.66666666666667,25,21.42857142857179,0.012940029328967616,0.011516891290149074,0.027374382735748153,0.09758093179282519,0.010857142857142859,0.026554268333333273,437.82,AUD
WEB,WEB Travel Group limited,3.515,AUD,1.0057471264367857,394310,0.22915697825452483,1161062858,AUD,Consumer services,Buy,Other consumer services,-26.464435146443517,-0.7062146892655342,41.73387096774194,47.68907563025211,-2.3611111111111103,3.2208900629953128,3.2991199236859594,3.464541497298319,3.0429968483614287,3.330559628852876,3.5121428571428583,2.866249999999998,1385999.6500000001,AUD
TUA,Tuas Ltd.,2.19,AUD,-0.9049773755656116,269242,0.22832176270825386,1217439534,AUD,Communications,Strong buy,Wireless telecommunications,-68.93617021276594,2.8169014084507067,-4.7826086956521685,-20.072992700729937,-66.41104294478528,3.34311806914512,2.1878561269470413,2.1713612697785076,2.5017236128543465,4.382156526343298,2.1585714285714275,2.2716666666666687,589639.98,AUD
ASH,Ashley Services Group Ltd.,0.28,AUD,0,9880,0.22768701792228682,41601256,AUD,Commercial services,No rating,Personnel services,33.33333333333335,-3.4482758620689498,7.692307692307699,24.44444444444445,16.666666666666682,2.372448979591867,0.28317575649803783,0.286233059298979,0.26759461071011414,0.23369985547334965,0.28857142857142865,0.257333333333333,2766.4,AUD
COY,Coppermoly Limited,0.004,AUD,0,139503,0.22750011130142433,4413287,AUD,Non-energy minerals,No rating,Other metals/Minerals,-63.63636363636363,-20,0,-33.333333333333336,-55.55555555555556,8.928571428571406,0.00415587163762868,0.004330751666994,0.0044642283287804445,0.007541287753855777,0.004714285714285713,0.0041833333333333445,558.0120000000001,AUD
PRG,PRL Global Ltd,1.255,AUD,0,800,0.2274407232614977,138991489,AUD,Non-energy minerals,No rating,Other metals/Minerals,-8.058608058608067,13.574660633484156,-11.619718309859158,-16.611295681063122,-4.19847328244276,1.3090495162207096,1.2455163151490831,1.223848750812827,1.326283875976732,1.425791445552856,1.194999999999997,1.397583333333334,1003.9999999999999,AUD
BOQ,Bank of Queensland Limited,6.345,AUD,-1.3219284603421457,473942,0.22686708853791326,4253005530.0000005,AUD,Finance,Sell,Major banks,-3.277439024390242,-6.4159292035398305,-1.014040561622471,-0.8593750000000094,-9.357142857142861,2.0713722841380218,6.503635664826104,6.491814155829329,6.456244364509273,6.627171331268581,6.513571428571426,6.3534166666666625,3007161.9899999998,AUD
TVN,Tivan Limited,0.245,AUD,2.0833333333333353,843214,0.22663616052680205,593122518,AUD,Non-energy minerals,No rating,Other metals/Minerals,-12.50000000000001,0,-23.437500000000004,-10.909090909090917,-47.87234042553191,8.68804664723037,0.2653272886448877,0.2569996401047292,0.2810820422897207,0.27555405166309127,0.26071428571428595,0.2855833333333335,206587.43,AUD
CCE,Carnegie Clean Energy Ltd,0.165,AUD,6.451612903225811,114079,0.2265837414809387,70505019,AUD,Producer manufacturing,No rating,Electrical products,166.12903225806454,-10.810810810810807,-19.512195121951212,65,179.66101694915258,8.78787878787883,0.19047697586225965,0.17563864604479218,0.18390055397372915,0.12142057366542808,0.1728571428571428,0.18725,18823.035,AUD
EOS,Electro Optic Systems Holdings Limited,8.92,AUD,-0.33519553072624986,542502,0.22603073698372947,1877817386,AUD,Electronic technology,Strong buy,Aerospace & defense,-5.508474576271182,19.092122830440584,18.14569536423841,11.5,16.601307189542478,5.621396540679046,8.040468317163025,8.33998765122225,8.344676671732616,8.034906096373586,8.421428571428573,8.857499999999996,4839117.84,AUD
FRM,Farm Pride Foods Limited,0.215,AUD,2.380952380952383,10000,0.22539782716494614,48415538,AUD,Process industries,No rating,Agricultural commodities/Milling,2.380952380952383,-12.244897959183673,-4.444444444444448,2.380952380952383,-6.5217391304347885,4.651162790697678,0.2379094235342441,0.23421337801946518,0.2345752477005962,0.2391519993164169,0.23571428571428574,0.22811666666666658,2150,AUD
YAL,Yancoal Australia Ltd.,5.88,AUD,-0.1697792869269913,465960,0.22371559063273302,7632138981,AUD,Energy minerals,Strong buy,Coal,18.072289156626493,1.5544041450777177,8.28729281767956,-14.534883720930234,-3.6065573770491763,2.9154518950437516,5.7418733887050335,5.787550384529136,5.8780421681824215,6.131044874546627,5.824285714285703,5.926499999999998,2739844.8,AUD
BRG,Breville Group Limited,33.48,AUD,-1.8469656992084509,60942,0.22366893093136297,4857885502,AUD,Consumer durables,Buy,Electronics/Appliances,13.453066757031499,-1.0053222945003057,7.930367504835581,15.01202335967021,3.0153846153846056,2.537762416794644,33.19217282913426,33.71744057289359,32.058107073818874,30.703509265874764,33.89714285714284,31.485500000000005,2040338.16,AUD
TM1,Terra Metals Limited,0.24,AUD,0,179007,0.22273137369739904,252567161,AUD,Non-energy minerals,No rating,Precious metals,71.4285714285714,-7.692307692307699,17.07317073170732,-18.644067796610166,-43.529411764705884,5.297619047619068,0.23308928998172268,0.2391274305878977,0.244970513871109,0.23848847379668073,0.2478571428571428,0.2581666666666666,42961.68,AUD
OCL,Objective Corporation Limited,7.265,AUD,-0.47945205479452246,25457,0.22270707593841502,695108719,AUD,Technology services,Buy,Packaged software,-56.102719033232624,0.06887052341597649,2.180028129395209,-32.10280373831775,-50.27378507871321,3.2838462294762767,7.251618445266657,7.222406056673464,8.038938361432342,11.727939881439632,7.232142857142875,8.542916666666656,184945.10499999998,AUD
FAL,Falcon Metals Ltd,0.635,AUD,2.4193548387096793,123321,0.22233299919952115,127205070,AUD,Non-energy minerals,Strong buy,Precious metals,7.627118644067803,5.833333333333338,60.75949367088607,16.5137614678899,-18.58974358974359,6.625421822272201,0.5191871648327759,0.5762315355808111,0.4838339231802327,0.5183195350010571,0.6028571428571429,0.46275000000000027,78308.835,AUD
CIP,Centuria Industrial REIT,3.025,AUD,-0.493421052631583,229870,0.2222314387636712,1898139683,AUD,Finance,Buy,Real estate investment trusts,-8.610271903323268,0.49833887043189784,0.8333333333333304,1.5100671140939574,-5.172413793103449,1.9952774498229753,3.037322299884116,3.0454209492941935,3.022932643776958,3.088092594668155,3.0592857142857146,3.0120833333333397,695356.75,AUD
DRE,Dreadnought Resources Limited,0.015,AUD,0,1012324,0.22133440338608462,85878001,AUD,Non-energy minerals,No rating,Precious metals,-46.42857142857143,0,15.384615384615387,-16.666666666666664,-34.78260869565218,7.142857142857159,0.014255752617767277,0.014535710607528889,0.014749405871956068,0.01857042094024821,0.014571428571428563,0.014583333333333304,15184.859999999999,AUD
WTC,Wisetech Global Ltd.,43.22,AUD,2.2474568251715064,355469,0.2211288333040232,14464895080,AUD,Technology services,Buy,Packaged software,-36.895897211271716,3.969208563868171,24.445724157788664,12.993464052287578,-10.276105459829775,3.7532227143517662,39.139650577088275,41.2558295039061,37.72462569222815,50.62972413210453,41.75428571428572,36.348833333333324,15363370.18,AUD
MXT,Metrics Master Income Trust,1.93,AUD,0,406323,0.22061646513591143,2360415750,AUD,Miscellaneous,No rating,Investment trusts,-2.2784810126582355,1.5789473684210542,-1.0256410256410267,0,-3.980099502487555,0.8512213175424591,1.9262220805917265,1.9267068810246797,1.9260004720923287,1.9451733633158295,1.9249999999999978,1.9225000000000019,784203.39,AUD
RPL,Regal Partners Limited,2.91,AUD,0.6920415224913501,289032,0.22055839048965917,1110040006,AUD,Finance,Strong buy,Investment managers,-9.627329192546586,1.7482517482517577,-8.201892744479489,18.77551020408163,-8.201892744479489,3.27687776141438,2.8635525483545377,2.8670256603198316,2.8371922294444594,2.823252076720636,2.8657142857142825,2.826333333333333,841083.12,AUD
ARO,Altoro Metals Limited,0.003,AUD,0,1000000,0.22029786650768798,7544419,AUD,Non-energy minerals,No rating,Other metals/Minerals,-25,0,-25,-92.99247321548074,-92.99247321548074,11.904761904763971,0.008649419414419832,0.003669539053388656,0.02208457898315576,0.03144830365760454,0.0032857142857143115,0.03009260066666668,3000,AUD
CLW,Charter Hall Long WALE REIT,3.62,AUD,0.2770083102493139,370649,0.22012988559451047,2586035582,AUD,Finance,Neutral,Real estate investment trusts,-11.707317073170723,-4.986876640419945,-1.6304347826086971,3.4285714285714315,-4.2328042328042255,2.11128650355181,3.722292464351566,3.695467575589458,3.691567124552988,3.753678986960724,3.7042857142857115,3.6668333333333365,1341749.3800000001,AUD
OVT,Ovanti Ltd,0.002,AUD,0,4442825,0.22008873873717902,3440692,AUD,Technology services,No rating,Packaged software,-96.66666666666667,-33.333333333333336,-66.66666666666667,-91.99999999999999,-90.00000000000001,32.14285714285728,0.0038503524663040826,0.0025907038615449697,0.008746231651879804,0.04832511043059184,0.0024285714285714284,0.011716666666666674,8885.65,AUD
RCL,ReadCloud Ltd.,0.063,AUD,5.000000000000004,20000,0.21972782314547004,9217186,AUD,Technology services,No rating,Packaged software,-42.72727272727273,0,-1.5625000000000013,-12.499999999999993,-23.170731707317078,0.7936507936509596,0.06378533772721925,0.06197385669237127,0.06889186080570166,0.08309598865573113,0.061571428571428666,0.0696666666666666,1260,AUD
PAT,Patriot Resources limited,0.061,AUD,-4.687500000000004,95820,0.21946419769825987,17883743,AUD,Process industries,No rating,Chemicals: agricultural,12.962962962962962,-1.612903225806453,-19.736842105263158,-49.166666666666664,12.962962962962962,4.918032786885159,0.0645668339778088,0.0634113147223008,0.0688231110264924,0.06677401538319598,0.06342857142857143,0.07075000000000001,5845.0199999999995,AUD
AVM,Advance Metals Limited,0.065,AUD,-1.5151515151515165,811894,0.21915891160329087,31063630,AUD,Distribution services,No rating,Wholesale distributors,-55.172413793103445,-8.450704225352101,0,-20.731707317073173,-53.57142857142857,4.72527472527479,0.06529703169206416,0.06549150459718431,0.0685626876683804,0.08383395548655931,0.06642857142857148,0.06745000000000002,52773.11,AUD
NWL,Netwealth Group Ltd.,23.265,AUD,-3.143213988343043,89024,0.2188463955145142,5887066729,AUD,Finance,Buy,Investment managers,-8.764705882352938,-4.2198435570193435,-2.4937133277451755,5.033860045146736,-11.37142857142857,3.4447821681865385,23.461510748735108,23.843057927599453,22.920868110219352,24.313802157562883,24.144999999999982,22.34741666666667,2071143.36,AUD
DGT,Digico Infrastructure REIT,2.91,AUD,1.3937282229965169,194683,0.21823730912656875,1568867526,AUD,Finance,Strong buy,Real estate investment trusts,4.3010752688172085,6.204379562043792,8.988764044943828,11.923076923076925,30.493273542600903,3.092783505154741,2.716340649596794,2.7904797468544933,2.616209240306544,2.590160932226534,2.7957142857142827,2.5850000000000013,566527.53,AUD
REZ,Resources & Energy Group Limited,0.011,AUD,0,102148,0.2174556783015006,10222051,AUD,Non-energy minerals,No rating,Precious metals,-21.428571428571434,9.999999999999993,-8.333333333333341,-15.384615384615387,-26.666666666666668,4.545454545454533,0.011129919226270529,0.01097715498070561,0.011860574728123912,0.014579067561418168,0.010857142857142866,0.012450000000000006,1123.628,AUD
DAL,Dalaroo Metals Ltd.,0.075,AUD,1.3513513513513526,66864,0.2160028996799885,25454510,AUD,Non-energy minerals,No rating,Other metals/Minerals,87.49999999999999,5.633802816901414,2.739726027397263,5.633802816901414,20.96774193548387,5.142857142857116,0.07223174939635289,0.0730071255054198,0.07115912803837589,0.06156447785472225,0.07357142857142851,0.07058333333333335,5014.8,AUD
CCV,Cash Converters International Limited,0.317,AUD,0.6349206349206354,87008,0.21533371677359764,224129727,AUD,Retail trade,Strong buy,Specialty stores,-3.9393939393939426,-2.4615384615384635,-0.9375000000000008,3.9344262295082,-0.9375000000000008,3.1095087877420813,0.3186057776169747,0.3179496008918157,0.3136251082073948,0.308377317438498,0.3174285714285712,0.3071999999999996,27581.536,AUD
CTE,Cryosite Limited,1.25,AUD,4.1666666666666705,4054,0.21531761206713407,61011953,AUD,Commercial services,No rating,Miscellaneous commercial services,23.762376237623762,-4.580152671755729,0.8064516129032265,25,4.6025104602510405,1.828571428571557,1.1682292020925507,1.2087856531082275,1.1299060642114016,0.9809306793539871,1.235714285714285,1.1262499999999993,5067.5,AUD
49M,49 Metals Limited,0.11,AUD,-4.347826086956525,41638,0.2149147912764353,9457216,AUD,Non-energy minerals,No rating,Precious metals,-40.54054054054054,18.27956989247312,29.411764705882344,-18.518518518518523,-40.54054054054054,5.844155844155712,0.10156429263323805,0.10692539284350551,0.10838768051267125,,0.10785714285714279,0.10844999999999999,4580.18,AUD
RG1,Regal Partners Global Investments Limited,2.75,AUD,-0.36231884057970243,107555,0.214904894768433,622499820,AUD,Miscellaneous,No rating,Investment trusts,24.434389140271495,3.383458646616536,8.695652173913052,22.76785714285713,19.565217391304355,2.02597402597407,2.604139328557997,2.666114061718191,2.5093774010638477,2.2900275337286216,2.6785714285714306,2.4600833333333347,295776.25,AUD
MI6,Minerals 260 Limited,0.785,AUD,1.9480519480519498,2518681,0.2148290845479985,1680246623,AUD,Non-energy minerals,Strong buy,Precious metals,86.90476190476193,-3.0864197530864224,35.34482758620691,1.2903225806451624,84.7058823529412,6.269335759781512,0.7249913892530007,0.7574947825039403,0.723521174973815,0.607226617399359,0.7871428571428571,0.7540833333333334,1977164.585,AUD
AFI,Australian Foundation Investment Co. Ltd.,6.81,AUD,-0.14662756598241458,151310,0.21354955031243494,8332144800,AUD,Miscellaneous,No rating,Investment trusts,-4.888268156424589,1.1887072808320829,-1.1611030478955018,2.4060150375939737,-2.0143884892086414,1.2114537444936728,6.818634935374586,6.809600372165301,6.791903513372554,6.8628333618423145,6.8085714285714385,6.74483333333334,1030421.1,AUD
DLI,Delta Lithium Limited,0.18,AUD,-2.7027027027027053,156642,0.21350293406041232,125858163,AUD,Non-energy minerals,Buy,Other metals/Minerals,-18.181818181818187,5.8823529411764595,0,-14.285714285714286,-20.000000000000004,5.833333333333308,0.17338383881090208,0.17674841653734005,0.17824342665902787,0.1976122689678352,0.1785714285714286,0.17841666666666658,28195.559999999998,AUD
4DX,4DMedical Ltd.,3.77,AUD,1.617250673854449,1293003,0.2125629299067063,2183635564,AUD,Technology services,Neutral,Information technology services,-5.75,-13.333333333333327,-0.7894736842105212,3.5714285714285685,-5.276381909547738,8.829101932550216,3.8980498920500954,3.902448265312922,3.933181989167337,3.549765021180464,3.9471428571428566,3.918166666666667,4874621.31,AUD
HLO,Helloworld Travel Ltd,1.53,AUD,-1.2903225806451624,19812,0.21147417094695856,256977865,AUD,Consumer services,Strong buy,Other consumer services,-19.261213720316622,-1.2903225806451624,2.341137123745814,8.12720848056537,-18.181818181818183,2.334267040149472,1.531793328314427,1.5409688891572195,1.5105772226547791,1.5822647654123838,1.5385714285714307,1.4844166666666678,30312.36,AUD
COF,Centuria Office REIT,0.855,AUD,0,291641,0.21089225398097153,513709755,AUD,Finance,Neutral,Real estate investment trusts,-25.32751091703057,-3.9325842696629247,-3.3898305084745792,-8.064516129032265,-18.181818181818176,2.0384294068508524,0.8841063248907312,0.8739200996378815,0.8967924821892492,0.9861386975612431,0.8735714285714303,0.8976666666666658,249353.055,AUD
NAB,National Australia Bank Limited,39.3,AUD,-0.40547389761785024,1008822,0.21038348749197602,128609731587,AUD,Finance,Neutral,Major banks,-7.026259758694122,-4.727272727272734,-1.2314651922593667,5.503355704697979,-18.39700996677741,1.9174845510720424,40.76808033248841,40.71049933090103,40.12343451499751,40.64585076384119,40.70999999999999,39.069333333333404,39646704.599999994,AUD
29M,29Metals Limited,0.33,AUD,3.1250000000000027,823133,0.21028223849254793,541660446,AUD,Non-energy minerals,Neutral,Other metals/Minerals,-37.33345653955574,3.1250000000000027,43.47826086956522,32.00000000000001,-22.35294117647058,4.999999999999836,0.29072890532550705,0.31059720396236773,0.2759851027482268,0.31189966229660393,0.31857142857142856,0.26533333333333337,271633.89,AUD
RWL,Rubicon Water Limited,0.12,AUD,9.090909090909086,24900,0.21019292164784498,26487460,AUD,Producer manufacturing,No rating,Industrial machinery,-17.241379310344826,0,87.49999999999999,0,-36.8421052631579,3.5714285714285796,0.08886005031484172,0.10265067496777885,0.08846346030602818,0.14706762484466257,0.10999999999999988,0.08431666666666862,2988,AUD
HAL,Halo Technologies Holdings Ltd,0.018,AUD,12.49999999999999,12500,0.21009462661982958,4671033,AUD,Technology services,No rating,Internet software/Services,-41.935483870967744,0,5.882352941176455,-10.000000000000009,-37.931034482758626,4.365079365079518,0.016967731643064962,0.017050352044219622,0.01956714939480715,0.030358208059714425,0.01771428571428571,0.02011666666666668,224.99999999999997,AUD
TBR,Tribune Resources Limited,5.21,AUD,1.1650485436893128,4546,0.20999921469717336,275982106,AUD,Non-energy minerals,No rating,Precious metals,-12.876254180602013,2.1568627450980458,8.091286307053936,-5.272727272727273,-16.64,2.0016451878253334,5.036343147071079,5.120302458727405,5.091052209709449,5.4668053398315966,5.184285714285713,5.121333333333323,23684.66,AUD
PRX,Prodigy Gold NL,0.06,AUD,0,72259,0.20982735029630611,20225603,AUD,Non-energy minerals,No rating,Precious metals,3.4482758620689564,-3.225806451612906,-14.285714285714297,-18.91891891891892,-9.090909090909099,3.2142857142856975,0.06340697235311306,0.061225302497519514,0.06699546116283707,0.06443973103385883,0.06042857142857137,0.0715833333333333,4335.54,AUD
CYM,Cyprium Metals Limited,0.485,AUD,-3.0000000000000027,222935,0.2096049824938212,283259094,AUD,Non-energy minerals,Strong buy,Other metals/Minerals,-8.366821481394112,4.301075268817196,14.117647058823529,18.292682926829272,2.105263157894739,4.374079528718904,0.46532255271973966,0.48196339565060287,0.4405731724866662,0.4087952625295667,0.48499999999999993,0.4230833333333332,108123.47499999999,AUD
ASV,Asset Vision Co Ltd,0.045,AUD,2.2727272727272747,41119,0.20959950331049873,28542239,AUD,Commercial services,No rating,Personnel services,0,0,-2.173913043478263,40.62499999999999,12.499999999999995,3.1746031746030434,0.04446335471972294,0.043818985038417656,0.042305127800837325,0.039137684367364714,0.04314285714285707,0.04015,1850.355,AUD
SMX,Strata Minerals Limited,0.017,AUD,-5.555555555555541,103109,0.20882615514732805,7199156,AUD,Non-energy minerals,No rating,Other metals/Minerals,-22.72727272727272,-5.555555555555542,-5.555555555555542,13.333333333333346,-32,3.3613445378154845,0.017484324016024455,0.017479014392321822,0.017715189872803582,0.019860187827964677,0.017428571428571422,0.017166666666666663,1752.853,AUD
ICL,Iceni Gold Ltd.,0.022,AUD,0,91000,0.20874422684579214,9154052,AUD,Non-energy minerals,No rating,Precious metals,-68.57142857142857,-4.347826086956526,-8.333333333333341,0,-58.49056603773585,4.5454545454546444,0.023378554464482906,0.02249398241267622,0.025373331611616378,0.040661406004732954,0.022428571428571447,0.023950000000000003,2001.9999999999998,AUD
REG,Regis Healthcare Ltd.,6.165,AUD,0.40716612377850747,86789,0.20850570868733345,1865570547,AUD,Health services,Buy,Medical/Nursing services,-12.054208273894433,-0.08103727714748611,2.7500000000000004,3.962900505902198,-5.153846153846154,3.1746031746032757,6.208721434027786,6.186800389330846,6.246870459048732,6.511307089867687,6.173571428571429,6.279916666666669,535054.185,AUD
BSL,Bluescope Steel Limited,33.095,AUD,0.47055251973285106,277450,0.20746875555686498,14757138553,AUD,Producer manufacturing,Buy,Metal fabrication,37.494806813460734,-5.873151308304886,1.9876733436055345,12.529751785107102,13.689453795946408,2.556493212181143,33.492447877274174,33.71726663762522,32.71192427620909,29.378127215331247,33.97642857142859,32.75058333333333,9182207.75,AUD
PPS,Praemium Ltd,0.73,AUD,2.0979020979020997,224214,0.20723395437403633,377791131,AUD,Technology services,Strong buy,Packaged software,-8.176100628930824,-6.410256410256416,1.3888888888888902,11.450381679389306,-3.947368421052635,3.7181996086102926,0.7369759718184407,0.7469533059856912,0.7189922138769083,0.7214098533093424,0.7571428571428578,0.7092499999999996,163676.22,AUD
BTR,Brightstar Resources Limited,0.42,AUD,1.204819277108435,1659374,0.20720467202535264,461133787,AUD,Non-energy minerals,Strong buy,Precious metals,-16.000000000000004,-8.69565217391305,29.23076923076922,23.52941176470587,-22.93577981651377,5.272108843537571,0.39297229763667973,0.4179155432896406,0.3680337606848159,0.40872609197339627,0.43499999999999994,0.3460833333333329,696937.08,AUD
MLG,MLG Oz Ltd,0.785,AUD,0,27954,0.20687082894859535,124261294,AUD,Industrial services,Strong buy,Engineering & construction,-10.795454545454541,4.6666666666666705,20.76923076923077,5.369127516778528,-26.63551401869159,2.083712465877999,0.749650145253143,0.7686110648426338,0.7387477911133423,0.7875916509800976,0.7699999999999998,0.7227499999999997,21943.89,AUD
TEA,Tasmea Limited,9.17,AUD,0.8800880088008809,89613,0.20667652850407736,2620915523,AUD,Industrial services,Buy,Engineering & construction,117.29857819905214,6.752037252619326,-1.3978494623655997,55.68760611205433,139.42558746736293,4.961832061068723,8.92265887991761,9.03414353262865,8.530719571192572,6.4178186038887555,9.047142857142857,8.676333333333336,821751.21,AUD
WAM,WAM Capital Ltd.,1.55,AUD,0.32362459546926314,209918,0.20663740391175656,1741446000,AUD,Miscellaneous,No rating,Investment trusts,-13.649025069637878,-1.2738853503184724,-2.5157232704402537,-4.320987654320991,-13.649025069637878,1.105990783411011,1.558430422191848,1.5522655837206163,1.5681527286373194,1.6458074876111255,1.548571428571428,1.5463333333333376,325372.9,AUD
POL,Polymetals Resources Ltd.,0.945,AUD,3.2786885245901543,167918,0.20578584732400457,271140035,AUD,Non-energy minerals,Strong buy,Precious metals,-25.590551181102366,7.3863636363636305,26.845637583892614,4.999999999999992,-6.4356435643564405,4.210128495842761,0.8578730205020396,0.8918629090649682,0.8401681675412433,0.8980416504056669,0.9092857142857144,0.816583333333334,158682.50999999998,AUD
DLY,Daly Resources Limited,0.15,AUD,0,31458,0.20550146590784377,,,Non-energy minerals,No rating,Other metals/Minerals,-40,-11.764705882352951,-21.052631578947373,-40,-40,7.380952380952414,0.17534380325985993,0.16160338143348,,,0.15857142857142859,,4718.7,AUD
RYD,Ryder Capital Ltd.,2.08,AUD,0,12000,0.2054798039037738,167543584,AUD,Finance,No rating,Financial conglomerates,6.666666666666672,-0.47846889952152094,18.85714285714286,10.638297872340436,1.4634146341463536,1.339285714285765,2.0308798012379494,2.071978647669803,1.9486260522866445,1.8366413866606703,2.0785714285714296,1.8784999999999998,24960,AUD
SLC,Superloop Ltd.,3.08,AUD,-2.531645569620255,208720,0.20530974356643839,1621348923,AUD,Industrial services,Buy,Engineering & construction,18.00766283524905,-1.5974440894568633,-0.9646302250803797,-13.239436619718303,7.317073170731706,2.748144712430574,3.1666386153315997,3.1545052511933656,3.2143818211200665,3.0876315070452245,3.1642857142857177,3.291499999999996,642857.6,AUD
ABG,Abacus Group,0.855,AUD,0,152644,0.20434139111288194,790887015,AUD,Finance,Buy,Real estate investment trusts,-29.045643153526974,-8.064516129032265,-6.04395604395605,-16.176470588235297,-26.609442060085843,2.3725981620720877,0.9150831765663223,0.8951476247550854,0.9430644246085802,1.0365319842192968,0.8964285714285719,0.9557499999999999,130510.62,AUD
DOC,Doctor Care Anywhere Group PLC Shs Chess Depository Interests Repr 1 sh,0.122,AUD,1.6666666666666683,20988,0.2042059339200962,40333947,AUD,Health services,Strong buy,Medical/Nursing services,-23.750000000000004,10.909090909090907,1.6666666666666683,-6.1538461538461595,-37.43589743589744,3.044496487119436,0.11317844774524093,0.11331372892338293,0.1185835836605033,0.12991082076291915,0.11242857142857154,0.12084999999999993,2560.536,AUD
ARG,Argo Investments Limited,9.21,AUD,0.5458515283842873,106177,0.20413986109714527,6899902310,AUD,Miscellaneous,No rating,Investment trusts,0.986842105263176,-2.642706131078224,3.020134228187935,4.185520361990961,1.6556291390728515,1.0004653327127926,9.220013009069515,9.272181397675272,9.09074810752865,8.993694999155807,9.325714285714266,9.015333333333347,977890.17,AUD
PHO,PhosCo Ltd,0.14,AUD,0,50000,0.20344033888277893,75711537,AUD,Non-energy minerals,No rating,Other metals/Minerals,-10.828025477707,12.00000000000001,0,-7.894736842105253,-3.4482758620689498,3.826530612244884,0.13770098647772633,0.13796979768239145,0.14096278775188423,0.12869834429260538,0.1385714285714286,0.1480666666666666,7000.000000000001,AUD
BIO,Biome Australia Ltd,0.27,AUD,0,55668,0.2033294336412544,63839449,AUD,Health technology,Strong buy,Pharmaceuticals: major,-35.71428571428571,-6.896551724137918,3.053435114503819,10.20408163265307,-36.47058823529411,3.968253968253954,0.2775130660397684,0.2792733962564495,0.276625037026919,0.3405428621908053,0.2821428571428571,0.26801666666666696,15030.36,AUD
MSI,Multistack International Limited,0.003,AUD,0,10000,0.20280643545380983,408912,AUD,Distribution services,No rating,Wholesale distributors,-40,0,0,-25,-25,4.7619047619045185,0.003950400349410106,0.0034817757048245667,0.005520668141538068,0.020102050267214237,0.003428571428571466,0.005366666666666652,30,AUD
MTM,Metallium Limited,0.425,AUD,-1.1627906976744196,1510327,0.20274201151623303,315524888,AUD,Non-energy minerals,Strong buy,Precious metals,-62.55506607929515,24.99999999999999,8.974358974358967,-19.811320754716988,-49.404761904761905,10.386554621848964,0.3709677095181879,0.3884686841661191,0.4038502266492895,0.5592127474227772,0.39928571428571397,0.4143333333333338,641888.975,AUD
HVY,Heavy Minerals Ltd,0.385,AUD,8.450704225352121,17071,0.20256904684208965,27775567,AUD,Non-energy minerals,No rating,Other metals/Minerals,-19.79166666666666,-14.444444444444445,-8.333333333333327,-19.79166666666666,-28.96678966789668,7.977736549165187,0.42005638635796577,0.4068756728744177,0.4372841368584088,0.44793287397573217,0.41285714285714253,0.44678333333333303,6572.335,AUD
TRI,TrivarX Limited,0.015,AUD,7.142857142857137,111486,0.20197064771515338,16151709,AUD,Technology services,No rating,Packaged software,-21.05263157894737,-6.250000000000005,-21.05263157894737,-51.612903225806456,-31.818181818181817,6.190476190476302,0.01606310924580468,0.01495346634034375,0.01851953140252681,0.01972503091076027,0.014857142857142885,0.020800000000000006,1672.29,AUD
ALR,Altair Minerals limited,0.042,AUD,-6.666666666666657,2485975,0.20188085825304597,278415187,AUD,Non-energy minerals,Strong buy,Other metals/Minerals,68,2.4390243902439046,35.48387096774194,7.692307692307699,75.00000000000001,7.312925170067961,0.038456652059118634,0.04121404914004185,0.03570284213645756,0.03890190761646757,0.04214285714285714,0.03415000000000001,104410.95000000001,AUD
GML,Gateway Mining Limited,0.077,AUD,-1.2820512820512833,523986,0.2011411611068587,181179550,AUD,Non-energy minerals,No rating,Precious metals,8.450704225352121,2.666666666666669,60.416666666666664,32.75862068965517,9.99999999999999,6.21521335807055,0.06751346002230812,0.07439578944554504,0.06070398295608175,0.060177405997915635,0.07728571428571428,0.055066666666666673,40346.922,AUD
ATA,Atturra Limited,0.405,AUD,2.531645569620255,35878,0.20039276490406557,144677867,AUD,Commercial services,Strong buy,Miscellaneous commercial services,-42.14285714285714,-3.5714285714285614,-6.896551724137925,-7.954545454545449,-31.932773109243687,5.061728395062034,0.40396753221429094,0.3962840963767839,0.4262582822807117,0.5432475448900727,0.39885714285714247,0.43336666666666596,14530.59,AUD
BRK,Brookside Energy Limited,0.37,AUD,-3.8961038961038996,20378,0.19928181096294365,36420999,AUD,Energy minerals,Strong buy,Integrated oil,-21.276595744680847,-3.8961038961038996,-7.500000000000006,-27.450980392156865,-16.853932584269664,3.4169884169884117,0.3868872828476457,0.3813500665556154,0.40765652754212856,0.4426938981749886,0.3807142857142853,0.4124166666666669,7539.86,AUD
WBC,Westpac Banking Corporation,34.585,AUD,-1.3829483889364111,977251,0.19906078846853692,120821792079,AUD,Finance,Sell,Major banks,-10.168831168831165,-3.2316731952993876,-5.762942779291558,-5.246575342465751,-16.461352657004827,2.1489497924369005,36.3892470975066,35.80390865422113,36.5991539320116,37.29220883741045,35.354999999999976,36.1284166666666,33798225.835,AUD
VFY,Vitrafy Life Sciences Ltd.,4.275,AUD,-2.840909090909091,29669,0.1986693326440719,352994025,AUD,Health technology,Strong buy,Medical specialties,233.984375,6.079404466501243,49.475524475524495,71.6867469879518,155.68181818181822,6.365914786967421,3.845833292786601,4.170537358836838,3.3664726523607373,2.4202013427148357,4.2664285714285715,3.204583333333333,126834.975,AUD
TPW,Temple & Webster Group Ltd,5.25,AUD,2.1400778210116793,201148,0.19856794709303605,604877575,AUD,Retail trade,Buy,Specialty stores,-61.95652173913044,-6.417112299465245,-0.37950664136621587,6.707317073170733,-38.59649122807018,6.2176870748300095,5.461447938628993,5.397170897192053,5.5546031637056545,8.98916606006441,5.378571428571426,5.446333333333333,1056027,AUD
BFG,Bell Financial Group Limited,1.53,AUD,0,37230,0.19832888074430596,480026039,AUD,Finance,No rating,Investment banks/Brokers,15.909090909090907,0.6578947368421059,4.4368600682593815,6.250000000000005,2.684563758389264,3.1045751633991054,1.5224941907219294,1.5280962442913701,1.4844710961058143,1.3817440186277583,1.527857142857147,1.461416666666669,56961.9,AUD
RON,Ronin Resources Ltd,0.18,AUD,2.85714285714286,8793,0.1980940794809408,7267502,AUD,Energy minerals,No rating,Coal,9.090909090909083,2.85714285714286,9.090909090909083,2.85714285714286,-10.000000000000009,0.39682539682550955,0.1726190032767589,0.17404114767650644,0.17476933489769275,0.17417700748817447,0.1757142857142857,0.17591666666666658,1582.74,AUD
LAC,Lac Gold Limited,0.347,AUD,-0.8571428571428579,73293,0.19743546435841758,75217234,AUD,Non-energy minerals,Strong buy,Precious metals,6.7692307692307585,-6.216216216216222,11.935483870967733,-13.25000000000001,-17.380952380952383,6.237134623301848,0.3464343476857062,0.35078480604382556,0.34814001891884755,0.3369578528557884,0.3574285714285714,0.3455333333333335,25432.671,AUD
DXS,Dexus,5.76,AUD,0.17391304347825717,665712,0.19738213797678922,6306829122,AUD,Finance,Buy,Real estate investment trusts,-18.413597733711047,-5.263157894736847,0.8756567425569146,-5.573770491803277,-15.294117647058824,1.717509920634621,5.892403970394152,5.899535709065927,5.849541162204117,6.232900368295115,5.928571428571422,5.7498333333333385,3834501.1199999996,AUD
IGO,IGO Limited,8.07,AUD,-0.9815950920245406,551691,0.19552870964363542,5963896027,AUD,Non-energy minerals,Buy,Other metals/Minerals,-1.4652014652014558,4.263565891472869,21.353383458646615,-1.8248175182481794,-2.53623188405796,3.6687909364488958,7.516258120679893,7.8012613504310995,7.551733650419858,7.443990822478009,7.940000000000003,7.782333333333332,4452146.37,AUD
SRL,Sunrise Energy Metals Limited,17.545,AUD,1.240623196768629,179796,0.19540269609553285,2987410836,AUD,Producer manufacturing,Strong buy,Industrial machinery,126.67958656330751,-4.646739130434766,10.624211853720066,44.52224052718287,52.69799825935597,6.275699222407714,16.692678883295716,17.38454915136827,15.840796285017694,11.544289608829128,18.16214285714286,16.004083333333337,3154520.8200000003,AUD
GNG,GR Engineering Services Ltd,6.13,AUD,-2.6984126984126977,36646,0.19535166871990445,1002998421,AUD,Industrial services,Strong buy,Engineering & construction,38.06306306306305,4.786324786324791,20.669291338582674,23.83838383838383,19.029126213592225,3.8161267769750253,5.8129807319242035,5.989470828566932,5.537595251057042,4.78503216701861,5.972857142857145,5.550333333333335,224639.98,AUD
BVS,Bravura Solutions Limited,3.32,AUD,-3.4883720930232593,468839,0.19532628253554588,1609396808,AUD,Technology services,Buy,Packaged software,29.18287937743191,17.73049645390071,25.757575757575747,45.6140350877193,60.38647342995169,3.528399311531837,2.914817509062046,3.1838521972265306,2.5953570054322537,2.346186571516781,3.23,2.4194999999999984,1556545.48,AUD
LGF,L1 Gold Fund Limited,2.3,AUD,1.3215859030836918,121562,0.19511598504263797,1045000023,AUD,Finance,No rating,Financial conglomerates,13.86138613861385,6.976744186046508,19.170984455958543,14.999999999999991,13.86138613861385,3.2453416149067884,2.0966790382127884,2.182029875371917,2.0267379374310246,,2.2028571428571437,1.9591666666666658,279592.6,AUD
PCI,Perpetual Credit Income Trust,1.102,AUD,0.6392694063927048,180951,0.19457939951591474,804365210,AUD,Miscellaneous,No rating,Investment trusts,-0.7207207207207214,0.18181818181818196,0.6392694063927048,0.6392694063927048,-1.6071428571428583,0.849105522426614,1.097489438004979,1.0984721672139648,1.0946191414592448,1.1031922295933116,1.0988571428571432,1.092366666666667,199408.002,AUD
GNC,Graincorp Limited Class A,5.475,AUD,0.8287292817679546,242943,0.19425003334208643,1197847671,AUD,Commercial services,Buy,Miscellaneous commercial services,-24.063800277392513,0.27472527472526886,9.499999999999993,11.734693877551004,-6.410256410256411,2.778864970646093,5.40997686949006,5.448577987982639,5.350789429027492,6.120034295609353,5.433571428571435,5.166250000000005,1330112.9249999998,AUD
ASB,Austal Limited,4.24,AUD,-2.30414746543778,788800,0.1938305705064229,1832958799,AUD,Producer manufacturing,Buy,Trucks/Construction/Farm machinery,-36.9047619047619,6.000000000000005,20.79772079772081,7.888040712468195,-28.739495798319325,6.266846361186001,3.995354679277022,4.153243546925176,3.99522537009384,4.827180889147446,4.264285714285714,3.962999999999999,3344512,AUD
KAR,Karoon Energy Ltd,1.765,AUD,0.8571428571428517,994899,0.192576589871456,1221801849,AUD,Energy minerals,Buy,Oil & gas production,14.610389610389602,3.823529411764703,17.66666666666666,-15.952380952380961,11.708860759493659,3.241602590044463,1.6913949637798085,1.7303562318134116,1.6803032787627048,1.7348433551070421,1.730714285714286,1.6518333333333344,1755996.7349999999,AUD
EQR,EQ Resources Limited,0.32,AUD,3.2258064516129057,6510977,0.19234102652990034,1599114578,AUD,Non-energy minerals,Strong buy,Precious metals,290.24390243902434,3.225806451612906,36.17021276595746,39.130434782608695,30.612244897959187,7.008928571428548,0.2954082389556644,0.3075264187665772,0.28070678754194806,0.22171776147544076,0.31071428571428583,0.26858333333333334,2083512.6400000001,AUD
RVT,Richmond Vanadium Technology Pty Ltd.,0.095,AUD,0,8052,0.19233111908907854,20929934,AUD,Non-energy minerals,No rating,Other metals/Minerals,21.794871794871796,-5.000000000000004,-5.000000000000004,-34.48275862068965,-26.923076923076927,1.804511278195674,0.10065423983471651,0.09720913607077236,0.11370248284557419,0.12842903924498983,0.09814285714285716,0.12044999999999947,764.94,AUD
MP1,Megaport Ltd.,21.44,AUD,0.04666355576295644,235032,0.19207500202264222,5055289181,AUD,Technology services,Buy,Data processing services,88.95352621219281,8.556962025316462,8.228167592125203,82.8001547335101,104.21064325565882,4.27438699360338,19.961701816763235,20.72324734182098,18.481771780348257,14.167244198566173,20.93285714285714,18.76265899216668,5039086.08,AUD
NCC,NAOS Emerging Opportunities Co. Ltd.,0.475,AUD,0,15265,0.19130511065994937,34316814,AUD,Miscellaneous,No rating,Investment trusts,11.76470588235294,1.0638297872340436,9.19540229885057,18.74999999999999,13.095238095238093,2.406015037593909,0.4544185517052109,0.4665571198707108,0.4336979209940818,0.4137302366368934,0.468571428571428,0.41750000000000004,7250.875,AUD
CMA,Carma Limited,0.78,AUD,-2.500000000000002,16439,0.19117139139141515,112682145,AUD,Retail trade,Strong buy,Specialty stores,-58.51063829787233,-4.878048780487796,-14.754098360655737,22.83464566929134,-40.45801526717557,6.776556776556772,0.8607870284555914,0.8317067659222082,0.858643506524882,1.3000019341783318,0.8185714285714294,0.8130833333333334,12822.42,AUD
GSM,Golden State Mining Ltd.,0.011,AUD,-15.384615384615385,189369,0.1910155540761363,6272049,AUD,Non-energy minerals,No rating,Precious metals,-50,-8.333333333333341,-8.333333333333341,-38.88888888888889,-42.10526315789474,3.8961038961039964,0.011961461221172493,0.011956757575994688,0.012712360977082733,0.014339641004098527,0.01200000000000001,0.0134,2083.0589999999997,AUD
TAH,Tabcorp Holdings Limited,0.882,AUD,-2.0000000000000018,885615,0.19089376299682118,2097769572.0000002,AUD,Consumer services,Neutral,Movies/Entertainment,-9.538461538461537,-5.668449197860967,-3.6065573770491834,27.82608695652175,-2.5414364640884,3.887269193391576,0.8914408705748866,0.8994128583716424,0.8744132714055342,0.8828616043484626,0.9052857142857146,0.8472000000000006,781112.43,AUD
WES,Wesfarmers Limited,83.89,AUD,-1.119754832626123,259717,0.19018592111440336,100699573342,AUD,Retail trade,Sell,Home improvement chains,3.5040098704503437,-6.643667927887824,-9.581806423798232,14.136054421768707,-4.562002275312861,1.6637433373636625,88.62367226659299,87.58308320941903,87.29250457097423,82.9153942300419,87.7414285714284,87.15316666666665,21787659.13,AUD
GCI,Gryphon Capital Income Trust,2.07,AUD,0.4854368932038731,106592,0.18998388936903324,1222335000,AUD,Miscellaneous,No rating,Investment trusts,0.975609756097562,0.4854368932038731,0,0.975609756097562,-0.48076923076924183,0.6901311249136668,2.06602601818633,2.0654504357118753,2.0645170985584484,2.0543333000864807,2.064285714285714,2.0658333333333343,220645.43999999997,AUD
CNB,Carnaby Resources Ltd.,0.905,AUD,0,671120,0.18966536830823166,238843693,AUD,Non-energy minerals,Strong buy,Precious metals,94.6236559139785,0.555555555555556,69.1588785046729,74.03846153846153,94.6236559139785,3.496448303078143,0.7970321335391258,0.8700410596654612,0.697389951272298,0.5518481074522141,0.8957142857142859,0.6689166666666665,607363.6,AUD
PKY,Pathkey.AI Limited,0.041,AUD,5.128205128205133,1459854,0.18957778389508645,47232881,AUD,Technology services,No rating,Internet software/Services,141.17647058823528,20.588235294117645,2.500000000000002,-2.3809523809523827,36.66666666666668,9.40766550522648,0.03683490164611613,0.036489973594372206,0.04035328600345619,0.034083949126063474,0.036571428571428574,0.044599999999999966,59854.014,AUD
CBA,Commonwealth Bank of Australia,163.01,AUD,-1.2060606060606116,389576,0.18893694403600964,279474362159,AUD,Finance,Strong sell,Major banks,1.5006226650062247,-6.1056390760901,-5.774566473988444,0.23365922646497908,-8.769867920304463,1.9867317517769223,171.75889369240298,169.69243048439276,170.57765178127357,167.84111389583038,169.29857142857153,167.86133333333368,63504783.76,AUD
M79,Mammoth Minerals Limited,0.038,AUD,0,109102,0.18892075413150516,21238694,AUD,Non-energy minerals,No rating,Other metals/Minerals,-68.33333333333333,-19.148936170212767,-11.627906976744182,-33.333333333333336,-52.5,6.015037593984928,0.04132636184482434,0.040868708262447095,0.04402160055657214,0.06733433802034729,0.04285714285714298,0.0433166666666666,4145.876,AUD
ALC,Alcidion Group Limited,0.089,AUD,-1.1111111111111123,152116,0.1882168827262431,120920289,AUD,Technology services,Buy,Packaged software,-15.238095238095239,-1.111111111111112,-9.183673469387763,-15.238095238095239,-15.238095238095239,3.2102728731942287,0.0911261188360429,0.09013029159281111,0.09455777362700019,0.09888414637305866,0.09014285714285719,0.09721666666666663,13538.323999999999,AUD
BCM,Brazillian Critical Minerals Limited,0.055,AUD,-1.7857142857142874,1221144,0.18801174040281685,126374874,AUD,Non-energy minerals,Strong buy,Other metals/Minerals,103.70370370370371,7.8431372549019684,19.56521739130435,61.76470588235293,48.64864864864866,7.1428571428570775,0.05041958544740039,0.053410233058750506,0.0467852032239238,0.03639659540144019,0.054428571428571444,0.04623333333333334,67162.92,AUD
LFG,Liberty Financial Group Ltd,3.16,AUD,-1.5576323987538885,10045,0.18774999065455497,944195987,AUD,Finance,Buy,Investment managers,-23.671497584541054,-2.7692307692307647,-6.508875739644964,-1.250000000000001,-17.06036745406824,2.5203435804700427,3.2424918770388884,3.211197514244148,3.2678241028402226,3.5002654105431255,3.210000000000003,3.2353333333333305,31742.2,AUD
PMV,Premier Investments Limited,11.865,AUD,-0.5448449287510436,128204,0.18772919049510783,1997809687,AUD,Retail trade,Buy,Apparel/Footwear retail,-14.332129963898913,-10.722347629796833,-17.832409972299164,2.7272727272727226,-14.578833693304537,3.756546866534606,13.074589692704633,12.549154787442875,13.411179671394503,14.63517062790643,12.483571428571407,13.691583333333334,1521140.46,AUD
LSR,Lodestar Minerals Limited,0.009,AUD,0,1052346,0.1874828668584741,13110121,AUD,Non-energy minerals,No rating,Precious metals,-30.769230769230774,0,0,-47.05882352941177,0,7.93650793650811,0.009069558618850343,0.008992663474206252,0.010368721132699087,0.014862378269504222,0.00900000000000001,0.010516666666666662,9471.114,AUD
WHF,Whitefield Industrials Limited,4.98,AUD,0.20120724346077817,8980,0.18742890537762333,602851060,AUD,Miscellaneous,No rating,Investment trusts,-8.791208791208783,0.20120724346077817,1.8404907975460276,2.892561983471086,-6.037735849056593,1.3267355134827419,4.914827327847069,4.9653616455790806,4.847274082953569,5.02918296909464,4.977142857142857,4.769166666666677,44720.4,AUD
WBT,Weebit Nano Ltd.,4.48,AUD,0.448430493273553,295326,0.18716318108835986,1067499425,AUD,Electronic technology,No rating,Semiconductors,-10.399999999999991,6.666666666666672,-29.337539432176648,-27.035830618892497,-10.756972111553768,6.489158163265341,4.842628570381778,4.518355278534694,5.5551715146479745,5.12916145345653,4.501428571428568,6.434333333333337,1323060.4800000002,AUD
CHN,Chalice Mining Limited,1.365,AUD,-0.7272727272727278,340604,0.18623811625036976,520867000.99999994,AUD,Non-energy minerals,Buy,Precious metals,-35.613207547169814,-0.3649635036496434,21.333333333333332,-1.0869565217391235,-26.216216216216218,4.777603349031771,1.2764814428534093,1.3327370044356324,1.2773279732085356,1.5195319322198086,1.3664285714285709,1.266333333333333,464924.46,AUD
RCE,Recce Pharmaceuticals Ltd.,0.385,AUD,0,7249,0.1860826885855238,113134920,AUD,Health technology,No rating,Pharmaceuticals: major,-41.221374045801525,0,-1.282051282051283,-21.428571428571427,-34.18803418803419,2.7829313543599015,0.37961367675768587,0.3789975380814653,0.40460494684108594,0.4594059261369863,0.3800000000000004,0.4269166666666667,2790.8650000000002,AUD
BPM,BPM Minerals Ltd.,0.18,AUD,2.85714285714286,27857,0.18560469271986133,23258623,AUD,Non-energy minerals,No rating,Construction materials,2.85714285714286,0,2.85714285714286,-12.19512195121951,-35.71428571428572,3.690476190476176,0.17310428714952913,0.17637299723316516,0.1760499394118702,0.17738722729213252,0.1788571428571429,0.17401666666666674,5014.26,AUD
CBO,Cobram Estate Olives Ltd.,3.58,AUD,1.9943019943020026,98754,0.18550152508949735,1661405473,AUD,Process industries,Buy,Agricultural commodities/Milling,-11.386138613861386,1.4164305949008575,5.294117647058828,-13.73493975903615,10.153846153846157,3.381883479648958,3.4815824314204353,3.499703579016835,3.57180129987893,3.44525253242816,3.518571428571431,3.7041666666666697,353539.32,AUD
RIM,Rimfire Pacific Mining Limited,0.014,AUD,0,2250178,0.18535110630206514,44987079,AUD,Non-energy minerals,No rating,Other metals/Minerals,-6.666666666666662,-6.666666666666662,16.666666666666668,40,-12.5,12.75510204081581,0.013288780887370413,0.013939214679677925,0.012605299190338523,0.014227926478535054,0.01485714285714279,0.011833333333333298,31502.492000000002,AUD
JIN,Jumbo Interactive Limited,7.76,AUD,1.4379084967320186,27608,0.18490500579000207,480204665,AUD,Consumer services,Buy,Casinos/Gaming,-31.629955947136565,2.5099075297225824,8.683473389355745,7.7777777777777715,-20.735444330949946,2.8948821796760313,7.389868228510357,7.542800838644406,7.304301229285272,8.462926659541322,7.564285714285728,7.2221666666666655,214238.08,AUD
DXB,Dimerix Limited,0.31,AUD,3.3333333333333366,287414,0.1846332372589197,177117027,AUD,Health technology,Strong buy,Pharmaceuticals: major,-43.63636363636364,10.714285714285703,26.53061224489796,51.219512195121965,-35.41666666666667,5.4147465437786435,0.27515166937481356,0.2913473616272426,0.2572170129544384,0.3368084583013363,0.2928571428571428,0.22816666666666668,89098.34,AUD
SLX,Silex Systems Limited,5.37,AUD,2.6768642447418673,161083,0.18461877357332562,1436741552,AUD,Electronic technology,Strong buy,Semiconductors,-36.29893238434163,8.048289738430592,15.732758620689665,-1.8281535648994451,-24.684431977559605,4.143389199254991,5.0398766233626615,5.159800599008126,5.163446367600114,5.746150851930594,5.234285714285716,5.289333333333332,865015.71,AUD
NAN,Nanosonics Limited,3.685,AUD,4.096045197740113,90628,0.1837522373945576,1060449815,AUD,Health technology,Buy,Medical specialties,-6.472081218274109,5.890804597701152,12.691131498470948,10,2.3611111111111103,3.479356464431058,3.425959764325114,3.540778067838229,3.343846744832546,3.56078824840015,3.587857142857142,3.2740833333333343,333964.18,AUD
HLI,Helia Group Limited,5.56,AUD,-0.8912655971479628,265564,0.18344591987838982,1560176032,AUD,Finance,Sell,Specialty insurance,-1.9400352733686124,4.905660377358487,1.2750455373406082,9.019607843137255,-2.9668411867364886,3.205292908530142,5.40729133448135,5.528988085281732,5.3238111963197,5.3079682679400655,5.630000000000005,5.25383333333333,1476535.8399999999,AUD
MIR,Mirrabooka Investments Ltd,2.55,AUD,-0.390625000000009,36725,0.18253825847815044,577555596,AUD,Miscellaneous,No rating,Investment trusts,-18.006430868167204,-1.5444015444015458,-3.041825095057037,1.999999999999993,-14.715719063545164,2.212885154061732,2.573350488889044,2.5709364469484774,2.5610245978708863,2.7426059702079795,2.5842857142857105,2.5193333333333308,93648.75,AUD
W2V,WAY 2 VAT LTD,0.054,AUD,1.8867924528301903,41947,0.18224823071886553,13834478,AUD,Technology services,No rating,Packaged software,-46,12.499999999999996,-6.896551724137937,-24.999999999999996,-48.57142857142857,4.365079365079402,0.053519979170372566,0.051281044315465145,0.05996197543686734,0.07688940968017505,0.05014285714285712,0.06218333333333326,2265.138,AUD
PRN,Perenti Limited,2.325,AUD,-1.898734177215187,264603,0.18131569150286597,2121996786.0000002,AUD,Non-energy minerals,Strong buy,Precious metals,-16.66666666666666,-3.124999999999989,10.189573459715653,13.970588235294125,-15.760869565217376,2.841781874039995,2.261605231248467,2.30247051529126,2.217131941519125,2.222763848840871,2.3235714285714275,2.20725,615201.9750000001,AUD
CMD,Cassius Mining Ltd,0.019,AUD,-9.52380952380953,73489,0.18109093185107317,15812701,AUD,Non-energy minerals,No rating,Precious metals,-36.666666666666664,-17.39130434782609,-32.142857142857146,-45.714285714285715,-17.39130434782609,9.39849624060138,0.025640474663207985,0.022937539498286322,0.029214505441288213,0.029182181728092414,0.022857142857142847,0.03204999999999999,1396.291,AUD
TLS,Telstra Group Limited,4.74,AUD,-1.455301455301443,5757300,0.17998636470344495,53149965351,AUD,Communications,Neutral,Wireless telecommunications,-2.6694045174537964,-5.01002004008016,-3.658536585365848,-14.594594594594588,-5.577689243027876,1.7103676913802393,4.93112730814163,4.8721351524863605,5.0103122745900786,5.025150145788572,4.878571428571429,5.032833333333335,27289602,AUD
CGR,CGN Resources Ltd.,0.077,AUD,-7.228915662650609,13280,0.17997213684387417,9559374,AUD,Non-energy minerals,No rating,Other metals/Minerals,-9.41176470588236,-3.750000000000003,-14.444444444444443,18.461538461538456,-3.750000000000003,3.153988868274714,0.07963387169802516,0.08108481247069592,0.07431691169660272,0.07419253617467335,0.08042857142857147,0.07033333333333334,1022.56,AUD
CQT,Conneqt Health Limited,0.018,AUD,0,100000,0.1798449880079362,17530439,AUD,Health technology,No rating,Medical specialties,-65.3846153846154,-10.000000000000009,-14.285714285714297,-51.351351351351354,-51.351351351351354,5.15873015873004,0.019598154084371686,0.01874295656983123,0.022664010883431035,0.03442552439514618,0.018714285714285708,0.02408333333333333,1799.9999999999998,AUD
WMX,WAM Income Maximiser Limited,1.69,AUD,0,77702,0.17946763002349186,456390524,AUD,Miscellaneous,No rating,Investment trusts,5.295950155763237,-0.29498525073746995,-1.7441860465116295,4.643962848297211,4.968944099378873,1.6060862214710072,1.6895976668052888,1.685807418017633,1.6809906736123466,1.625634988367823,1.6842857142857128,1.67875,131316.38,AUD
SOL,Washington H. Soul Pattinson and Company Limited,45.14,AUD,-1.0738549200087706,78726,0.1787084396074162,17664649418,AUD,Finance,Sell,Financial conglomerates,21.34408602150537,-3.423192126658112,-0.13274336283186344,6.587957497048404,17.859007832898182,1.758813848978039,45.981098278406684,46.07667272719331,45.16326290989333,41.952421407215894,46.27000000000002,44.87600000000002,3553691.64,AUD
CYL,Catalyst Metals Limited,6.49,AUD,-0.9160305343511391,308512,0.178024515994116,1629474603,AUD,Non-energy minerals,Strong buy,Precious metals,-12.059620596205958,-0.7645259938837893,18.86446886446887,20.18518518518518,-18.261964735516376,4.451904028175023,6.153423931065399,6.359438484612112,5.9317100249605055,6.195616208187918,6.46142857142857,5.701666666666671,2002242.8800000001,AUD
GES,Genesis Resources Limited,0.005,AUD,-16.666666666666664,42307,0.17788360264435096,3914206,AUD,Non-energy minerals,No rating,Other metals/Minerals,-28.571428571428573,-16.666666666666668,-16.666666666666668,-28.571428571428573,-16.666666666666668,5.714285714285803,0.005946326199490206,0.00558867443493005,0.006840699670347978,0.007611246357779335,0.0055714285714285675,0.00773333333333334,211.535,AUD
ARI,Arika Resources Limited,0.028,AUD,-3.4482758620689684,406956,0.17784107914971609,43163259,AUD,Non-energy minerals,No rating,Other metals/Minerals,-12.5,11.999999999999996,21.739130434782613,-3.4482758620689684,-17.647058823529417,5.8673469387757615,0.024898276158449032,0.02623114728340934,0.024191306964231666,0.02728865207601352,0.026285714285714263,0.023333333333333324,11394.768,AUD
WLE,WAM Leaders Limited,1.325,AUD,-0.3759398496240688,312861,0.17775519530026895,1842486900,AUD,Miscellaneous,No rating,Investment trusts,0.7604562737642593,-1.8518518518518616,-3.63636363636364,-0.3759398496240688,-5.01792114695341,1.385444743935569,1.3617774789674981,1.3495664986286446,1.3591165470151014,1.3444675965462296,1.3428571428571427,1.3495000000000041,414540.825,AUD
G88,Golden Mile Resources Ltd.,0.007,AUD,0,100000,0.17765046950354332,5222362,AUD,Non-energy minerals,No rating,Precious metals,0,0,0,40,-12.5,3.06122448979591,0.0070788510326016225,0.007010279279081248,0.007038522248113203,0.007589545081712751,0.007000000000000002,0.006900000000000002,700,AUD
AHL,Adrad Holdings Limited,1.18,AUD,13.461538461538453,5095,0.17703512210037667,91486527,AUD,Producer manufacturing,Neutral,Auto parts: OEM,15.686274509803914,-4.065040650406508,-15.107913669064747,-9.578544061302683,24.210526315789476,4.328087167070094,1.2105200774867613,1.1639940971155056,1.2651136273707462,1.1357593347125965,1.1657142857142861,1.3211999999999997,6012.099999999999,AUD
10X,Exultant Mining Ltd.,0.135,AUD,0,11429,0.17692443442696545,5797000,AUD,Non-energy minerals,No rating,Other metals/Minerals,-28.947368421052627,-18.18181818181818,-24.99999999999999,-30.769230769230766,-34.14634146341463,8.201058201057949,0.1619530860013266,0.15091977135536008,0.17349880745074533,,0.14714285714285716,0.18008333333333335,1542.9150000000002,AUD
CTS,CERETAS LTD,0.7,AUD,0,22218,0.17684872103463425,49962499,AUD,Technology services,No rating,Packaged software,62.790697674418595,17.64705882352941,62.790697674418595,62.790697674418595,62.790697674418595,3.979591836734686,,0.6511344250879999,,,0.655,,15552.599999999999,AUD
ACF,Acrow Limited,0.965,AUD,2.1164021164021185,259633,0.1766481624700711,388517392,AUD,Industrial services,Strong buy,Engineering & construction,-6.763285024154585,3.208556149732611,4.891304347826079,20.62499999999999,-10.232558139534882,3.3678756476683107,0.9289467379369002,0.9451076314147834,0.9126972152367857,0.9473673686204196,0.954285714285714,0.9032499999999998,250545.845,AUD
AZY,Antipa Minerals Limited,0.64,AUD,2.400000000000002,127763,0.17653806699224658,400562601,AUD,Non-energy minerals,Strong buy,Precious metals,7.56302521008404,-0.7751937984496131,9.401709401709411,-0.7751937984496131,-2.2900763358778646,4.084821428571566,0.6036308922782728,0.6174709199507955,0.6028077910891663,0.6082794903227636,0.6307142857142853,0.6029999999999992,81768.32,AUD
MEG,Megado Minerals Ltd.,0.018,AUD,0,110304,0.17645571082277373,12972298,AUD,Non-energy minerals,No rating,Precious metals,-37.931034482758626,-18.181818181818183,5.882352941176455,0,-37.931034482758626,5.9523809523810245,0.018369133510432147,0.01910627963312503,0.01863985001620328,0.022863003989430444,0.01985714285714285,0.01794999999999999,1985.4719999999998,AUD
MTS,Metcash Limited,3.05,AUD,-0.9740259740259821,526337,0.17641431060236812,3398153475,AUD,Distribution services,Buy,Food distributors,-7.854984894259825,-3.1746031746031775,3.7414965986394515,1.6666666666666607,-7.294832826747727,1.838407494145264,3.077523905637334,3.090770623432823,3.0518436668991225,3.1731319081693607,3.1057142857142885,3.0573333333333257,1605327.8499999999,AUD
RF1,Regal Investment Fund Units,3.71,AUD,1.0899182561307912,28967,0.17609182769055695,761294274,AUD,Miscellaneous,No rating,Investment trusts,8.163265306122442,4.802259887005648,2.770083102493077,6.609195402298851,4.507042253521131,1.8771659607241389,3.60220759847224,3.635485928647052,3.578313515554172,3.466799653447726,3.6285714285714343,3.586666666666664,107467.56999999999,AUD
MAF,MA Financial Group Limited,6.135,AUD,1.0708401976935666,36701,0.17585411501791556,1160295357,AUD,Finance,Strong buy,Investment managers,-43.29944547134936,1.2376237623762407,-4.7360248447205056,-1.8400000000000034,-46.65217391304348,3.388054488298739,6.050236317235594,6.077218824061802,6.193953562086072,7.308442468165261,6.120714285714278,6.160583333333345,225160.63499999998,AUD
DN1,Dominion Income Trust 1,99.99,AUD,0,422,0.17546047981372917,343447515,AUD,Miscellaneous,No rating,Investment trusts,-1.4876847290640445,0,0,0.1402103154732104,-0.10989010989010933,0.4329004329004209,99.72235073653636,99.8081112779215,99.60177659850895,99.97040756483963,99.85714285714282,99.4905833333334,42195.78,AUD
FME,Future Metals NL,0.017,AUD,0,335010,0.17543249627125404,16292815.000000002,AUD,Non-energy minerals,No rating,Precious metals,-50,6.250000000000005,21.428571428571434,-14.999999999999996,-34.615384615384606,8.823529411764714,0.014910283572627383,0.015741049721509512,0.015469274365837506,0.019723843692613527,0.01614285714285715,0.015550000000000012,5695.17,AUD
ANZ,ANZ Group Holdings Limited,37.485,AUD,-1.0427666314678012,829371,0.17521496960260444,117165902629,AUD,Finance,Neutral,Major banks,2.8395061728394966,1.0377358490565984,3.17919075144509,5.206286836935158,-5.934755332496868,2.0208083233293324,37.27583380199556,37.63536878703354,36.60339087796444,35.797527799793,37.48357142857134,35.897583333333316,31088971.935,AUD
MOH,Moho Resources Ltd.,0.006,AUD,0,152166,0.174898925027801,6318552,AUD,Non-energy minerals,No rating,Precious metals,-25,0,-25,-33.33333333333333,-14.285714285714286,7.142857142857053,0.006336828468554618,0.005914531187923896,0.007350881102873747,0.007877690631174087,0.005857142857142857,0.008216666666666662,912.996,AUD
QBE,QBE Insurance Group Limited,22.655,AUD,-0.06616674018526937,635842,0.17471347495144382,34497026767,AUD,Finance,Neutral,Property/Casualty insurance,15.000000000000009,-4.449599325179248,-9.92047713717693,-4.207188160676522,14.130982367758186,2.0257275278241047,24.041203159010966,23.453619794761803,24.16047069723105,22.59232200351325,23.30214285714288,24.24441666666661,14405000.510000002,AUD
DTR,Dateline Resources Limited,0.11,AUD,0,4271770,0.174226989555537,481720243,AUD,Non-energy minerals,No rating,Precious metals,-48.83720930232558,-15.384615384615387,-24.137931034482754,-43.58974358974359,-63.333333333333336,17.142857142857174,0.12702865345920844,0.11635950888814879,0.15707846958501773,0.22663622728634514,0.11157142857142859,0.1563500000000002,469894.7,AUD
SRZ,Stellar Resources Limited,0.43,AUD,0,98854,0.17349281038731468,141109787,AUD,Non-energy minerals,Strong buy,Other metals/Minerals,43.333333333333336,7.499999999999993,30.303030303030297,16.216216216216218,34.37499999999999,4.4850498338869675,0.3804195867130765,0.4064869712959975,0.356086764086859,0.31812294908925803,0.4135714285714283,0.3466666666666663,42507.22,AUD
NUF,Nufarm Limited,2.985,AUD,1.1864406779660914,183539,0.17329686091524546,1114346985,AUD,Process industries,Buy,Chemicals: agricultural,24.895397489539736,2.226027397260272,5.477031802120134,24.895397489539736,40.140845070422536,2.6681024168461276,2.936401453001541,2.9580067829792487,2.8359879859050903,2.6060622256850956,2.9464285714285716,2.8439166666666664,547863.9149999999,AUD
EMP,Emperor Energy Ltd,0.079,AUD,-3.658536585365857,58670,0.17306172052906682,82924024,AUD,Energy minerals,Strong buy,Oil & gas production,-31.30434782608696,5.333333333333338,-1.250000000000001,-28.181818181818183,-36.8,5.153707052441354,0.08076704774434351,0.0804816992908697,0.08651910670029714,0.09030412507803875,0.08099999999999996,0.08831666666666663,4634.93,AUD
MDX,Mindax Limited,0.046,AUD,2.2222222222222245,123433,0.17295044066751672,85075863,AUD,Non-energy minerals,No rating,Precious metals,12.195121951219507,58.6206896551724,119.04761904761904,155.55555555555557,21.05263157894737,6.366459627329331,0.029609130012346975,0.03538295552448286,0.028129099272704607,0.03978028555954273,0.03528571428571429,0.026783333333333336,5677.918,AUD
MPW,Metal Powder Works Limited,1.87,AUD,2.1857923497267775,20364,0.17281660342900593,288264035,AUD,Producer manufacturing,Strong buy,Industrial machinery,-6.499999999999995,-9.223300970873783,-16.143497757847527,-23.360655737704914,-26.37795275590551,6.695951107715802,1.931482111926589,1.9148009833708042,1.994363927338752,2.130909228727486,1.9307142857142858,1.9702499999999994,38080.68,AUD
ATC,Altech Batteries Limited,0.002,AUD,100,1239690,0.17271727693837238,4003584,AUD,Process industries,No rating,Chemicals: specialty,-92.3076923076923,100,-77.77777777777779,-83.33333333333333,-92.3076923076923,42.857142857139145,0.003496503059787676,0.0019402875134383712,0.0066161490188711165,0.017554345576458564,0.0015714285714286942,0.007566666666666677,2479.38,AUD
ORG,Origin Energy Limited,12.04,AUD,0.4170141784820595,703905,0.1726218069453507,20720585567,AUD,Energy minerals,Buy,Oil & gas production,4.695652173913036,11.999999999999993,15.547024952015347,5.614035087719287,0.5008347245408908,2.2395586141437165,11.190101130964145,11.555256693593186,11.009245220419457,11.330680627664584,11.565714285714282,10.811833333333299,8475016.2,AUD
KCN,Kingsgate Consolidated Limited,4.875,AUD,-2.5,260303,0.17260382501051658,1271710118,AUD,Non-energy minerals,Strong buy,Precious metals,-12.946428571428568,4.838709677419347,22.18045112781954,-15.657439446366785,-18.067226890756306,4.373626373626321,4.554989094761712,4.705360357362589,4.751703358128342,4.902489933213466,4.7992857142857135,4.906583333333336,1268977.125,AUD
RDN,Raiden Resources Limited,0.004,AUD,33.33333333333333,248375,0.17222756269239872,10352675,AUD,Non-energy minerals,No rating,Other metals/Minerals,-20,33.333333333333336,33.333333333333336,33.333333333333336,0,1.7857142857143244,0.003099047453775547,0.0032000107948058363,0.003139239159535669,0.004252036916061672,0.003142857142857151,0.003083333333333336,993.5,AUD
ELD,Elders Limited,5.66,AUD,-0.8756567425569146,102869,0.17198322984201359,1219157283,AUD,Process industries,Buy,Agricultural commodities/Milling,-17.37226277372262,0.3546099290780224,0.3546099290780224,-0.7017543859649129,-20.949720670391063,2.0759717314487425,5.6142325773430155,5.653174929129761,5.6538971336939285,6.3684417716408905,5.662857142857135,5.444333333333318,582238.54,AUD
MEM,Memphasys Ltd,0.006,AUD,-14.285714285714285,402625,0.171557696158143,21610636,AUD,Health technology,No rating,Biotechnology,-25,0,-14.285714285714286,50,0,5.95238095238098,0.0068134349790160455,0.0065054285622412715,0.006644232402131611,0.005881254176012512,0.006285714285714285,0.006350000000000006,2415.75,AUD
VCX,Vicinity Centres,2.625,AUD,-0.5681818181818229,1225319,0.17058728017215558,12389698611,AUD,Finance,Neutral,Real estate investment trusts,2.539062499999998,-2.4163568773234183,0.19083969465648448,2.9411764705882426,0.19083969465648448,1.8231292517006874,2.6637263769380626,2.664328716924859,2.6281726804017422,2.537021746279573,2.6692857142857127,2.606250000000002,3216462.375,AUD
SEA,Sea Forest Limited,2.05,AUD,0,1539,0.170292340717463,114361926,AUD,Process industries,Strong buy,Agricultural commodities/Milling,-19.291338582677174,-4.205607476635528,-4.651162790697679,-9.292035398230087,-31.66666666666667,1.4982578397213617,2.1217653295545813,2.089519443577172,2.168602442264098,,2.0757142857142865,2.1899999999999977,3154.95,AUD
BBN,Baby Bunting Group Ltd.,1.32,AUD,1.5384615384615397,162701,0.1701086179193638,174475973,AUD,Retail trade,Strong buy,Apparel/Footwear retail,-47.61904761904762,11.864406779661028,1.5384615384615399,-6.0498220640569365,-40.54054054054054,5.909090909090796,1.2134361082334866,1.2295913970729206,1.2937405709321501,1.6915053078780753,1.2264285714285694,1.363500000000002,214765.32,AUD
IFN,Infragreen Group Limited,0.44,AUD,3.529411764705886,33663,0.16962561229338483,87956502,AUD,Industrial services,Strong buy,Environmental services,-42.857142857142854,6.024096385542174,4.761904761904766,17.333333333333332,-20.000000000000004,3.230519480519397,0.4202608125490166,0.42002004231539725,0.4196021774177736,0.5409182119124566,0.41428571428571415,0.4240166666666663,14811.72,AUD
IPD,Impedimed Limited,0.005,AUD,0,300000,0.16814107708932102,21974962,AUD,Health technology,Strong buy,Medical specialties,-85.29411764705883,-16.666666666666668,-16.666666666666668,-16.666666666666668,-72.22222222222221,14.285714285714612,0.005202678615778648,0.005255185797329837,0.005965915125658582,0.01669608830803713,0.005428571428571428,0.005616666666666683,1500,AUD
NST,Northern Star Resources Ltd,22.985,AUD,-0.8840017248814223,957834,0.16794919339721667,32072222073,AUD,Non-energy minerals,Buy,Precious metals,-6.473941368078176,0.7456140350877112,18.097686375321334,16.010101010101,-19.685314685314694,3.00547297717493,21.810071716328522,22.564403843675827,21.169259273241934,21.968626545114933,22.928571428571413,20.548333333333336,21893258.279999997,AUD
WGX,Westgold Resources Ltd,5.835,AUD,0.08576329331046129,546721,0.16793796897840715,5360824166,AUD,Non-energy minerals,Strong buy,Precious metals,-7.380952380952379,-0.25641025641025095,27.680525164113778,16.235059760956187,-18.391608391608393,2.7175908923982695,5.367023742868075,5.653590841660532,5.183634573426648,5.307448984378609,5.805000000000001,4.993416666666661,3190117.035,AUD
TER,TerraCom Limited,0.064,AUD,1.5873015873015885,276483,0.16787319154088165,114818955,AUD,Energy minerals,No rating,Coal,-1.5384615384615399,0,-5.8823529411764754,-8.571428571428578,-7.246376811594208,3.236607142857121,0.06469161927934021,0.06395650179642155,0.06722430219054834,0.07543278190435719,0.06399999999999997,0.06868333333333328,17694.912,AUD
SUN,Suncorp Group Limited,18.36,AUD,-1.8181818181818175,516613,0.16686515993522982,20883013223,AUD,Finance,Neutral,Multi-line insurance,3.9049235993208695,-1.6077170418006468,-3.7735849056603716,3.728813559322035,18.375241779497095,2.2564581388110625,19.10805339862633,19.04261022278594,18.799900795398496,18.169906476740724,19.012857142857147,18.735166666666643,9485014.68,AUD
CQR,Charter Hall Retail REIT,4.105,AUD,-0.12165450121654241,243508,0.16683661517922152,2417915107,AUD,Finance,Buy,Real estate investment trusts,0.8599508599508634,-2.261904761904756,5.7989690721649625,7.1801566579634555,1.6089108910891186,2.157647468244419,4.080324101822794,4.130668015316701,3.990577298246005,3.9264482690231617,4.167857142857143,3.9312500000000012,999600.3400000001,AUD
REH,Reece Limited,16.94,AUD,-1.5116279069767327,82148,0.1667298219022357,10604184542,AUD,Distribution services,Neutral,Wholesale distributors,26.986506746626695,0.4149377593361012,2.6666666666666745,23.20000000000001,23.20000000000001,2.529937594872609,16.791394682945693,17.068370452351417,16.152797280879057,14.957305506988957,17.21428571428572,15.899,1391587.12,AUD
QRI,Qualitas Real Estate Income Fund Units,1.55,AUD,0.6493506493506499,133638,0.16662653887784237,978243058,AUD,Finance,Strong buy,Real estate investment trusts,-2.5157232704402537,-0.6410256410256415,-0.9584664536741152,-2.2082018927444746,-2.2082018927444746,0.7695852534558253,1.5528609865128313,1.550949925325791,1.5528014018233807,1.56651285321217,1.5514285714285667,1.5484999999999973,207138.9,AUD
APX,Appen Ltd.,1.48,AUD,0,633867,0.16606452153440016,389359307,AUD,Technology services,Buy,Information technology services,82.71604938271605,8.029197080291961,65.36312849162012,24.36974789915967,-12.941176470588234,6.163127413127486,1.2790222286663142,1.4021673705396736,1.171425488059651,1.1831200620453464,1.4249999999999983,1.087666666666667,938123.16,AUD
PYC,PYC Therapeutics Limited,2.14,AUD,0.4694835680751282,346586,0.1659790740110281,2104712438,AUD,Health technology,Strong buy,Pharmaceuticals: major,29.42795408660662,2.8846153846153872,27.76119402985075,67.18750000000001,42.66666666666668,5.423898531375085,1.9605513392015046,2.0932509205479097,1.7411664626066934,1.482623829706367,2.14,1.6103333333333327,741694.04,AUD
MTL,Mantle Minerals Ltd,0.001,AUD,0,702944,0.16550439422096433,7233116,AUD,Non-energy minerals,No rating,Other metals/Minerals,0,0,0,0,0,1.1275702593849246e-12,0.0010004048378119972,0.0010000004413587159,0.0010074355208794213,0.001089245153103947,0.0009999999999999998,0.001000000000000002,702.944,AUD
SNX,"Sierra Nevada Gold, Inc.. Shs Chess Depository Interests Repr 1 Sh",0.105,AUD,7.142857142857134,329766,0.16542539679099832,47237061.455000006,AUD,Non-energy minerals,No rating,Precious metals,218.18181818181816,16.666666666666668,56.716417910447745,52.173913043478244,94.44444444444444,6.054421768707466,0.08578370058951136,0.09338709501224306,0.0768361171063981,0.05940789840464863,0.09485714285714283,0.07304999999999999,34625.43,AUD
VEA,Viva Energy Group Ltd.,2.77,AUD,0.7272727272727278,772393,0.16480922103572754,4523555756,AUD,Energy minerals,Buy,Oil refining/Marketing,33.816425120772955,2.973977695167289,19.39655172413794,18.884120171673818,55.61797752808989,2.7978339350180708,2.642616188362193,2.7197653020033488,2.481537876953517,2.256042971377393,2.719999999999999,2.3550000000000013,2139528.61,AUD
GDG,Generation Development Group Limited,3.84,AUD,1.0526315789473695,253631,0.16451584383880122,1515687351,AUD,Finance,Strong buy,Investment managers,-34.80475382003395,-5.185185185185184,10.344827586206893,-1.5384615384615399,-15.789473684210522,3.7667410714284713,3.946054922472595,3.9177441886215614,3.9259959052746316,4.4401232310445335,3.904285714285714,3.879333333333332,973943.0399999999,AUD
SGC,Sinclair Gold Ltd,1.35,AUD,1.123595505617987,35638,0.16450780371141893,219092051,AUD,Non-energy minerals,Strong buy,Other metals/Minerals,-24.999999999999996,4.651162790697678,3.053435114503819,-14.826498422712925,-26.630434782608695,5.211640211640091,1.2661461250398174,1.2769705820938322,1.329337798365048,1.2968164780836964,1.2857142857142851,1.3707499999999997,48111.3,AUD
APA,APA Group,9.88,AUD,-1.0020040080160284,309259,0.16430380672208011,13316939064,AUD,Utilities,Neutral,Gas distributors,9.777777777777787,-0.10111223458038207,-1.984126984126977,-4.448742746615078,6.580366774541545,1.7531810294969092,10.073556350880564,10.012973913308347,10.127815564577752,9.701245628542077,9.987142857142862,10.205000000000009,3055478.9200000004,AUD
WC8,Wildcat Resources Ltd.,0.415,AUD,-2.35294117647059,1088322,0.1641776769939272,627531146,AUD,Non-energy minerals,Strong buy,Precious metals,12.162162162162158,5.063291139240497,3.7499999999999893,-25.892857142857153,-4.5977011494252915,6.712564543889846,0.3990649231428235,0.40682228519649516,0.42740435461082693,0.40826956413321164,0.4149999999999999,0.455166666666667,451653.63,AUD
PTX,Prescient Therapeutics Limited,0.085,AUD,0,97030,0.1637955322628919,90430252,AUD,Health technology,No rating,Biotechnology,1.1904761904761914,0,14.86486486486488,21.428571428571427,32.81250000000001,3.8655462184873564,0.08398904972167269,0.08531246706718908,0.07832365414390809,0.06720882752613556,0.08485714285714285,0.07580000000000005,8247.550000000001,AUD
CQE,Charter Hall Social Infrastructure REIT,2.47,AUD,0,228714,0.1637251278491851,909216491,AUD,Finance,Buy,Real estate investment trusts,-20.06472491909384,-6.439393939393937,-7.14285714285714,-3.13725490196077,-15.699658703071671,3.3545401966455084,2.5747470457912605,2.5311763823063935,2.601259856592758,2.7380903926778553,2.5114285714285876,2.6031666666666684,564923.5800000001,AUD
SFR,Sandfire Resources Ltd,21.15,AUD,-0.6109022556391097,276780,0.16299755315220182,9731515616,AUD,Non-energy minerals,Buy,Other metals/Minerals,17.761692650334062,-0.2828854314002936,16.528925619834713,19.289340101522832,9.076843733883434,2.678149273893933,20.309499396108542,20.918603334061103,19.60809995785071,17.80585241911125,21.204285714285707,19.547666666666675,5853897,AUD
CUP,Count Limited,1.325,AUD,-1.8518518518518614,41704,0.16262159867825107,278918393,AUD,Commercial services,Strong buy,Miscellaneous commercial services,18.303571428571413,15.21739130434783,25.592417061611375,27.403846153846146,33.16582914572864,3.396226415094435,1.1845391754723533,1.2587105147525661,1.1191648204713809,1.0672963255907424,1.2742857142857142,1.0781166666666666,55257.799999999996,AUD
ANN,Ansell Limited,35.025,AUD,0.07142857142856737,54487,0.16173768496668003,4928892743,AUD,Producer manufacturing,Buy,Miscellaneous manufacturing,-0.4688832054560931,1.7872711421098577,10.072281583909485,36.816406249999986,6.136363636363632,1.8823289487101496,33.945530354544715,34.72726280188436,32.286231263879074,31.228132679009335,34.91499999999998,31.33391666666666,1908407.1749999998,AUD
TR2,Tali Resources Ltd.,0.305,AUD,0,6000,0.1614409139708276,41222646,AUD,Non-energy minerals,No rating,Other metals/Minerals,-4.687500000000004,-1.612903225806453,5.172413793103453,-7.575757575757582,-7.575757575757582,3.70023419203769,0.305905082594001,0.3094045691089013,0.30698576686876317,0.40954982139202534,0.31214285714285683,0.3042500000000003,1830,AUD
PIQ,Proteomics International Laboratories Ltd.,0.16,AUD,-1.234567901234569,24561,0.1610237441347719,26873129,AUD,Health services,No rating,Medical/Nursing services,-76.11940298507463,3.225806451612906,-13.51351351351351,6.666666666666673,-59.49367088607595,4.910714285714293,0.1568064447006299,0.15746359853116546,0.16190404128546576,0.2708594304774503,0.15671428571428445,0.14756666666666682,3929.76,AUD
ODE,Odessa Minerals Limited,0.02,AUD,-9.090909090909085,170000,0.16095101219251257,41219602,AUD,Non-energy minerals,No rating,Other metals/Minerals,42.857142857142854,-9.090909090909085,-9.090909090909085,-16.666666666666668,-23.076923076923073,5.357142857142991,0.021316079162278918,0.021329831584389523,0.021581607302579124,0.019372361283553505,0.021714285714285738,0.021750000000000012,3400,AUD
LIC,Lifestyle Communities Ltd,5.48,AUD,-0.90415913200723,11346,0.16040467330943103,677101021,AUD,Consumer durables,Neutral,Homebuilding,8.514851485148526,0.7352941176470594,4.780114722753345,14.644351464435148,8.514851485148526,2.7632950990616485,5.343576628723693,5.42075928766514,5.242740397430946,5.361306939621065,5.432857142857143,5.225,62176.08,AUD
MDI,Middle Island Resources Limited,0.017,AUD,6.250000000000005,83333,0.16022705161305703,15893149,AUD,Non-energy minerals,No rating,Precious metals,-59.52380952380952,21.428571428571434,0,-22.72727272727272,-68.51851851851852,5.042016806722614,0.015360659629524204,0.01538159022827197,0.017200174470099753,0.02527413692232764,0.014999999999999977,0.017016666666666642,1416.661,AUD
SHV,Select Harvests Limited,4.4,AUD,2.0881670533642867,92028,0.16013399833685318,603957451,AUD,Process industries,Buy,Agricultural commodities/Milling,-11.999999999999993,7.055961070559611,12.531969309462921,21.212121212121225,18.598382749326156,2.9301948051947817,4.2087923905689015,4.270331878315419,4.079405594034946,4.045894956768716,4.265714285714286,3.9915000000000007,404923.2,AUD
TMB,Tambourah Metals Ltd,0.039,AUD,0,105860,0.15951585296152349,9818329,AUD,Non-energy minerals,No rating,Other metals/Minerals,-23.529411764705877,21.874999999999996,30.000000000000007,14.705882352941169,-33.89830508474576,4.0293040293040105,0.03449364998691714,0.03664605546733845,0.034334647493752445,0.04483181513089425,0.037285714285714325,0.03333333333333323,4128.54,AUD
MTC,MetalsTech Ltd,0.18,AUD,0,5000,0.15947945904567493,49960994,AUD,Non-energy minerals,No rating,Precious metals,-30.769230769230774,-5.263157894736847,0,-26.53061224489796,-21.739130434782616,1.1904761904760661,0.18061613652471872,0.18221058616365046,0.19082623527619208,0.22040120013875736,0.18428571428571436,0.19361666666666652,900,AUD
WJL,Webjet Group Limited,0.402,AUD,-0.7407407407407414,94438,0.15945089917589966,157012136,AUD,Consumer services,Neutral,Other consumer services,-54.05714285714286,1.7721518987341787,-6.511627906976738,-6.511627906976738,-26.90909090909091,3.020611229566614,0.40213256743207504,0.4003894174868276,0.4177942602455913,0.5629681617692631,0.3988571428571435,0.40861666666666635,37964.076,AUD
EGR,EcoGraf Ltd.,0.26,AUD,-3.703703703703707,38407,0.1589777277199588,138465368,AUD,Non-energy minerals,No rating,Other metals/Minerals,-31.57894736842105,23.809523809523817,0,-10.344827586206888,-31.57894736842105,8.516483516483566,0.25207747032464745,0.2557323519921645,0.2705695655687632,0.32359367958794183,0.2514285714285714,0.2822833333333334,9985.82,AUD
PPT,Perpetual Limited,19.43,AUD,-0.05144032921811503,33521,0.15889373066325252,2222120228,AUD,Finance,Neutral,Investment managers,3.9037433155080237,3.241232731137085,0.7257646448937303,19.275629220380605,10.397727272727263,2.102786559811773,19.020386810148725,19.190253361333927,18.345221249382977,17.909044893876086,19.19714285714286,17.720999999999997,651313.03,AUD
NUZ,Neurizon Therapeutics Limited,0.06,AUD,0,76369,0.15861381713292583,48056167,AUD,Health technology,Strong buy,Pharmaceuticals: major,-25.000000000000004,-11.764705882352951,-7.692307692307699,-11.764705882352951,-40.00000000000001,4.285714285714183,0.06287168436936626,0.062363508386524505,0.06457581260265297,0.08413350971394584,0.06371428571428571,0.06325000000000004,4582.139999999999,AUD
IDX,Integral Diagnostics Ltd,2.265,AUD,1.5695067264574054,214374,0.15855258253130305,835189691,AUD,Health services,Strong buy,Medical/Nursing services,-10.119047619047615,7.8571428571428585,4.377880184331806,8.373205741626808,-7.172131147540976,3.484705140334457,2.174315712310858,2.217216679863016,2.1355596638533036,2.2804784396390065,2.219285714285711,2.0874999999999946,485557.11000000004,AUD
PNN,Power Minerals Limited,0.165,AUD,0,725974,0.15798760283897786,70034242,AUD,Process industries,No rating,Chemicals: agricultural,96.42857142857142,3.1250000000000027,37.50000000000001,37.50000000000001,57.14285714285715,8.268398268398222,0.14839461873884854,0.16038705449113227,0.136496410779808,0.11936149911331546,0.16642857142857145,0.13358333333333328,119785.71,AUD
GRS,Gwardar Resources Limited,0.53,AUD,1.9230769230769247,9485,0.15795407424923938,17490054,AUD,Non-energy minerals,No rating,Precious metals,165,0,165,165,165,9.23180592991915,,0.5160209777777778,,,0.5214285714285715,,5027.05,AUD
MQG,"Macquarie Group, Ltd.",256.69,AUD,-1.5003837298541922,83705,0.15773254078565332,96383465777,AUD,Finance,Buy,Investment banks/Brokers,26.448275862068964,-2.3992395437262366,-0.4228411824035903,6.457365627073654,16.889799635701277,1.4814979714274776,259.2288293930338,260.4668334125009,253.39858863828428,232.92136874564918,261.2085714285715,251.16183333333328,21486236.45,AUD
WDS,Woodside Energy Group Ltd,32.975,AUD,0.380517503805175,599493,0.1577145285294706,61908996858,AUD,Energy minerals,Buy,Oil & gas production,38.95912347239781,1.305683563748093,9.989993328885928,0.8409785932721668,24.669187145557665,1.7621574786093095,32.10900418129417,32.59791281682016,31.283552104902423,29.28053585243849,32.65071428571429,30.544416666666667,19768281.675,AUD
SHA,Shape Australia Corporation Limited,6.74,AUD,1.8126888217522674,11869,0.15729071416265786,552805344,AUD,Industrial services,Strong buy,Engineering & construction,10.130718954248367,0.2976190476190545,5.148205928237131,-10.13333333333333,-9.53020134228188,3.0362441712590043,6.621605631353853,6.647012299885411,6.645784489920499,6.28908490456635,6.642857142857148,6.681833333333331,79997.06,AUD
EXT,Excite Technology Services Limited,0.005,AUD,0,600000,0.1572080561897229,13509597,AUD,Technology services,No rating,Information technology services,-37.5,0,-16.666666666666668,-16.666666666666668,-37.5,8.571428571428514,0.0054911037848880875,0.005102358545954747,0.00615008701889337,0.007562379814140409,0.004999999999999997,0.006383333333333339,3000,AUD
FMG,Fortescue Ltd,17.86,AUD,0.6197183098591517,1001953,0.15702003368723527,54283648503,AUD,Non-energy minerals,Sell,Steel,-18.81818181818182,-0.887902330743619,-5.302226935312832,-17.695852534562214,-12.235872235872245,2.0956646936489634,18.206707108871388,17.941477503416905,18.86314895808727,19.79214854557034,17.871428571428574,19.293999999999986,17894880.58,AUD
XEN,Xenitra Limited,0.003,AUD,0,1314861,0.15639347682003057,14978339,AUD,Retail trade,No rating,Internet retail,50,0,50,0,50,7.142857142856849,0.002969829709328156,0.0030467228271656814,0.0028320255149533115,0.002997578256769505,0.0031428571428571465,0.002700000000000001,3944.583,AUD
AUE,Aurum Resources Limited,0.522,AUD,2.35294117647059,150077,0.15638127659397105,205888885,AUD,Non-energy minerals,Strong buy,Precious metals,-26.478873239436613,-3.333333333333336,2.35294117647059,-7.6106194690265365,-28.493150684931503,4.310344827586104,0.5041115787766565,0.5085936073160854,0.5220291615992869,0.5695050361884199,0.5152857142857143,0.5295333333333333,78340.194,AUD
HDN,HomeCo Daily Needs REIT,1.16,AUD,0.8695652173913052,761551,0.15607160048608276,2414764305,AUD,Finance,Buy,Real estate investment trusts,-15.018315018315024,-8.661417322834653,-8.300395256916996,-7.2000000000000055,-13.10861423220974,2.4322660098525644,1.240917121703517,1.2124989943096416,1.2557185143403944,1.2717865025993125,1.217857142857141,1.2635000000000027,883399.1599999999,AUD
FLT,Flight Centre Travel Group Limited,12.815,AUD,-0.5818463925523744,162207,0.15603533441777379,2677914572,AUD,Consumer services,Buy,Other consumer services,-14.509673115410276,-5.424354243542443,4.102355808285938,28.92354124748491,-8.464285714285719,2.3187113315866466,12.970391151012683,13.113005818859046,12.451576536847737,12.46472379114314,13.204999999999997,12.104749999999985,2078682.7049999998,AUD
MOT,Metrics Income Opportunities Trust Units,1.612,AUD,0.4361370716510976,93007,0.15590947135747849,541000620,AUD,Miscellaneous,No rating,Investment trusts,-14.026666666666662,-0.7999999999999938,-2.3030303030302917,-6.820809248554907,-14.708994708994698,1.2894363700816214,1.6184177123834436,1.6140504879635404,1.6413444597379936,1.7556191678187836,1.6159999999999999,1.6532000000000016,149927.284,AUD
TAT,Tartana Minerals Limited,0.02,AUD,-4.761904761904765,616000,0.15572261131246912,9561349,AUD,Non-energy minerals,No rating,Other metals/Minerals,-56.52173913043479,0,-33.33333333333333,0,-47.368421052631575,8.21428571428565,0.020774896468510877,0.021198774066874402,0.021150847441572248,0.029382277641299793,0.021857142857142877,0.020466666666666734,12320,AUD
GQG,"GQG Partners, Inc. Shs Chess Depository Interests Repr 1 Sh",1.442,AUD,-0.5517241379310349,305741,0.15490048636384685,4274311375,AUD,Finance,Neutral,Investment managers,-17.6,-0.551724137931035,4.49275362318841,-8.152866242038224,-14.674556213017752,2.4123241529622574,1.4227370735945157,1.4364915916564354,1.4411441008710224,1.6053947884710535,1.4459999999999993,1.4275333333333364,440878.522,AUD
NAG,Nagambie Resources Limited,0.008,AUD,0,92412,0.15471552363650792,10114357,AUD,Non-energy minerals,No rating,Precious metals,-27.27272727272727,0,-20,-20,-46.666666666666664,5.357142857142833,0.00790058423124348,0.007802010355142425,0.008713325641275652,0.011392380367262325,0.007999999999999998,0.008966666666666673,739.296,AUD
SOC,Soco Corporation Ltd,0.041,AUD,0,20000,0.15468083543119215,5713559,AUD,Commercial services,No rating,Miscellaneous commercial services,-24.074074074074073,0,2.500000000000002,-18,-33.87096774193548,0.34843205574905184,0.047146140328310854,0.04310874811967116,0.05349510790822621,0.09326921641320769,0.040999999999999974,0.054766666666666616,820,AUD
AL3,AML3D Ltd,0.098,AUD,-1.0101010101010108,297733,0.15456789926051845,56744581,AUD,Producer manufacturing,Strong buy,Industrial machinery,-43.99999999999999,-6.66666666666666,-24.615384615384617,-40.6060606060606,-36.77419354838709,6.924198250729045,0.10650462154763042,0.1016651136025695,0.12132969233388405,0.15726205037655194,0.1010000000000002,0.12706666666666674,29177.834000000003,AUD
IBR,Iron Bear Resources Ltd,0.053,AUD,-1.8518518518518534,210913,0.15451046789684314,58631424,AUD,Non-energy minerals,No rating,Precious metals,-3.63636363636364,-8.620689655172422,-27.397260273972602,-26.388888888888886,12.765957446808509,6.469002695417812,0.060202316078927134,0.056146163819857375,0.06317278616350037,0.05822474929144394,0.05528571428571432,0.06585,11178.389,AUD
AN1,Anagenics Limited,0.006,AUD,0,150270,0.15367701952282095,5912705,AUD,Consumer non-durables,No rating,Household/Personal care,0,-14.285714285714286,0,-25,0,1.1904761904760717,0.006451375174622669,0.006282891490803641,0.006473834918384253,0.007655484442143607,0.00614285714285714,0.006566666666666665,901.62,AUD
NEC,Nine Entertainment Co. Holdings Limited,0.97,AUD,0.5181347150259072,523080,0.15356136693337147,1536631608,AUD,Consumer services,Buy,Broadcasting,-12.612612612612622,-4.433497536945806,-2.020202020202022,3.1914893617021307,-12.612612612612622,2.1281296023566396,0.976641123416359,0.9797361551547753,0.9623486786164918,1.0449914978681007,0.9842857142857148,0.9456666666666657,507387.6,AUD
BC8,Black Cat Syndicate Ltd.,1.105,AUD,0,454019,0.15287975695425626,776308339,AUD,Non-energy minerals,Strong buy,Precious metals,-9.053497942386839,-0.896860986547086,23.463687150837984,5.238095238095232,-19.927536231884055,3.9625080801551618,1.023405284775703,1.072825944216623,1.007116918925749,1.0743818500834135,1.0985714285714285,0.9957499999999999,501690.995,AUD
A1M,AIC Mines Limited,0.76,AUD,1.3333333333333344,335367,0.15282240726357907,598214859,AUD,Non-energy minerals,Strong buy,Other metals/Minerals,29.914529914529922,-3.797468354430383,16.030534351145036,24.590163934426233,27.731092436974798,4.558270676691649,0.738497145153956,0.7520567002751591,0.7123444823307536,0.6104471969073182,0.7585714285714287,0.7064166666666679,254878.92,AUD
M7T,Mach7 Technologies Ltd.,0.28,AUD,0,17074,0.15265987979621506,65802722,AUD,Technology services,Buy,Packaged software,-54.83870967741935,-1.7543859649122628,-6.6666666666666545,-12.499999999999995,-21.12676056338027,2.933673469387939,0.2879759806050737,0.28254607017700467,0.29537713079986155,0.3309102329563185,0.2807142857142869,0.30158333333333176,4780.72,AUD
ION,Iondrive Limited,0.057,AUD,3.63636363636364,636849,0.15265775934349174,70003856,AUD,Non-energy minerals,No rating,Precious metals,32.558139534883736,-6.557377049180323,96.55172413793103,159.09090909090912,72.72727272727272,9.273182957393404,0.05001521668062722,0.054989055746180585,0.040248395434082304,0.03328744968128105,0.05628571428571427,0.03343333333333333,36300.393000000004,AUD
FCL,FINEOS Corporation Holdings Plc Shs Chess Depositary Interests Repr 1 Sh,2.52,AUD,5.43933054393305,94063,0.1523775797943989,776343521,AUD,Technology services,Strong buy,Packaged software,-16,23.52941176470588,29.562982005141382,-4.182509505703417,2.8571428571428505,4.4075963718820566,2.0954986343024316,2.2089318438357632,2.1117555893002544,2.3566564678729414,2.2014285714285715,2.1049166666666683,237038.76,AUD
ZIM,Zimplats Holdings Limited,15.48,AUD,-0.45016077170418184,2230,0.15228703716350028,1602724639,AUD,Non-energy minerals,No rating,Other metals/Minerals,-32.69565217391305,-5.609756097560965,17.272727272727284,-3.2499999999999973,-21.42131979695431,4.971853082318303,14.890526106319111,15.346817907073394,14.69848694645823,16.399168618015846,15.577142857142858,14.378333333333343,34520.4,AUD
CWP,Cedar Woods Properties Limited,7.06,AUD,0.8571428571428517,19927,0.150008092472495,608291637,AUD,Finance,Strong buy,Real estate development,-18.287037037037045,-0.2824858757062212,0.284090909090903,0.8571428571428515,-11.639549436796003,2.504046944556791,7.0222622499797245,7.055621415808871,7.004535747238468,7.264550551960154,7.079999999999998,6.916333333333343,140684.62,AUD
S32,South32 Ltd.,4.835,AUD,-1.7276422764227635,2723980,0.1499049579629347,21300094579,AUD,Non-energy minerals,Buy,Other metals/Minerals,36.19718309859155,-5.009823182711196,22.095959595959595,20.875,7.924107142857133,2.769980794799744,4.7293663351988435,4.866162654623244,4.519466250492775,4.139155617589627,4.947857142857143,4.435249999999998,13170443.3,AUD
SKM,Skylark Minerals Limited,0.28,AUD,0,44024,0.14985857998579166,36614730,AUD,Non-energy minerals,No rating,Precious metals,7.692307692307699,0,-6.6666666666666545,3.703703703703707,-11.111111111111102,3.4438775510203397,0.2848428038943249,0.28351596041699606,0.28155035987451366,0.8384852557329436,0.28285714285714286,0.27494999999999997,12326.720000000001,AUD
MND,Monadelphous Group Limited,31.23,AUD,-0.06399999999999864,27717,0.14957042415791424,3213707885,AUD,Industrial services,Neutral,Engineering & construction,18.0718336483932,1.8923327895595494,5.080753701211312,4.798657718120804,2.4270252541817054,2.7251726819451005,30.467544802072872,31.08918702788766,29.89835455953599,27.86303382498479,31.434285714285732,29.798333333333346,865601.91,AUD
EVN,Evolution Mining Limited,13.78,AUD,-0.7919366450684032,1053120,0.1490659998518569,26830704976,AUD,Non-energy minerals,Neutral,Precious metals,9.62609387430389,-0.2894356005788779,31.61413562559693,17.376490630323673,-8.072048032021353,2.949409081484545,12.783066492467475,13.38735757746799,12.377722928096063,12.0791603068869,13.705714285714276,12.125000000000004,14511993.6,AUD
BPH,BPH Energy Limited,0.002,AUD,0,124106,0.14862705657686534,4061547,AUD,Finance,No rating,Financial conglomerates,-77.77777777777779,-33.333333333333336,-33.333333333333336,-75,-81.81818181818181,7.142857142857189,0.0027299091334418656,0.002411083845732816,0.00406492004493274,0.007238743454284805,0.0024285714285714284,0.0050166666666666675,248.21200000000002,AUD
AOV,Amotiv Limited,6.83,AUD,1.1851851851851862,99297,0.1484339520709778,899471872,AUD,Consumer durables,Buy,Motor vehicles,-22.562358276643995,2.0926756352765272,4.274809160305347,13.833333333333334,-18.39904420549581,3.4616189081782283,6.848656291726035,6.83809966270769,6.729548835315737,7.276589784694956,6.771428571428575,6.581499999999994,678198.51,AUD
ALX,Atlas Arteria,4.84,AUD,-0.2061855670103049,206447,0.14839534820365696,7151188280,AUD,Transportation,Sell,Other transportation,-1.6260162601626031,-2.4193548387096797,-4.347826086956517,-0.4115226337448654,2.9787234042553123,1.90377804014151,4.979012043231937,4.927932000477776,4.988173979201852,4.901333226318707,4.922857142857156,5.042166666666671,999203.48,AUD
CDA,Codan Limited,44.395,AUD,-0.9482373940205202,79873,0.14761450829600448,8169838375,AUD,Consumer durables,Buy,Tools & hardware,56.21041520056299,13.48415132924337,2.647398843930643,10.73833873783986,28.346342873662906,3.9338406834746404,42.339779308627115,43.239357428244745,41.81519118783729,36.98775563691363,43.26214285714287,42.48425000000002,3545961.8350000004,AUD
PCK,PainChek Ltd,0.1,AUD,1.0101010101010108,13000,0.1475701440625152,20691723,AUD,Technology services,No rating,Packaged software,-65.51724137931033,-1.9607843137254786,-13.043478260869565,-25.925925925925927,-52.38095238095237,5.5714285714283385,0.10340907295889595,0.1015189180120869,0.11268433059832944,0.1984214392713783,0.1017142857142859,0.11409999999999981,1300,AUD
ORA,Orora Limited,1.45,AUD,0.34602076124566733,714272,0.14696918443822773,1837537938,AUD,Process industries,Neutral,Containers/Packaging,-34.0909090909091,-6.451612903225812,0.6944444444444451,15.079365079365074,-35.55555555555556,3.645320197044218,1.4805241459327314,1.4869120158842482,1.458322219549255,1.6805640131250597,1.4985714285714269,1.4098333333333348,1035694.4,AUD
RDX,Redox Limited,3.845,AUD,0.13020833333334214,56544,0.14660813127526048,2011061802,AUD,Distribution services,Buy,Wholesale distributors,20.91194968553459,0.9186351706036783,1.4511873350923525,30.338983050847457,40.842490842490854,3.0930707783763487,3.7886536532781876,3.8187756448929018,3.7006466210165923,3.337491107181005,3.829285714285713,3.6930833333333335,217411.68000000002,AUD
BTM,Breakthrough Minerals Limited,0.14,AUD,-3.4482758620689493,101442,0.14637345417370395,28260231,AUD,Energy minerals,No rating,Coal,-15.151515151515149,-3.4482758620689498,-24.324324324324316,-41.666666666666664,-36.36363636363636,6.63265306122457,0.15204449807292758,0.14652649076879082,0.1637203052651269,0.1722428359038237,0.1442857142857143,0.17274999999999993,14201.880000000001,AUD
PDI,Predictive Discovery Limited,0.862,AUD,1.4117647058823541,1634753,0.14635572015924475,3952061778,AUD,Non-energy minerals,Strong buy,Precious metals,18.08219178082192,11.948051948051944,36.82539682539682,6.419753086419745,-4.751381215469618,4.325488896254554,0.7519537875337658,0.7951128537565361,0.7487593901654928,0.7371224751495756,0.8074285714285713,0.7456166666666666,1409157.086,AUD
SXE,Southern Cross Electrical Engineering Limited,4.7,AUD,1.2931034482758728,149997,0.14612322935288619,1459693642,AUD,Industrial services,Buy,Engineering & construction,87.25099601593628,7.798165137614675,3.2967032967033045,17.500000000000004,41.99395770392749,4.53647416413374,4.5215808919061224,4.579235550657097,4.40697880528182,3.5418845594622117,4.5600000000000005,4.441833333333334,704985.9,AUD
WAF,West African Resources Ltd,3.54,AUD,1.142857142857144,633315,0.14594265186473443,3877322693,AUD,Non-energy minerals,Strong buy,Precious metals,19.191919191919187,0.2832861189801765,28.260869565217405,18.394648829431432,-4.8387096774193585,3.5310734463277336,3.246977470864863,3.4161044118073955,3.1051302484827192,2.9654541190915125,3.499999999999999,3.0284999999999997,2241935.1,AUD
FAR,FAR Ltd,0.3,AUD,0,3501,0.14541633265076404,27722895,AUD,Energy minerals,No rating,Integrated oil,-28.571428571428573,0,5.263157894736847,-50,-37.5,1.4999999999998164,0.29724540653389886,0.29851567987328465,0.33646288343088354,0.4299090123939026,0.30142857142857177,0.3575333333333333,1050.3,AUD
EPM,Eclipse Metals Limited,0.014,AUD,-6.666666666666661,200000,0.1454030040551444,46085233,AUD,Non-energy minerals,No rating,Other metals/Minerals,-36.36363636363636,7.6923076923077,-6.666666666666662,-6.666666666666662,-39.130434782608695,5.1020408163265545,0.014006541232795681,0.014037570347348078,0.014372709727495636,0.016993868154464915,0.01385714285714286,0.014033333333333358,2800,AUD
LYC,Lynas Rare Earths Limited,16.575,AUD,-0.27075812274369254,563265,0.14532701526178124,16466382553,AUD,Non-energy minerals,Buy,Other metals/Minerals,33.56164383561643,-0.985663082437271,6.7976804123711325,-7.505580357142869,4.245283018867918,3.3333333333334205,16.067342452936,16.31667897859357,16.591412107419647,16.477213596219936,16.616428571428585,17.027916666666677,9336117.375,AUD
HVN,Harvey Norman Holdings Ltd,4.625,AUD,0.543478260869573,338975,0.1450402420082923,6005751986,AUD,Retail trade,Neutral,Department stores,-33.6441893830703,-6.376518218623489,-3.2426778242677874,5.353075170842832,-28.294573643410857,2.316602316602539,4.832652480864497,4.799291061104592,4.805494296589248,5.2743565412091336,4.817857142857144,4.755750000000007,1567759.375,AUD
AFL,AF Legal Group Limited,0.125,AUD,0,11038,0.14421142298707637,11591947,AUD,Commercial services,No rating,Miscellaneous commercial services,-28.57142857142857,-3.8461538461538494,-7.407407407407414,-16.666666666666664,-19.35483870967742,1.4285714285711792,0.12906961858130298,0.12693976221809267,0.1369623627645277,0.14305763356200463,0.12714285714285706,0.14283333333333328,1379.75,AUD
SIG,Sigma Healthcare Ltd,2.925,AUD,-0.847457627118656,1650154,0.14399738350629923,34220940805,AUD,Health technology,Buy,Pharmaceuticals: major,-0.5102040816326573,-1.1824324324324373,0.17123287671232512,2.6315789473684115,-2.1739130434782736,1.330891330891513,2.941983485835129,2.9565688102450594,2.89757002333175,2.86136698478085,2.960714285714284,2.868083333333337,4826700.449999999,AUD
ADO,AnteoTech Ltd,0.021,AUD,0,805049,0.14334225372370624,68455113,AUD,Health technology,No rating,Medical specialties,-4.545454545454534,0,-16,61.538461538461554,61.538461538461554,7.823129251700668,0.02138341597783974,0.020661701168252847,0.02260897867798209,0.019853716099538402,0.020428571428571428,0.02638333333333333,16906.029000000002,AUD
CWY,Cleanaway Waste Management Ltd.,2.65,AUD,-0.7490636704119857,2616430,0.14326857728853865,6073678418,AUD,Industrial services,Strong buy,Environmental services,2.713178294573637,10.8786610878661,13.733905579399135,22.119815668202765,8.60655737704918,1.9676549865227568,2.4695829931267776,2.5538159080491134,2.4015206984617676,2.4395002687381906,2.551428571428572,2.378166666666667,6933539.5,AUD
AUI,Australian United Investment Co. Ltd.,11.86,AUD,0.25359256128486357,8686,0.14299119269075644,2562034750,AUD,Miscellaneous,No rating,Investment trusts,4.217926186291728,2.065404475043031,6.463195691202862,9.611829944547127,3.400174367916293,1.1683931582747944,11.5641052651422,11.724291245267414,11.315664012608046,11.099083197998878,11.754285714285702,11.172583333333316,103015.95999999999,AUD
QAN,Qantas Airways Limited,9.77,AUD,-1.6112789526686822,689825,0.14227484656199493,14944361572,AUD,Transportation,Strong buy,Airlines,-6.057692307692315,-3.0753968253968305,-5.785920925747345,14.94117647058823,-9.285051067780874,2.0982599795288808,10.182310355161489,10.080950974582256,10.066563623096853,9.78214096460009,10.068571428571431,10.063333333333341,6739590.25,AUD
ARX,Aroa Biosurgery Ltd,0.58,AUD,0,70258,0.14222350698010172,207541598,AUD,Health technology,Strong buy,Medical specialties,-20.000000000000004,-4.9180327868852505,-4.132231404958682,-2.5210084033613467,-14.074074074074087,4.371921182266028,0.581488498569618,0.5837162100940627,0.5890337549464908,0.6142149814496355,0.5928571428571431,0.6034166666666666,40749.64,AUD
BCI,BCI Minerals Ltd,0.46,AUD,0,195868,0.1418270041894678,1380662518,AUD,Non-energy minerals,Strong buy,Steel,17.94871794871795,1.0989010989010999,15,33.33333333333335,17.94871794871795,3.167701863353988,0.44691346318926173,0.45961257991201226,0.4217141053240183,0.3888268363408891,0.4671428571428578,0.4013333333333337,90099.28,AUD
1AD,AdAlta Ltd.,0.003,AUD,0,499999,0.14121110625312572,9636507,AUD,Health technology,No rating,Biotechnology,-25,-25,0,-40,-25,16.66666666666661,0.003335418265345483,0.0031971723040010573,0.003544886787197909,0.004294743244790301,0.003142857142857142,0.003616666666666682,1499.997,AUD
LMS,Litchfield Minerals Ltd.,0.205,AUD,0,12927,0.1412019919235126,15402149,AUD,Non-energy minerals,No rating,Other metals/Minerals,-54.44444444444445,-8.888888888888896,-10.869565217391314,-58.585858585858595,-67.71653543307087,8.01393728222986,0.2126459478801149,0.21085640868754002,0.24613107319123753,0.34515867222598984,0.21500000000000005,0.24816666666666692,2650.035,AUD
RRL,Regis Resources Limited,7.575,AUD,0.06605019815059304,440535,0.14097217439966953,5566802629,AUD,Non-energy minerals,Buy,Precious metals,0.7313829787234123,1.5415549597855256,36.48648648648649,21.98067632850242,-11.299765807962519,2.9938708156529747,6.947054422746639,7.304974030680382,6.682847305581916,6.602982604842087,7.477857142857141,6.459083333333337,3337052.625,AUD
GGP,Greatland Resources Limited,12.57,AUD,1.0450160771704244,257461,0.14078682171348042,8256242684.239514,AUD,Non-energy minerals,Buy,Precious metals,19.82840800762631,0.1593625498007934,21.92046556741028,-1.8735362997658096,-1.7200938232994438,3.3952721900216467,11.607588579332315,12.079153637517617,11.696001186636748,11.006404360588052,12.392857142857144,11.88733333333334,3236284.77,AUD
EGG,Enero Group Limited,0.295,AUD,0,14887,0.1404793112201327,25859507,AUD,Commercial services,Strong buy,Advertising/Marketing services,-52.8,1.7241379310344844,7.272727272727258,-10.606060606060614,-49.137931034482754,3.6561743341408506,0.2880570136895962,0.28844689883441454,0.3059454200264421,0.4701878796779499,0.287142857142856,0.3006666666666682,4391.665,AUD
DBI,Dalrymple Bay Infrastructure Ltd.,5.3,AUD,-0.3759398496240688,158243,0.14032167673421322,2652324821,AUD,Distribution services,Buy,Wholesale distributors,5.9999999999999964,-1.4869888475836446,-7.017543859649129,-1.119402985074636,3.112840466926073,2.338274932614655,5.503187777410539,5.403681526584805,5.563187528132111,5.1909665766913635,5.358571428571429,5.652166666666662,838687.9,AUD
AMI,Aurelia Metals Limited,0.387,AUD,-2.0253164556962044,1090308,0.14025825210118587,643492697,AUD,Non-energy minerals,Strong buy,Precious metals,57.95918367346939,-0.7692307692307699,38.21428571428571,31.186440677966115,29.00000000000001,4.485049833886941,0.3562843389912225,0.3780272095281284,0.3278269423044456,0.2895148265682721,0.38671428571428573,0.3131999999999999,421949.196,AUD
FOS,FOS Capital Ltd,0.135,AUD,-3.571428571428574,10000,0.1400858446055743,9279154,AUD,Producer manufacturing,No rating,Electrical products,-44.897959183673464,-3.5714285714285743,3.8461538461538494,8.000000000000007,-34.14634146341463,4.338624338623975,0.12968478237064107,0.1309670758519384,0.1464385339958485,0.21991014440977533,0.13357142857142856,0.14841666666666675,1350,AUD
MRT,Maritana Minerals Limited,0.7,AUD,2.1897810218977956,88625,0.13979588617578376,252934851,AUD,Non-energy minerals,Strong buy,Precious metals,-42.622950819672134,-6.666666666666672,6.870229007633577,-4.761904761904766,-37.50000000000001,4.867346938775521,0.674425795425402,0.689762506624668,0.6816400196974028,0.8162372233092732,0.7064285714285716,0.6665833333333332,62037.49999999999,AUD
ALD,Ampol Limited,39.905,AUD,0.5163727959697689,121278,0.13976462502231396,9496338063,AUD,Energy minerals,Buy,Oil refining/Marketing,24.976511118070782,2.058823529411764,7.705802968960875,11.001390820584138,36.61417322834646,2.0280308590044567,38.89127978897742,39.534569001952654,37.25693067552403,33.61513999134253,39.62071428571428,36.217416666666665,4839598.59,AUD
WZR,Wisr Ltd.,0.027,AUD,0,316480,0.13962629935114446,51108597,AUD,Finance,Strong buy,Finance/Rental/Leasing,-9.999999999999998,-6.896551724137937,35,28.571428571428562,12.499999999999996,4.497354497354453,0.027213345065552286,0.028266939895895248,0.02446736747961163,0.024769782830412704,0.028428571428571497,0.022433333333333305,8544.96,AUD
PER,Percheron Therapeutics Limited,0.005,AUD,0,1067507,0.13893459094755517,7612077,AUD,Health technology,No rating,Pharmaceuticals: major,-42.96144193474788,66.66666666666667,66.66666666666667,25,-26.664711058961572,11.42857142857179,0.003630756690793978,0.00402495660720793,0.003657960070687036,0.006794677719704983,0.004000000000000002,0.0036499999999999996,5337.535,AUD
RSG,Resolute Mining Limited,1.172,AUD,1.0344827586206906,1116182,0.1389050634910414,2404594666,AUD,Non-energy minerals,Strong buy,Precious metals,-4.326530612244911,2.3580786026200795,30.222222222222214,-4.715447154471549,-21.60535117056857,3.8944417357386794,1.061974380004109,1.1165077273447115,1.0595942127592373,1.109633070690791,1.1467142857142856,1.0472833333333333,1308165.304,AUD
APE,Eagers Automotive Limited,22.6,AUD,-0.8336989907854222,42934,0.13882350202282526,6618585449,AUD,Retail trade,Buy,Specialty stores,-7.566462167689153,-7.755102040816321,3.0082041932543304,2.7272727272727337,-12.942989214175652,3.0183312262958584,23.13813764164045,23.32511857987162,22.671181681012154,23.009109252365487,23.51999999999996,22.103000000000016,970308.4,AUD
KPG,Kelly Partners Group Holdings Ltd.,4.31,AUD,-1.8223234624145803,7676,0.1386851291094232,199209810,AUD,Commercial services,No rating,Miscellaneous commercial services,-49.708284714119024,0.9367681498829049,7.74999999999999,-0.6912442396313422,-41.519674355495255,4.98839907192571,4.237123590495904,4.334505016463919,4.155824508194405,5.654630940183106,4.3500000000000005,3.9794999999999963,33083.56,AUD
NNL,Nordic Resources Limited.,0.21,AUD,0,39888,0.13817610178363152,79180072,AUD,Non-energy minerals,No rating,Other metals/Minerals,10.52631578947368,-8.69565217391305,16.666666666666668,7.692307692307685,10.52631578947368,5.37414965986392,0.20078769517163164,0.2069690613242011,0.19600857655166168,0.17988839612227828,0.21357142857142875,0.19845000000000013,8376.48,AUD
SHE,Stonehorse Energy Ltd,0.011,AUD,0,105341,0.13699586805448988,7529061,AUD,Energy minerals,No rating,Integrated oil,57.14285714285713,9.999999999999993,-8.333333333333341,-8.333333333333341,120,1.9480519480520062,0.011201051782092773,0.011003803359684199,0.011143492654743173,0.009469735981159402,0.010857142857142862,0.011350000000000004,1158.751,AUD
ENP,Entropy Neurodynamics Limited,0.037,AUD,2.7777777777777803,251910,0.13692072778495026,58773372,AUD,Health technology,No rating,Pharmaceuticals: major,12.12121212121211,0,2.7777777777777803,2.7777777777777803,5.714285714285699,3.2818532818532318,0.035784479916149706,0.036260657108030836,0.03475295160217641,0.033687371623752904,0.036285714285714255,0.03398333333333335,9320.67,AUD
LKO,Lakes Blue Energy NL,0.275,AUD,-1.785714285714287,48685,0.13658139996145366,25378798,AUD,Energy minerals,No rating,Integrated oil,-77.34671552087727,0,-42.0075917334458,-39.59124138900604,-75.83649655560241,8.677038961039106,0.33738240669556435,0.2922923182456929,0.412933113918959,0.7085077654365621,0.2807142857142855,0.4127403000000006,13388.375000000002,AUD
KGN,Kogan.com Ltd.,4.58,AUD,1.7777777777777795,43200,0.13653188778090172,433211554,AUD,Retail trade,Buy,Internet retail,25.479452054794525,-3.3755274261603403,8.018867924528298,30.857142857142858,44.479495268138805,3.2985028072364213,4.477446795241317,4.56179268794002,4.314599723593952,3.997578251284002,4.614285714285713,4.297333333333333,197856,AUD
EOL,Energy One Limited,14.7,AUD,-2.970297029702977,8167,0.1363940011356429,471762418,AUD,Technology services,Strong buy,Packaged software,-15.27377521613834,2.510460251046021,30.088495575221227,10.526315789473673,3.1578947368421004,4.55782312925187,13.744462366055632,14.519015136148981,13.083984103284312,13.68655339915018,14.695714285714283,12.577333333333318,120054.9,AUD
BLG,BluGlass Ltd,0.3,AUD,0,19861,0.13639288512740005,59857219,AUD,Electronic technology,No rating,Semiconductors,27.659574468085108,-6.250000000000005,-18.918918918918923,22.448979591836732,66.66666666666667,7.500000000000026,0.3238052299150478,0.31388062265320305,0.32375596559671327,0.292844078932702,0.3135714285714285,0.3333333333333333,5958.3,AUD
DOW,Downer EDI Limited,7.525,AUD,1.1424731182795693,141158,0.13627119239658647,4952943269,AUD,Industrial services,Buy,Engineering & construction,-4.867256637168139,-2.5259067357512874,-6.2889165628891535,-0.9868421052631486,-3.525641025641019,2.083531086853358,7.745736336988821,7.6386068112078505,7.831509249729255,7.674851384116522,7.6192857142857,7.9277500000000005,1062213.95,AUD
SGP,Stockland,4.13,AUD,-1.1961722488038236,1093014,0.13625532819449143,10465225977,AUD,Finance,Buy,Real estate investment trusts,-28.048780487804883,-3.50467289719627,0.24271844660193656,4.822335025380709,-20.27027027027027,2.2656520235212585,4.226302862488849,4.237073528929778,4.183741356138239,4.613851199548098,4.255714285714285,4.125166666666666,4514147.82,AUD
M2R,Miramar Resources Limited,0.003,AUD,50,800000,0.13617900007811568,4219180,AUD,Non-energy minerals,No rating,Precious metals,0,0,0,0,-40,11.90476190476189,0.002374180829246742,0.0023698439519110287,0.0025139921875389757,0.00322206579348147,0.002285714285714289,0.0025500000000000054,2400,AUD
KSL,Kina Securities Ltd.,1.21,AUD,0,19474,0.13584979368606098,356142064,AUD,Finance,Strong buy,Regional banks,-3.968253968253972,-2.8112449799196897,-4.347826086956517,-10.037174721189592,-1.2244897959183774,1.8358913813460578,1.2296578919526662,1.2179543697724236,1.2547811058723044,1.2533489449573532,1.2171428571428564,1.2849166666666685,23563.54,AUD
QEM,QEM Limited,0.02,AUD,0,155321,0.1353709971161945,7094341,AUD,Energy minerals,No rating,Integrated oil,25,17.647058823529406,25,-42.85714285714286,-28.571428571428573,11.428571428571296,0.019066918912812373,0.019612156078997352,0.02170965080921065,0.030702045285575623,0.020285714285714268,0.022450000000000078,3106.42,AUD
WGN,Wagners Holding Co. Ltd.,4.2,AUD,-2.5522041763340937,44615,0.13479625718696844,852820755,AUD,Non-energy minerals,Strong buy,Construction materials,16.666666666666668,-1.8691588785046744,2.1897810218978067,-7.894736842105251,7.6923076923077,5.22959183673468,4.210498324742502,4.237922602724517,4.269258949815683,3.937355792678526,4.258571428571428,4.3580000000000005,187383,AUD
AR3,Australian Rare Earths Limited,0.105,AUD,0,50259,0.134771171374098,25686478,AUD,Non-energy minerals,No rating,Other metals/Minerals,-47.50000000000001,0,0,-16.000000000000004,-25.00000000000001,4.69387755102015,0.10126929941312059,0.10223636385392805,0.105748596078979,0.12992993452469362,0.1035714285714285,0.10503333333333356,5277.195,AUD
FDC,FDC Consolidated Holdings Ltd.,3.72,AUD,0.540540540540541,52663,0.1346370516114237,1191752003,AUD,Industrial services,Strong buy,Engineering & construction,6.285714285714292,1.91780821917809,9.734513274336285,6.285714285714292,6.285714285714292,4.358678955453154,3.5670797266863796,3.652360312960084,,,3.6871428571428586,,195906.36000000002,AUD
CXL,Calix Ltd.,0.345,AUD,-2.8169014084507067,84126,0.13446115800968203,70175157,AUD,Producer manufacturing,No rating,Industrial machinery,-65.15151515151516,-5.479452054794526,1.4705882352941024,-26.595744680851066,-77.30263157894737,8.426501035196546,0.3465938601212503,0.3440112499150195,0.38519461558670604,0.5691955324831817,0.34857142857142837,0.38741666666666674,29023.469999999998,AUD
CAR,CAR Group Limited,29.02,AUD,-1.9263264616424476,277126,0.13440648613655146,11403863908,AUD,Technology services,Buy,Internet software/Services,-5.656697009102737,0.06896551724137784,12.349980642663574,9.88262021961378,12.04633204633205,3.266220340651789,27.810693123708358,28.752836563067834,26.85757500503363,28.10228958266677,29.331428571428656,26.471999999999944,8042196.52,AUD
T88,Taiton Resources Limited,0.04,AUD,0,25148,0.13424903976276334,4953950,AUD,Energy minerals,No rating,Oil & gas production,-65.21739130434783,14.285714285714278,-2.4390243902439046,-40.298507462686565,-63.63636363636365,5.1785714285717575,0.041559257590697264,0.0388319417280225,0.05544798951116758,0.09640012847013292,0.038000000000000055,0.06181666666666681,1005.9200000000001,AUD
REA,REA Group Ltd,179.48,AUD,1.1838989739542194,40373,0.13423727010209188,23162187698,AUD,Commercial services,Buy,Advertising/Marketing services,-3.0990173847316753,2.1223328591749584,10.313460356484327,5.707049885152246,8.434026099564994,2.452322582699272,169.32220970571862,175.38936143773518,161.64778220568337,173.23006510944163,177.57285714285734,154.07666666666677,7246146.04,AUD
LIB,Liberty Metals Ltd,0.003,AUD,0,5435000,0.13414034766201602,24603656,AUD,Non-energy minerals,No rating,Precious metals,-25,0,0,-40,0,16.66666666666648,0.002985084011220194,0.0029830795417774073,0.0031827033820686513,0.0032246134703866076,0.0029999999999999988,0.003350000000000002,16305,AUD
IXR,Ionic Rare Earths Limited,0.285,AUD,1.7857142857142672,76698,0.1338554355013767,71616507,AUD,Non-energy minerals,Strong buy,Other metals/Minerals,-33.720930232558146,1.7857142857142674,-20.833333333333336,-20.833333333333336,-36.66666666666667,6.867167919799383,0.30038555765058017,0.2847192575422345,0.3244138550491493,0.36412720463087433,0.28028571428571414,0.3455333333333332,21858.929999999997,AUD
AYT,Austin Metals Limited,0.003,AUD,0,88505,0.13377044323881512,7672669,AUD,Non-energy minerals,No rating,Other metals/Minerals,-40,0,0,0,-25,2.3809523809524036,0.0030967874807410504,0.003084908687303748,0.0032090255995269054,0.003765701197357903,0.0031428571428571525,0.0031333333333333486,265.515,AUD
MIN,Mineral Resources Limited,65.89,AUD,-1.949404761904765,124949,0.13375926821586723,13003469243,AUD,Non-energy minerals,Buy,Steel,21.121323529411768,1.7134918184624874,14.870990237099026,0.19768856447687871,19.8,3.304750341478224,62.49111639016768,64.73271842188745,62.054062177154435,57.29382563917968,65.89142857142856,63.53899999999998,8232889.61,AUD
IAM,Income Asset Management Group Limited,0.016,AUD,0,74074,0.1336163651456715,14893933,AUD,Finance,Strong buy,Investment banks/Brokers,-56.75675675675675,0,-5.8823529411764754,-11.111111111111104,-27.27272727272727,2.678571428571378,0.01630385591761197,0.015719698730153043,0.018176387995514274,0.026418632531229523,0.015285714285714288,0.018016666666666674,1185.184,AUD
MMS,Mcmillan Shakespeare Limited,20.26,AUD,-0.6375674350171604,25003,0.1334305302586801,1423503379,AUD,Finance,Sell,Finance/Rental/Leasing,18.618266978922737,-1.3631937682570476,2.582278481012666,12.430632630410667,16.036655211912947,2.113594697503847,20.12699284269667,20.33590197233023,19.552571903243436,17.874029856218677,20.495714285714286,19.53516666666666,506560.78,AUD
BEO,Beonic Limited,0.08,AUD,0,10741,0.1333765462912603,8437964,AUD,Technology services,No rating,Internet software/Services,-37.199450306788535,1.2658227848101278,5.263157894736847,-14.36288555969849,-41.53052475696249,1.8750000000000537,0.07743645623893262,0.07701597267008695,0.08804936220740177,0.14901169620295948,0.07657142857142829,0.08890966749999984,859.28,AUD
MYG,Mayfield Group Holdings Limited,2.37,AUD,2.155172413793115,75368,0.13312492967789694,254533301,AUD,Producer manufacturing,Strong buy,Electrical products,-22.801302931596084,13.942307692307693,-12.546125461254608,-13.18681318681318,-11.89591078066914,5.289330922242402,2.259602276704984,2.219194311352623,2.4457180843055943,2.382647355912826,2.188571428571428,2.6656666666666666,178622.16,AUD
IEL,IDP Education Ltd.,2.2,AUD,0.4566210045662206,251092,0.1329595942988117,598027369,AUD,Consumer services,Buy,Other consumer services,-61.87175043327556,-6.382978723404252,-2.2222222222222143,-19.70802919708029,-57.1150097465887,4.366883116883652,2.2215775431142544,2.2021061632408263,2.346163067314713,3.788576381824346,2.1914285714285713,2.2617500000000037,552402.4,AUD
JAL,Jameson Resources Limited,0.048,AUD,6.666666666666673,20000,0.13281605905533247,38071087,AUD,Energy minerals,No rating,Coal,-35.13513513513513,6.666666666666673,11.627906976744198,6.666666666666673,-34.246575342465746,1.4880952380952126,0.043525617622537906,0.04409182083962694,0.050129831349469064,0.06337313026916466,0.04471428571428571,0.0534333333333334,960,AUD
PPK,PPK Group Limited,0.39,AUD,6.849315068493158,8903,0.13279279521152432,32980719,AUD,Consumer services,No rating,Other consumer services,-17.021276595744673,-7.142857142857137,11.42857142857144,18.18181818181818,-1.2658227848101276,3.992673992673992,0.3700593075679978,0.3813143527597668,0.35535511001260617,0.36802659889650463,0.3992857142857139,0.3442499999999999,3472.17,AUD
KAU,Kaiser Reef Ltd,0.23,AUD,0,297844,0.13276211562843723,130144316,AUD,Non-energy minerals,Strong buy,Precious metals,-20.689655172413786,6.976744186046518,24.32432432432433,0,-31.343283582089555,4.440993788819799,0.20760269866288952,0.21805519056181433,0.20807178065181092,0.23923640991561523,0.22357142857142823,0.20425000000000043,68504.12000000001,AUD
AI1,Adisyn Limited,0.175,AUD,0,865981,0.13266356271034663,217815530,AUD,Technology services,No rating,Information technology services,153.62318840579707,2.9411764705882213,-2.7777777777777803,-14.634146341463415,288.8888888888889,8.571428571428562,0.1659106699291801,0.17089782580789648,0.16547025464069073,0.1257346870625888,0.17428571428571432,0.17208333333333328,151546.675,AUD
ARF,Arena REIT,2.335,AUD,-0.21367521367520914,657370,0.13236545753068682,939082091,AUD,Finance,Buy,Real estate investment trusts,-34.41011235955057,-4.30327868852459,-29.24242424242424,-28.374233128834355,-34.03954802259887,4.848577546650523,2.779090056594949,2.524129563672048,3.013451836786552,3.322451765373551,2.349285714285712,3.1054166666666734,1534958.95,AUD
LOV,Lovisa Holdings Ltd.,23.97,AUD,-0.8684863523573236,38499,0.13214552586532682,2736348107,AUD,Retail trade,Neutral,Specialty stores,-18.219037871033777,-8.789954337899552,1.353065539112052,11.592178770949712,-14.239713774597497,3.455211871982759,24.489727696781276,24.784722084036304,23.74095318513487,25.67633078930766,24.99714285714285,23.147333333333343,922821.0299999999,AUD
JAV,Javelin Minerals Limited,0.069,AUD,0,27795,0.13129732336742791,19394515,AUD,Non-energy minerals,No rating,Other metals/Minerals,-13.749999999999995,-1.4285714285714297,-21.590909090909083,-17.857142857142858,-50.714285714285715,4.968944099379633,0.071277440127077,0.06905071881988907,0.07678976003629254,0.08884345444409004,0.06871428571428573,0.07711666666666676,1917.8550000000002,AUD
TML,Timah Resources Ltd,0.047,AUD,0,1260,0.1299920560410197,4171707.9999999995,AUD,Utilities,No rating,Electric utilities,11.904761904761898,0,0,0,2.173913043478263,-4.4290812152599335e-14,0.046016394166822065,0.04692851527133378,0.04312177434799627,0.04753898542901192,0.04700000000000004,0.03998333333333339,59.22,AUD
DDR,Dicker Data Limited,12.9,AUD,-0.9216589861751093,59283,0.1297948084703904,2334374585,AUD,Retail trade,Buy,Electronics/Appliance stores,25.36443148688048,-1.4514896867838007,9.322033898305081,47.93577981651376,22.974261201143946,2.1871539313398083,12.698850939243263,12.879166714277083,12.092853119250139,10.6052659620156,12.899999999999995,12.00083333333332,764750.7000000001,AUD
MA1,MA Credit Income Trust,1.99,AUD,0,61703,0.12961426401793077,555185810,AUD,Miscellaneous,No rating,Investment trusts,-0.5000000000000004,0,0.2518891687657377,1.5306122448979607,-0.9950248756218805,0.7717157214645093,1.988847042247093,1.9892196048174728,1.9859027732956072,1.986588101525229,1.9907142857142863,1.9845,122788.97,AUD
DCC,DigitalX Limited,0.027,AUD,0,95068,0.12873222294772332,37698972,AUD,Technology services,No rating,Packaged software,-32.5,-3.5714285714285747,7.999999999999994,-9.999999999999998,-18.181818181818187,3.9682539682541442,0.026987025696322078,0.027286464398629483,0.026942065479445814,0.03495392303172783,0.027571428571428656,0.02615,2566.836,AUD
ALL,Aristocrat Leisure Limited,63.62,AUD,-1.3643410852713218,132171,0.12849668858848767,38487459701,AUD,Consumer services,Strong buy,Casinos/Gaming,10.16450216450216,-1.1344211344211297,2.7454780361757036,22.747443565502607,24.79403687720675,1.9979117079085915,63.97756082045252,64.48535383110311,60.95362887528029,57.056103679876365,64.55571428571423,59.24933333333332,8408719.02,AUD
KGL,KGL Resources Limited,0.17,AUD,3.030303030303033,421719,0.12844113146026054,386136452,AUD,Non-energy minerals,Strong buy,Other metals/Minerals,-15,0,-15,-40.350877192982445,-31.999999999999996,7.310924369747915,0.18119807249224373,0.1725871992687243,0.20696467856956996,0.21682964296976867,0.1721428571428571,0.22580848333333323,71692.23000000001,AUD
EIQ,EchoIQ Limited,1.54,AUD,-0.6451612903225812,464209,0.12841305290885888,1177593298,AUD,Non-energy minerals,Buy,Other metals/Minerals,492.30769230769226,-2.222222222222217,-2.222222222222217,48.79227053140098,165.51724137931038,7.467532467532524,1.4990412563361306,1.5442161836537802,1.4124189392679445,0.9637596891144333,1.582142857142857,1.4136666666666666,714881.86,AUD
DVP,Develop Global Limited,4.91,AUD,-0.6072874493927175,180596,0.12753079379014384,1540137546,AUD,Non-energy minerals,Strong buy,Other metals/Minerals,5.364806866952789,-2.191235059760945,-13.097345132743367,-6.8311195445920205,-1.2072434607645797,4.400640093104504,5.163538585094348,4.98852189815491,5.507019903166971,5.196500942666829,4.974285714285719,5.916166666666667,886726.36,AUD
HMC,HMC Capital Limited,3.03,AUD,0.33112582781456246,100515,0.12718933894823153,1249996307,AUD,Finance,Buy,Real estate development,-23.67758186397986,-0.9803921568627532,3.767123287671229,5.9440559440559415,-3.809523809523813,2.8760018859025847,3.010732286716912,3.0394959938006068,2.9597297863706022,3.2469390905607294,3.052857142857147,2.9711666666666607,304560.44999999995,AUD
IPH,IPH Ltd.,4.15,AUD,-1.1904761904761862,100661,0.1269082059094813,1057467628.0000001,AUD,Commercial services,Buy,Miscellaneous commercial services,17.231638418079104,-4.157043879907615,0,14.325068870523427,16.573033707865175,2.685025817555954,4.192333241649581,4.209502635491978,4.080499975784822,3.9237526220267402,4.221428571428569,4.063166666666666,417743.15,AUD
TSL,Titanium Sands Ltd.,0.007,AUD,0,25000,0.12649184481778086,18757979,AUD,Non-energy minerals,No rating,Precious metals,16.666666666666668,0,0,-12.5,-12.5,-1.2390881971262908e-14,0.007203064906672865,0.007148486759530711,0.007489805345298544,0.007626266728102322,0.007142857142857143,0.007766666666666673,175,AUD
NIC,Nickel Industries Limited,0.827,AUD,-0.9580838323353302,723545,0.12609924998878944,3582097177,AUD,Non-energy minerals,Buy,Other metals/Minerals,-6.022727272727278,-1.547619047619049,-4.3930635838150325,-19.317073170731707,-18.921568627450984,3.1352565209879986,0.8369002802349804,0.8302828484959894,0.8767823032012974,0.8909603984043377,0.8338571428571425,0.9083666666666667,598371.715,AUD
SHO,SportsHero Limited,0.047,AUD,-6.000000000000005,393476,0.12520580667082498,45519965,AUD,Technology services,No rating,Packaged software,4.444444444444448,23.684210526315795,0,-29.85074626865672,-50,6.382978723404453,0.04371411035678479,0.04452555351001479,0.05057694279415009,0.059252271573393515,0.04471428571428573,0.054333333333333386,18493.372,AUD
FDR,Finder Energy Holdings Limited,0.36,AUD,-1.3698630136986314,35315,0.12400460974802976,199530184,AUD,Energy minerals,No rating,Integrated oil,-10.000000000000009,-2.7027027027027053,5.8823529411764595,-4.0000000000000036,-37.93103448275862,4.821428571428631,0.3490201898584996,0.3577282509954651,0.35158533130918007,0.37523503231050614,0.36499999999999994,0.33333333333333326,12713.4,AUD
GMD,Genesis Minerals Limited,7.415,AUD,-1.1333333333333329,1070905,0.12397711686465607,8426021661.000001,AUD,Non-energy minerals,Strong buy,Precious metals,3.5614525139664788,0.4742547425474274,27.62478485370053,25.04215851602024,0.6105834464043409,3.9302572006550123,6.742220012354116,7.167308379433578,6.308702665145948,6.05736544156993,7.3821428571428545,5.986250000000001,7940760.575,AUD
LIN,Lindian Resources Limited,0.81,AUD,-1.2195121951219388,1847457,0.12395823510658636,1553492896,AUD,Non-energy minerals,No rating,Other metals/Minerals,95.18072289156629,-1.8181818181818064,13.286713286713299,21.80451127819549,88.37209302325583,7.910052910052853,0.7981408089193341,0.8097355262967181,0.7994436783098231,0.6504216006724214,0.8292857142857146,0.8157833333333332,1496440.1700000002,AUD
IMR,"Imricor Medical Systems, Inc. Shs Chess Depository Interests Repr 1 Sh",2.04,AUD,2.5125628140703538,61079,0.12388209184867639,721121541,AUD,Health technology,Strong buy,Medical specialties,33.333333333333336,2.0000000000000018,21.791044776119403,14.285714285714292,-7.272727272727279,4.40476190476185,1.940796915451308,1.9917693446361695,1.8861335862985908,1.7761243017357446,2.014285714285714,1.8402499999999997,124601.16,AUD
MFG,Magellan Financial Group Ltd,10.6,AUD,-1.3035381750465602,67575,0.12365701980269043,3181718471,AUD,Finance,Sell,Investment managers,6.21242484969939,-0.2822201317027388,7.505070993914811,21.979286536248562,13.006396588486128,2.644878706199416,10.345701469825208,10.596736187101698,10.006334180379215,9.637983864493815,10.757142857142856,9.77816666666668,716295,AUD
WOW,Woolworths Group Ltd,39.355,AUD,-2.12633673215619,234066,0.12355446407843433,48659970703,AUD,Retail trade,Neutral,Food retail,34.04291553133514,-3.2095425479586814,-0.2913605269825234,15.039462145571457,22.98437499999999,1.8440205455833443,39.82803664034236,39.87318649174309,39.057203928060325,35.475414561396526,39.89071428571429,38.743083333333324,9211667.43,AUD
DTZ,Dotz Nano Limited,0.025,AUD,0,33600,0.12320915854745203,19610857,AUD,Process industries,No rating,Chemicals: specialty,-37.5,-3.8461538461538365,-16.66666666666666,-47.916666666666664,-21.874999999999996,12.285714285714386,0.026543591616458275,0.02557067317196696,0.02943994172261972,0.039041043274184555,0.025142857142857144,0.032866666666666655,840,AUD
AMS,Atomos Ltd.,0.01,AUD,0,82102,0.1230305476958783,14884150,AUD,Consumer durables,No rating,Electronics/Appliances,-61.53846153846155,-16.666666666666668,0,-47.368421052631575,-61.53846153846155,9.99999999999987,0.010559688026575682,0.010557935037733647,0.011868267986294001,0.017341650452113284,0.01071428571428572,0.011866666666666656,821.02,AUD
LSA,Lachlan Star Limited,0.152,AUD,1.3333333333333346,51613,0.12302245333176969,57591261,AUD,Non-energy minerals,No rating,Other metals/Minerals,186.7924528301887,32.17391304347825,51.99999999999999,-15.555555555555555,78.8235294117647,5.451127819548872,0.12377929088514235,0.13620312945081392,0.12472550077688276,0.1175085811590933,0.14028571428571432,0.12573333333333336,7845.1759999999995,AUD
POD,Podium Minerals Limited,0.034,AUD,0,200807,0.12298498906617028,33796608,AUD,Non-energy minerals,No rating,Other metals/Minerals,-60.46511627906976,-17.073170731707314,-2.8571428571428594,-32,-46.875,6.092436974790323,0.03690990855487313,0.03623272889708634,0.039144952154704545,0.0489606512313659,0.03700000000000004,0.039633333333333305,6827.438,AUD
TWE,Treasury Wine Estates Limited,5.67,AUD,-1.5624999999999976,826963,0.1229308781813764,4771954059,AUD,Consumer non-durables,Buy,Beverages: alcoholic,7.999999999999998,-2.7444253859348224,17.879417879417886,28.571428571428562,20.1271186440678,4.006046863189701,5.343056561361779,5.601466235890085,4.989753666677589,5.242436148291119,5.701428571428575,4.821666666666666,4688880.21,AUD
HPR,High Peak Royalties Limited,0.095,AUD,2.1505376344086042,5328,0.12252021882552597,19813173,AUD,Energy minerals,No rating,Oil & gas production,50.7936507936508,2.1505376344086042,5.555555555555561,18.75,58.33333333333334,1.052631578947384,0.08933458609747283,0.09230845539157223,0.08070276208265777,0.07051005277818297,0.09257142857142855,0.07309999999999998,506.16,AUD
DTL,Data#3 Limited.,9.865,AUD,-1.3499999999999979,47554,0.12249344245108466,1552329317,AUD,Technology services,Neutral,Information technology services,9.97770345596432,2.867570385818565,4.391534391534401,18.712394705174486,5.734190782422295,3.0917384693361236,9.901520848694625,9.97076553720856,9.612933729782116,8.846634071057222,10.024999999999991,9.651583333333328,469120.21,AUD
AMP,AMP Limited,2.32,AUD,0.8695652173913052,1215728,0.12185360676264112,5663451062,AUD,Finance,Buy,Investment managers,27.82369146005509,-2.109704641350222,19.587628865979376,45.454545454545446,66.90647482014388,2.817118226601035,2.2105572215861846,2.3056085611773587,1.982447111584141,1.6838979802240657,2.3371428571428567,1.8397500000000024,2820488.96,AUD
VAU,Vault Minerals Limited,6.1,AUD,-0.48939641109298937,772564,0.12179696382879401,6114284417,AUD,Non-energy minerals,Buy,Precious metals,12.132352941176457,0.6600660066006607,26.55601659751036,39.90825688073393,8.734402852049898,3.5655737704919095,5.547794039835595,5.887799431680244,5.12350154452446,4.7066552233512775,6.055714285714287,4.82783333333333,4712640.399999999,AUD
CDO,Cadence Opportunities Fund Ltd.,2.33,AUD,1.9693654266958391,741,0.12179687371587306,35931037.56,AUD,Miscellaneous,No rating,Investment trusts,21.354166666666675,0,-5.284552845528451,10.4265402843602,9.389671361502357,0.7970570202330669,2.303829485659576,2.3069848547063896,2.2664023101555557,2.098298531657543,2.310714285714284,2.233166666666668,1726.53,AUD
LAU,Lindsay Australia Limited,0.66,AUD,-0.7518796992481209,31117,0.1215736237941582,247219805,AUD,Transportation,Buy,Trucking,-6.382978723404245,3.1250000000000027,0,12.820512820512834,-7.042253521126751,2.2943722943726446,0.6562891553577248,0.6590678470720485,0.6376235688849672,0.6411685286699053,0.649285714285713,0.6159166666666669,20537.22,AUD
MRD,Mount Ridley Mines Limited,0.03,AUD,3.4482758620689564,731115,0.12154333427205664,42507479,AUD,Non-energy minerals,No rating,Other metals/Minerals,-11.764705882352951,19.99999999999999,30.434782608695652,11.111111111111109,-6.250000000000005,7.380952380952369,0.02715867996787956,0.028874390835643016,0.026087823426627122,0.02475671925210853,0.029285714285714252,0.025183333333333335,21933.45,AUD
UM1,Unity Metals Limited,0.2,AUD,2.5641025641025665,35614,0.1211093609299719,30570984,AUD,Non-energy minerals,No rating,Precious metals,0,8.108108108108116,86.9158878504673,60.00000000000001,-38.46153846153846,7.500000000000076,0.16609853019649287,0.18374545174314783,0.14702147282781117,,0.18642857142857144,0.12220000000000011,7122.8,AUD
EDV,Endeavour Group Ltd,3.42,AUD,-2.8409090909090935,747786,0.12055080529703514,6410383309,AUD,Retail trade,Neutral,Specialty stores,-6.8119891008174385,-4.469273743016764,-0.8695652173913115,10.322580645161285,-12.307692307692308,2.8613199665831117,3.4996873970818756,3.522572157946356,3.4213872331381343,3.5166701014864095,3.5542857142857143,3.3234999999999957,2557428.12,AUD
NHC,New Hope Corporation Limited,5.625,AUD,0.2673796791443793,347998,0.12053875869858403,4514185851,AUD,Energy minerals,Neutral,Coal,40.27431421446385,4.748603351955305,7.552581261950278,1.5342960288808658,18.42105263157895,2.6222222222222533,5.367155211575087,5.425843194515599,5.373637341094209,5.067240524502389,5.436428571428572,5.474416666666669,1957488.75,AUD
BIS,Bisalloy Steel Group Ltd,4.84,AUD,0,7162,0.12053302456773377,236842180,AUD,Non-energy minerals,No rating,Steel,-2.6156941649899377,-7.101727447216893,9.502262443438912,11.009174311926595,-15.826086956521742,3.689492325855931,4.818414838164323,4.89660264162878,4.690346748349466,4.698196236930365,4.929999999999998,4.595166666666667,34664.08,AUD
TLC,Lottery Corporation Limited,5.28,AUD,-1.492537313432837,395212,0.12018820804579665,11974652154,AUD,Consumer services,Buy,Movies/Entertainment,2.5242718446601917,-2.583025830258297,-6.0498220640569365,-0.3773584905660297,-6.216696269982232,1.7518939393939104,5.449127183608084,5.395035801717116,5.475333479417926,5.419540388985749,5.392857142857139,5.487333333333323,2086719.36,AUD
VHL,Vitasora Health Limited,0.012,AUD,-7.692307692307685,348402,0.12015214402062356,30425555,AUD,Health technology,No rating,Medical specialties,-47.826086956521735,20,-7.692307692307686,-14.285714285714286,-52,10.119047619047622,0.01157842824405417,0.011780836418441652,0.012326539316033901,0.01914064178127577,0.01171428571428572,0.012016666666666679,4180.8240000000005,AUD
CMO,Cosmo Metals Limited,0.005,AUD,0,200000,0.11992348162331544,3470635,AUD,Non-energy minerals,No rating,Other metals/Minerals,-64.51288253338272,-16.666666666666668,-28.571428571428573,-50,-58.333333333333336,7.142857142857176,0.006181965415350759,0.005640447106266399,0.007289472433937379,0.011816891463865078,0.0055714285714285735,0.008099999999999987,1000,AUD
SGH,SGH Limited,41.81,AUD,-0.04781257470713847,128224,0.11970076675368709,16793043760,AUD,Distribution services,Buy,Wholesale distributors,-9.541324102120287,-3.2847559565116695,-4.630474452554747,2.601226993865036,-14.112571898110103,3.1195544469878818,43.360978691340925,42.59998029279933,43.460059118025455,44.26023230801176,42.215714285714235,43.492833333333316,5361045.44,AUD
NIM,Nimy Resources Limited,0.044,AUD,0,22769,0.119652136990635,15706245,AUD,Non-energy minerals,Strong buy,Other metals/Minerals,-33.33333333333334,-4.347826086956526,9.999999999999993,-26.666666666666668,-29.032258064516135,3.2467532467531597,0.043888074670998374,0.04429957808834692,0.04536073904633364,0.05646447205972481,0.04442857142857136,0.04521666666666665,1001.8359999999999,AUD
PXA,PEXA Group Limited,7.88,AUD,0.3821656050955446,57004,0.11944026258251539,1382858579,AUD,Finance,Neutral,Real estate development,-41.36904761904762,-1.745635910224435,1.1553273427471098,-35.9349593495935,-45.73002754820937,2.4247643219727313,7.865739126058635,7.828508059155042,8.729666058416763,11.54504163289476,7.908571428571444,9.095666666666666,449191.52,AUD
SLB,Stelar Metals Limited,0.23,AUD,-4.166666666666659,48773,0.11881572587874867,17352028,AUD,Non-energy minerals,No rating,Other metals/Minerals,233.33333333333334,4.545454545454549,58.62068965517243,100,233.33333333333334,10.869565217391362,0.20352856307455333,0.2193961370796899,0.16954229048483155,0.11247232669713812,0.21857142857142858,0.15483333333333335,11217.79,AUD
AEE,Aura Energy Ltd,0.112,AUD,1.81818181818182,718823,0.11858921492327236,112138581,AUD,Non-energy minerals,Strong buy,Other metals/Minerals,-34.11764705882353,6.666666666666673,11.999999999999996,-6.666666666666662,-25.33333333333333,7.844387755102139,0.10771958697487002,0.10937082014074423,0.10918759304298228,0.13455375040041645,0.1088571428571429,0.10759999999999993,80508.176,AUD
LNQ,Linq Minerals Limited,0.365,AUD,1.3888888888888902,28595,0.11827880044325079,70753764,AUD,Non-energy minerals,Strong buy,Other metals/Minerals,85.27918781725886,-2.666666666666669,30.35714285714284,-2.666666666666669,-22.340425531914892,5.205479452054845,0.342551980747257,0.35536509222388396,0.3342888113366625,0.3106888226262125,0.35499999999999965,0.32278333333333337,10437.175,AUD
TNE,Technology One Limited,33.38,AUD,-0.11968880909634692,74361,0.11826360947578403,11069342253,AUD,Technology services,Buy,Packaged software,21.117561683599433,1.3050075872534133,12.542144302090366,15.103448275862076,37.876910367616695,2.3410083026620154,32.025306504368416,32.93417000372174,30.91881664267691,30.152693160950516,33.241428571428564,30.77133333333334,2482170.18,AUD
RKN,Reckon Limited,0.44,AUD,0,20926,0.11803686296984041,49838449,AUD,Technology services,Strong buy,Packaged software,-22.80701754385964,-9.278350515463915,2.325581395348839,3.529411764705886,-15.384615384615387,4.707792207792188,0.4514559303637886,0.45430760153448796,0.4417736825325229,0.4795365926185699,0.4592857142857145,0.4269500000000002,9207.44,AUD
NGX,NGX Limited,0.082,AUD,0,4436,0.11782173221319465,7430172,AUD,Non-energy minerals,No rating,Other metals/Minerals,-36.92307692307692,-1.2048192771084347,2.500000000000002,-28.695652173913043,-28.695652173913043,1.0452961672476464,0.0855790960161041,0.08340939405723752,0.09178198279723172,0.11582219828120802,0.08314285714285705,0.0930833333333332,363.752,AUD
QAL,Qualitas Limited,3.22,AUD,-2.12765957446808,39290,0.11765484458570612,1003743662,AUD,Finance,Strong buy,Investment managers,-12.021857923497265,-1.8292682926829151,-2.424242424242413,9.152542372881355,-3.3033033033032995,3.8487133984029205,3.214923738763215,3.259679610788511,3.099702582156525,3.0333474777628338,3.284285714285712,3.038666666666663,126513.8,AUD
OBM,Ora Banda Mining Ltd.,1.39,AUD,1.090909090909084,1514005,0.11736412002638529,2533541488,AUD,Non-energy minerals,Strong buy,Precious metals,-9.15032679738563,-1.4184397163120581,34.951456310679596,1.0909090909090837,7.751937984496113,4.599177800616611,1.2609812066013182,1.3294633964101468,1.2217612646332938,1.2229745622344763,1.3578571428571433,1.199916666666667,2104466.9499999997,AUD
CLX,CTI Logistics Limited,2.58,AUD,1.176470588235304,2004,0.11730479931161174,207100796,AUD,Transportation,Strong buy,Air freight/Couriers,14.66666666666667,0.38910505836576775,-0.7692307692307699,33.678756476683944,13.65638766519824,1.550387596899295,2.5603860813757993,2.5693803255326264,2.446461889380158,2.164816506842782,2.5699999999999994,2.371,5170.32,AUD
TRJ,Trajan Group Holdings Ltd,0.19,AUD,-2.5641025641025665,21850,0.11724858094337617,29044093,AUD,Commercial services,Strong buy,Miscellaneous commercial services,-72.6618705035971,-2.564102564102566,-29.629629629629633,-38.70967741935484,-69.6,2.631578947368306,0.2066327519267988,0.19508653742419765,0.24310946768906594,0.44081976924980965,0.1928571428571438,0.2515666666666668,4151.5,AUD
GAS,State Gas Ltd.,0.012,AUD,0,200000,0.11690148863524644,6319058,AUD,Energy minerals,No rating,Integrated oil,-58.62068965517242,-7.692307692307686,-25,-40,-53.84615384615385,4.761904761904706,0.0132635135294767,0.012470449623199237,0.01570160256431963,0.023998041092007018,0.012285714285714289,0.01626666666666666,2400,AUD
REP,RAM Essential Services Property Fund,0.425,AUD,0,75886,0.1166252178865702,217963357,AUD,Finance,Buy,Real estate investment trusts,-26.724137931034477,-1.1627906976744196,-1.1627906976744196,-8.602150537634415,-23.42342342342343,2.7731092436985247,0.4260106358713907,0.42484964370459105,0.4337516394348865,0.49296704002967084,0.42285714285714243,0.4341999999999997,32251.55,AUD
MM1,Midas Minerals Limited,1.177,AUD,1.0300429184549365,130543,0.11628365826359725,269777675,AUD,Non-energy minerals,Strong buy,Precious metals,97.81512605042019,14.271844660194176,52.85714285714286,23.894736842105274,41.80722891566266,5.249423473722524,0.9918242487653458,1.0807275802141858,0.9269497797292128,0.7721395930733038,1.1074285714285714,0.9088666666666664,153649.111,AUD
SIQ,Smartgroup Corporation Ltd,13.09,AUD,-0.45627376425855887,48343,0.1159998886623744,1775248650,AUD,Commercial services,Neutral,Miscellaneous commercial services,42.282608695652186,-0.833333333333329,0.6923076923076912,16.666666666666657,51.680185399768234,2.845683728036646,13.105554453201531,13.176162741645829,12.611123975190242,10.5240611505399,13.232857142857158,12.59666666666667,632809.87,AUD
JGH,Jade Gas Holdings Limited,0.072,AUD,0,1148927,0.1149248789661105,157443233,AUD,Energy minerals,No rating,Integrated oil,124.99999999999999,-1.3698630136986314,-28.00000000000001,10.769230769230758,187.99999999999997,7.142857142857125,0.07753682292873548,0.07290957360169577,0.08073270894842449,0.06047181673375265,0.07200000000000002,0.0874666666666667,82722.74399999999,AUD
MRR,MinRex Resources Limited,0.014,AUD,0,139998,0.11481826305699135,34290455,AUD,Non-energy minerals,No rating,Precious metals,7.6923076923077,-12.5,-12.5,-22.222222222222214,-36.36363636363636,5.102040816326492,0.015023129663319177,0.014747931275162553,0.015571085207560068,0.015399226106991445,0.014857142857142848,0.015566666666666663,1959.972,AUD
PBH,PointsBet Holdings Ltd.,0.885,AUD,0,2754,0.11479926801918978,307614146,AUD,Consumer services,No rating,Movies/Entertainment,-2.2099447513812174,-0.5617977528089892,-6.3492063492063435,-14.903846153846157,0,2.380952380952312,0.9056265804346859,0.8919547892574682,0.9317044950615302,0.9605093347024322,0.89,0.9524999999999998,2437.29,AUD
SMR,Stanmore Resources Ltd,2.585,AUD,-0.19305019305018895,123674,0.11475524528731877,2334578562,AUD,Energy minerals,Buy,Coal,10.944206008583686,4.233870967741935,-4.259259259259267,3.3999999999999986,-1.3358778625954253,3.232937275490349,2.5185452441487928,2.5345111684000794,2.520481461527874,2.506554954855867,2.546428571428572,2.5522499999999986,319697.29,AUD
HZN,Horizon Oil Limited,0.225,AUD,-2.1739130434782625,93269,0.11443612397122024,399257683,AUD,Energy minerals,No rating,Integrated oil,7.1428571428571495,2.2727272727272747,2.2727272727272747,-2.1739130434782625,-6.249999999999995,2.6666666666667678,0.22116765015212775,0.22317060486456827,0.21987046204719776,0.22055630302111653,0.22214285714285678,0.21625000000000003,20985.525,AUD
XRA,Xenora Minerals Limited,0.2,AUD,0,9552,0.1138210607093323,12180074,AUD,Non-energy minerals,No rating,Other metals/Minerals,-9.090909090909086,-4.761904761904753,0,-36.507936507936506,-48.05194805194805,4.999999999999755,0.19711152635797663,0.1949510950359301,0.22434495630120835,0.2658543603592567,0.19857142857142843,0.24433333333333526,1910.4,AUD
WHC,Whitehaven Coal Limited,7.705,AUD,-0.7087628865979345,388312,0.11326960717108929,6272836869,AUD,Energy minerals,Buy,Coal,-0.8365508365508302,2.46010638297873,3.0080213903743265,-5.227552275522763,-4.5229244114002505,2.5725410216002293,7.535526888244546,7.604580385800979,7.7074653349245095,7.825414307184995,7.679285714285713,7.934416666666672,2991943.96,AUD
FFM,FireFly Metals Ltd,1.912,AUD,0.8970976253298102,320800,0.11325690422278792,1429941991,AUD,Non-energy minerals,Buy,Precious metals,-7.184466019417482,0.6315789473684217,13.136094674556212,6.815642458100553,-0.6753246753246817,5.357142857142851,1.8527914330731714,1.8948753191684116,1.8447223622273157,1.7850287800989633,1.930285714285714,1.8619500000000007,613369.6,AUD
TCL,Transurban Group Ltd.,13.97,AUD,-0.7107320540156336,472736,0.11236716482627443,43557766496,AUD,Transportation,Neutral,Other transportation,-1.896067415730334,-4.315068493150679,-4.118050789293066,-2.648083623693373,-1.550387596899217,1.7000715819614907,14.493751847421915,14.322030374007062,14.593816166121446,14.397101790006207,14.33428571428577,14.764666666666669,6604121.92,AUD
PEN,Peninsula Energy Limited,0.29,AUD,0,159268,0.11219808652907949,141495003,AUD,Non-energy minerals,Strong buy,Other metals/Minerals,-54.7661969224605,-1.6949152542372898,-20.547945205479454,-20.547945205479454,-60.30502983864063,7.438423645320793,0.2978359945295791,0.2937256037114439,0.3389056252415233,0.5103995573733989,0.30214285714285716,0.3517499999999999,46187.719999999994,AUD
NHF,NIB Holdings Ltd,7.385,AUD,-0.7392473118279651,97033,0.11174195052136954,3586057282,AUD,Finance,Buy,Multi-line insurance,8.443465491923645,-0.20270270270271037,0.887978142076496,9.407407407407405,11.05263157894736,1.8038495018858944,7.399431417232654,7.406492485553267,7.236952171321319,6.929817597240395,7.379285714285726,7.13291666666667,716588.705,AUD
NYR,"Nyrada, Inc. Shs Chess Depository Interests Repr 1 Shs",0.74,AUD,0.680272108843538,36027,0.11069032517337705,170281090,AUD,Health technology,No rating,Pharmaceuticals: major,-33.92857142857144,0,46.53465346534654,13.84615384615384,8.823529411764698,7.673745173745285,0.6705380138871803,0.7222909745413837,0.5938359050810931,0.5580451932654282,0.7428571428571429,0.53025,26659.98,AUD
KLS,Kelsian Group Limited,4.615,AUD,-1.5991471215351847,25322,0.11037730626542246,1284936089,AUD,Consumer services,Buy,Hotels/Resorts/Cruise lines,8.588235294117652,-2.4312896405919706,9.101654846335691,16.54040404040405,15.95477386934674,2.3990094412630016,4.549273968916557,4.638322964882261,4.412846141304309,4.243783528923435,4.686428571428572,4.380416666666667,116861.03,AUD
BIM,Bindi Metals Ltd.,0.11,AUD,0,5353,0.11031040643604449,10130365,AUD,Non-energy minerals,No rating,Precious metals,20.879120879120883,4.761904761904766,9.999999999999995,-21.428571428571438,15.789473684210526,1.4285714285714153,0.10643500139796444,0.10687235218998102,0.10808670883878185,0.10665185869774632,0.10642857142857146,0.10978333333333334,588.83,AUD
AR9,archTIS Ltd.,0.051,AUD,0,113913,0.11019952932080622,24189321,AUD,Technology services,No rating,Information technology services,-55.65217391304348,-8.928571428571436,-17.74193548387097,-13.559322033898306,-34.61538461538462,4.761904761904866,0.055196038336636784,0.0522850807465688,0.06193276072846218,0.0802350466589866,0.0524285714285715,0.06891666666666667,5809.562999999999,AUD
DMP,Domino's Pizza Enterprises Limited,18.96,AUD,-1.455301455301443,32285,0.11011307693829371,1839036622,AUD,Consumer services,Neutral,Restaurants,-9.843081312410842,-3.9999999999999956,8.4048027444254,15.258358662613993,-12.303422756706752,3.784282700421928,18.795827338364887,19.265245798081082,17.895678811802608,18.59445311687741,19.428571428571423,17.21033333333334,612123.6,AUD
PPL,Pureprofile Ltd.,0.032,AUD,0,100696,0.10957160696463493,39144086,AUD,Commercial services,No rating,Miscellaneous commercial services,-36,-3.030303030303033,14.285714285714286,-3.030303030303033,-28.888888888888886,5.357142857142887,0.0321702318189857,0.03212774328013866,0.03218122905604914,0.03659004339308961,0.03185714285714285,0.031583333333333366,3222.272,AUD
PKO,Peako Ltd,0.007,AUD,0,680330,0.10863595394504937,11945444,AUD,Non-energy minerals,No rating,Other metals/Minerals,133.33333333333334,16.666666666666668,40,16.666666666666668,-12.5,8.16326530612239,0.0062505246879710616,0.006658890188701157,0.005925397970347482,0.005329064482718891,0.006714285714285713,0.005900000000000001,4762.31,AUD
RMX,Red Mountain Mining Ltd,0.01,AUD,0,161541,0.108008881893682,11485449,AUD,Non-energy minerals,No rating,Precious metals,-60.00000000000001,-16.666666666666668,-16.666666666666668,-37.5,-61.53846153846155,9.285714285713967,0.010824726174911928,0.010629018686296836,0.012079093025893849,0.016918611093321843,0.010857142857142869,0.01218333333333333,1615.41,AUD
VGN,Virgin Australia Holdings Limited,2.7,AUD,-0.7352941176470594,85471,0.10776516672640943,2045403026,AUD,Transportation,Buy,Airlines,-23.076923076923066,-3.571428571428559,-6.24999999999999,13.924050632911396,-18.181818181818173,3.425925925925935,2.7902454141440116,2.755134541613465,2.7899265096895287,2.8999630239839482,2.740000000000003,2.8183333333333365,230771.7,AUD
TCF,360 Capital Mortgage REIT,5.75,AUD,0.3490401396160484,1062,0.10764677262406747,51565014.9,AUD,Miscellaneous,No rating,Investment trusts,-0.3466204506065784,0,-0.3466204506065784,-1.5410958904109564,-2.542372881355938,0.4844720496893667,5.7398610043014635,5.7378207788850535,5.749044428081877,5.781858374163921,5.734285714285714,5.756333333333313,6106.5,AUD
RMS,Ramelius Resources Limited,3.645,AUD,-0.6811989100817415,863585,0.10740656899588373,6763022344,AUD,Non-energy minerals,Strong buy,Precious metals,-10.880195599022002,-2.2788203753351195,24.402730375426614,15.714285714285719,-21.274298056155505,3.5567313345090765,3.4180516324568613,3.576189439989847,3.2971054318871937,3.453090009182091,3.6592857142857156,3.166083333333334,3147767.325,AUD
VTA,Vita Resources NL,0.019,AUD,-5.000000000000004,57547,0.10719866802204138,1819127,AUD,Non-energy minerals,No rating,Precious metals,-40.625,-5.000000000000004,-38.70967741935484,-51.282051282051285,-59.57446808510639,7.142857142857206,0.02349287667295906,0.020703020883937242,0.028570247323254878,0.06429940208692363,0.019571428571428563,0.0312833333333334,1093.393,AUD
CCL,Cuscal Limited,5.22,AUD,-0.3816793893129859,67084,0.10704629987038086,1086980675,AUD,Commercial services,Strong buy,Miscellaneous commercial services,17.83295711060948,-2.0637898686679232,4.399999999999995,15.999999999999993,27.317073170731714,3.523535851121965,5.155344764293113,5.257416673218378,5.0021823686239495,4.452384382717008,5.325714285714285,4.98,350178.48,AUD
BGL,Bellevue Gold Limited,1.55,AUD,0,740944,0.10693658866561122,2220590557,AUD,Non-energy minerals,Strong buy,Precious metals,-8.284023668639048,0.6493506493506499,27.57201646090535,2.31023102310232,-13.16526610644257,3.5023041474652796,1.4362188695991003,1.5013373879171934,1.4086814679344153,1.4363386259623392,1.5364285714285721,1.3825000000000005,1148463.2,AUD
SPL,Starpharma Holdings Limited,0.707,AUD,1.0000000000000009,434404,0.10663232993251173,345864837,AUD,Health technology,Strong buy,Pharmaceuticals: major,96.1387738141809,-10.50632911392406,1.0000000000000009,23.00228286669712,59.497466122185465,5.304101838755349,0.7307351147157976,0.7273826488019873,0.709217103036889,0.5463197017062307,0.7260000000000001,0.7070787246666668,307123.62799999997,AUD
NVU,Nanoveu Ltd.,0.067,AUD,-2.898550724637684,140296,0.10547311302431613,75024721,AUD,Electronic technology,No rating,Telecommunications equipment,-19.27710843373494,1.5151515151515165,48.88888888888891,6.349206349206355,-9.45945945945945,5.543710021321895,0.06391924484796142,0.06742108771013584,0.0597404934044121,0.06375647565427639,0.06785714285714287,0.055649999999999956,9399.832,AUD
BUB,Bubs Australia Ltd.,0.091,AUD,0,74364,0.10539282936463744,84048223,AUD,Distribution services,Strong buy,Food distributors,-35.00000000000001,-3.1914893617021303,10.975609756097555,-4.210526315789477,-27.200000000000003,3.924646781789396,0.08879187279894867,0.09097658325693747,0.0878453015202631,0.10668067560671468,0.09142857142857135,0.08493333333333332,6767.124,AUD
8CO,8Common Ltd,0.041,AUD,0,25000,0.10474648208939903,9187892,AUD,Technology services,No rating,Information technology services,10.810810810810821,0,5.128205128205133,105,51.851851851851855,0.5226480836236623,0.03715726831434248,0.03999304307691832,0.03170853711278847,0.029305036349805986,0.04014285714285716,0.02706666666666667,1025,AUD
PVL,Powerhouse Ventures Ltd.,0.13,AUD,-3.703703703703707,20176,0.10390787549183199,21717222,AUD,Finance,No rating,Investment managers,-13.333333333333329,-7.142857142857149,-13.333333333333329,-7.142857142857149,-10.344827586206888,3.7362637362636573,0.14024315397620316,0.13822209714484407,0.13895265290232167,0.12778734642633985,0.13857142857142857,0.13361666666666666,2622.88,AUD
DXN,DXN Ltd.,0.21,AUD,0,462728,0.10390647877985112,79281442,AUD,Technology services,Strong buy,Data processing services,425,16.666666666666668,27.27272727272726,899.9999999999999,707.6923076923076,9.353741496598646,0.18042784370994397,0.1930163127414984,0.15995782777114323,0.09438564542920018,0.19571428571428579,0.16231666666666672,97172.87999999999,AUD
IPX,Iperionx Ltd.,3.43,AUD,-3.107344632768358,199640,0.10249078691814249,1191770056,AUD,Non-energy minerals,Strong buy,Precious metals,-37.74954627949183,-5.5096418732782295,1.1799410029498536,-27.176220806794053,-41.666666666666664,5.789254477301197,3.4400252800274465,3.4397846685333335,3.771082377800845,4.710706065235058,3.517142857142864,4.081499999999997,684765.2000000001,AUD
ARU,Arafura Rare Earths Limited,0.215,AUD,0,3556524,0.10248300570781106,1305179463,AUD,Non-energy minerals,Buy,Other metals/Minerals,-20.370370370370377,2.380952380952383,2.380952380952383,-28.333333333333336,-10.416666666666666,6.544850498339011,0.20768128929512122,0.21016607105469343,0.22466132166940259,0.24957399226293894,0.2157142857142857,0.23166666666666702,764652.66,AUD
PGL,Pilbara Gold Limited,0.52,AUD,7.216494845360831,35588,0.1022943800465597,113497781,AUD,Non-energy minerals,No rating,Precious metals,-0.9523809523809532,-3.703703703703707,4.0000000000000036,-3.703703703703707,-11.111111111111102,6.043956043956148,0.5013113970995213,0.5072455999126315,0.5145719882324039,0.5268050733883325,0.5235714285714285,0.5173333333333338,18505.760000000002,AUD
MGR,Mirvac Group,1.725,AUD,-0.5763688760806921,678337,0.10227950071146945,6982402747,AUD,Finance,Buy,Real estate investment trusts,-15.441176470588232,-3.3613445378151168,0.2906976744186114,2.0710059171597717,-15.441176470588232,1.8716356107661207,1.7639634832436164,1.7632683025161253,1.7511340841834482,1.8663697898254537,1.7657142857142858,1.7332499999999997,1170131.325,AUD
TPG,TPG Telecom Limited,3.565,AUD,-0.9722222222222262,230258,0.1021396413530475,6968754344,AUD,Communications,Neutral,Wireless telecommunications,-6.184210526315786,-1.2465373961218817,-1.2465373961218817,-14.508393285371703,-8.823529411764712,2.1037868162692024,3.5842989218944132,3.580529147253981,3.650124625294399,4.01411631289752,3.5849999999999973,3.643249999999997,820869.77,AUD
KAM,K2 Asset Management Holdings Ltd,0.05,AUD,0,12336,0.10210720263015441,12054260,AUD,Miscellaneous,No rating,Investment trusts,-37.5,-7.407407407407402,-16.66666666666666,-23.076923076923077,-31.506849315068486,1.8571428571427933,0.05451869351641025,0.05239888873864257,0.05954637132747596,0.06672495186417729,0.05214285714285716,0.06275,616.8000000000001,AUD
CIA,Champion Iron Ltd.,3.405,AUD,-1.3043478260869672,325590,0.1010165357811654,1920961028,AUD,Non-energy minerals,Buy,Steel,-43.729372937293725,-2.571428571428567,-15.802469135802463,-28.36134453781512,-34.16988416988416,4.07415165479674,3.5856068732035173,3.4789836750163854,3.867357093201792,4.622538461699816,3.4728571428571438,3.940000000000001,1109573.08,AUD
HAS,Hastings Technology Metals Limited,0.31,AUD,0,27056,0.10089999242951671,70288237,AUD,Non-energy minerals,Neutral,Other metals/Minerals,-39.80582524271845,-4.615384615384619,3.3333333333333366,-27.906976744186046,-39.21568627450981,5.414746543778678,0.3022349570095929,0.3076560017731316,0.32083307264696237,0.40092500742022735,0.31285714285714483,0.32583333333333353,8387.36,AUD
BBC,BNK Banking Corporation Limited,0.26,AUD,-1.8867924528301903,5258,0.10080521472392638,31476706,AUD,Finance,No rating,Regional banks,-10.344827586206888,-3.703703703703707,4.0000000000000036,15.555555555555557,-7.142857142857149,1.0164835164835266,0.25256897154825797,0.25820369167098634,0.2482776858104817,0.26969395753771563,0.26171428571428573,0.2399499999999984,1367.0800000000002,AUD
KNI,Kuniko Ltd.,0.022,AUD,4.761904761904749,190000,0.10063270962415748,5626880,AUD,Non-energy minerals,No rating,Other metals/Minerals,-68.11594202898551,4.761904761904749,-15.384615384615387,-35.29411764705883,-68.11594202898551,3.5714285714291543,0.023440538800789536,0.021969342780720602,0.027274456965824125,0.04960083332506271,0.020857142857142907,0.02801666666666673,4180,AUD
FEX,Fenix Resources Limited,0.265,AUD,0,84481,0.10023971579149579,204231465,AUD,Non-energy minerals,Strong buy,Precious metals,-45.360824742268036,-1.8518518518518534,-5.357142857142861,-13.11475409836065,-36.9047619047619,3.4231805929920784,0.267896920482596,0.2674024760424944,0.27418236326516354,0.3256057178775271,0.2685714285714284,0.27000000000000013,22387.465,AUD
MGL,Magontec Limited,0.245,AUD,-2.0000000000000018,3217,0.09975874323209644,14194027,AUD,Non-energy minerals,No rating,Other metals/Minerals,6.521739130434777,16.666666666666668,22.49999999999999,2.0833333333333353,0,2.623906705539345,0.21658511174037637,0.2206562714431083,0.21909909628965615,0.2291449266131558,0.2178571428571428,0.22291666666666676,788.165,AUD
SKG,Storage King Group,1.155,AUD,-0.858369098712447,232131,0.09968686786095139,1524359468,AUD,Finance,Buy,Real estate investment trusts,-24.013157894736842,-9.411764705882344,-11.153846153846155,-20.890410958904106,-24.262295081967206,2.925170068027251,1.257424744651996,1.2219593645870095,1.3021732141227171,1.381679141202133,1.2249999999999979,1.3255833333333347,268111.305,AUD
CPU,Computershare Limited,39.68,AUD,-1.9520632567333809,228176,0.09921650718899629,23401540928,AUD,Commercial services,Neutral,Miscellaneous commercial services,16.843345111896344,-6.547338671691006,0.7618080243778496,18.44776119402985,26.81367849153084,2.284346198156876,40.85952874778323,40.92528458868732,39.12461348336027,35.635176664296935,40.99571428571422,38.51333333333334,9054023.68,AUD
RHT,Resonance Health Ltd,0.053,AUD,0,19700,0.09920510025002707,25287371,AUD,Health services,No rating,Medical/Nursing services,8.163265306122442,-13.114754098360656,12.765957446808509,17.77777777777778,23.255813953488378,4.177897574124099,0.054655584068923575,0.05574325144023789,0.050379106357243256,0.04612352776607699,0.05614285714285717,0.04740000000000004,1044.1,AUD
CNI,Centuria Capital Group,1.485,AUD,1.712328767123297,256404,0.09909407246979658,1352214386,AUD,Finance,Buy,Investment managers,-25.685434762576065,0.33783783783784566,-13.157894736842097,-10.464379480345862,-28.8855836036188,3.4680134680136394,1.5363682826508644,1.4950937057936364,1.6499489797841131,1.808399669075427,1.4964285714285708,1.778948160666665,380759.94,AUD
KME,Kip McGrath Education Centres Limited,0.72,AUD,0,15375,0.0987873729498006,37793385,AUD,Consumer services,Strong buy,Other consumer services,22.033898305084747,0.6993006993006999,51.578947368421055,32.11009174311925,38.46153846153845,1.1210317460317527,0.6588996084421412,0.7082982012159074,0.5951341439688078,0.5555048435030434,0.7214285714285714,0.557033333333332,11070,AUD
PNR,Pantoro Gold Limited,2.53,AUD,0.7968127490039849,385835,0.09863653369795031,943119183,AUD,Non-energy minerals,Strong buy,Precious metals,-48.36734693877552,-0.3937007874015839,31.088082901554397,-17.320261437908506,-48.577235772357724,4.743083003952328,2.3443576665303483,2.44303233943233,2.441590161743284,3.3467774461195985,2.504285714285714,2.4231666666666665,976162.5499999999,AUD
EMR,Emerald Resources NL,6.585,AUD,0.07598784194528714,121049,0.09852735990237856,4199601550.9999995,AUD,Non-energy minerals,Buy,Precious metals,4.8566878980891675,-0.3782148260211854,27.864077669902905,12.950257289879929,0.22831050228310015,3.5795639440287177,6.046800968702282,6.35668635924121,5.828890383835707,5.675580383285751,6.526428571428577,5.7142500000000025,797107.665,AUD
PE1,Pengana Private Equity Trust,1.42,AUD,-1.730103806228383,32325,0.09846813135663954,381099290,AUD,Miscellaneous,No rating,Investment trusts,7.1698113207547145,0,-8.681672025723474,-24.064171122994658,-4.377104377104388,3.8832997987928044,1.437677123053511,1.4221085061345273,1.5017039771948706,1.510400850627548,1.4150000000000016,1.5580000000000007,45901.5,AUD
CCO,Calmer Co International Limited,0.001,AUD,0,3015000,0.09766141561371842,7042258,AUD,Health technology,No rating,Pharmaceuticals: major,-55.55555555555556,0,-55.55555555555556,-33.333333333333336,-66.66666666666667,14.285714285714294,0.0011927284759636106,0.0010417298716725186,0.0014437126547583712,0.002099627517163773,0.0009999999999999933,0.001514583333333331,3015,AUD
SRH,Saferoads Holdings Limited,0.096,AUD,0,1500,0.0975609756097561,4161260.0000000005,AUD,Distribution services,No rating,Wholesale distributors,-8.571428571428566,10.344827586206906,-1.0309278350515472,-8.571428571428566,-4.0000000000000036,1.190476190476332,0.09628468082778982,0.09466074440162431,0.09703133186627888,0.10585085984008381,0.09228571428571422,0.09688333333333338,144,AUD
MKR,Manuka Resources Ltd,0.081,AUD,1.250000000000001,447921,0.09724610382505147,123771787,AUD,Non-energy minerals,No rating,Precious metals,-10.989010989010984,0,-1.2195121951219523,-26.363636363636363,-37.69230769230769,5.820105820105869,0.07931807272901084,0.07927800133620097,0.08325021742540151,0.08888972510476736,0.08028571428571432,0.08369999999999995,36281.601,AUD
IVR,Investigator Silver Limited,0.049,AUD,0,1043126,0.09676188948895142,125897169,AUD,Non-energy minerals,No rating,Precious metals,-63.70370370370371,-3.9215686274509705,6.5217391304347885,-14.035087719298247,-55.45454545454545,5.685131195335166,0.04686053018059861,0.04834044093592557,0.04894987660775157,0.060766900757304176,0.050000000000000024,0.04871666666666677,51113.174,AUD
KEY,Key Petroleum Limited,0.097,AUD,-3.0000000000000027,10000,0.09675016205652144,3891930,AUD,Energy minerals,No rating,Integrated oil,67.24137931034483,-3.0000000000000027,-7.619047619047613,-37.41935483870968,64.40677966101697,10.162002945507998,0.09845724266936465,0.0992653520020828,0.09814568076668147,1.6505939889367394,0.09914285714285713,0.09016666666666667,970,AUD
ATR,Astron Limited,0.49,AUD,0,8954,0.09559018988862046,202074813,AUD,Non-energy minerals,Strong buy,Other metals/Minerals,-31.944444444444446,2.0833333333333353,-22.83464566929134,-16.94915254237288,-22.222222222222225,6.2682215743442455,0.5129397659094458,0.48739939448669356,0.5453190160351691,0.5999336527644306,0.4699999999999989,0.5547833333333331,4387.46,AUD
PLT,Plenti Group Ltd.,0.89,AUD,2.2988505747126458,18780,0.0950658399279565,155815628,AUD,Finance,Strong buy,Finance/Rental/Leasing,-20.535714285714292,10.559006211180119,24.47552447552448,7.878787878787886,-8.247422680412368,2.5441412520063382,0.8105067862192603,0.8406343389961531,0.7924592342934678,0.8931518963758281,0.8407142857142844,0.7712500000000017,16714.2,AUD
HIT,Hitech Group Australia Limited,1.3,AUD,0,500,0.09488566277635449,54989997,AUD,Commercial services,No rating,Personnel services,-19.999999999999996,-0.38314176245209913,38.29787234042554,44.44444444444444,-21.6867469879518,1.8296703296703136,1.2189549982134773,1.28991681940108,1.1331302938635324,1.3439591928559025,1.3135714285714264,1.018833333333334,650,AUD
CSX,CleanSpace Holdings Ltd.,0.375,AUD,4.1666666666666705,5632,0.09463939734599673,29364999,AUD,Health technology,No rating,Medical specialties,-44.85294117647059,-10.71428571428571,0,-6.250000000000005,-35.34482758620689,4.000000000000107,0.3918187314715713,0.386127377353269,0.40150930731254464,0.49344263388101994,0.3892857142857148,0.390500000000001,2112,AUD
CP8,Canadian Phosphate Limited,0.105,AUD,0,11717,0.09419764381279777,47679573,AUD,Process industries,No rating,Chemicals: agricultural,30.944424816637262,-4.545454545454549,-22.222222222222232,-40.347542037513215,51.23158683415253,2.85714285714286,0.11800941932041274,0.11420847963250406,0.1247132396921402,0.09894650748135395,0.11428571428571425,0.13990232883333337,1230.2849999999999,AUD
GC1,Glennon Small Companies Ltd,0.44,AUD,0,3087,0.09416264790124361,21425932,AUD,Miscellaneous,No rating,Investment trusts,-6.38297872340425,7.317073170731714,6.024096385542174,11.392405063291134,-4.347826086956525,1.0227272727272736,0.4099378268211401,0.41968146035445947,0.40480939032782287,0.43829480797009784,0.41999999999999965,0.39633333333333337,1358.28,AUD
VEE,Veem Ltd.,0.51,AUD,-1.9230769230769247,4298,0.09371838258381886,77043418,AUD,Producer manufacturing,Strong buy,Industrial machinery,-33.333333333333336,-3.7735849056603805,-10.526315789473676,0.990099009900991,-12.820512820512814,4.131652661064264,0.5347048656596779,0.5239782874537822,0.5413733339245801,0.6624043108512387,0.5188571428571428,0.5389500000000003,2191.98,AUD
WRX,Western Ridge Resources Limited,0.024,AUD,4.347826086956526,46584,0.09361907542923313,3631794,AUD,Distribution services,No rating,Wholesale distributors,-33.33333333333333,9.090909090909099,4.347826086956526,-19.999999999999996,-36.84210526315789,4.4642857142855945,0.0231196541914841,0.023378539956752434,0.023810890405144478,0.03367263329326147,0.023000000000000048,0.022983333333333304,1118.016,AUD
SEK,Seek Limited,14.92,AUD,-1.1265738899933726,238044,0.09306062228456392,5419318943,AUD,Technology services,Buy,Internet software/Services,-35.9106529209622,-8.128078817733982,4.117236566643404,7.106963388370426,-7.616099071207422,4.411623898889144,14.679035759800255,14.924666311733107,14.236541305707133,16.832297097301147,15.06,13.695500000000056,3551616.48,AUD
LNW,"Light & Wonder, Inc. Shs Chess Depository Interests Repr 1 Sh",134.54,AUD,-2.4365482233502633,24969,0.09277662158441469,10460967372,AUD,Consumer services,Strong buy,Casinos/Gaming,-13.200000000000006,6.271721958925749,21.207207207207198,20.039257673090646,-4.965741329377694,4.145607254348224,123.68489125722843,129.8524820567762,119.22208550026801,126.27999646752552,131.7957142857143,117.14083333333336,3359329.26,AUD
PL8,Plato Income Maximiser Ltd.,1.445,AUD,1.0489510489510576,57848,0.09267187622902615,1070549479.9999999,AUD,Miscellaneous,No rating,Investment trusts,-2.0338983050847474,1.0489510489510576,1.0489510489510576,4.710144927536245,0.34722222222223026,1.2753336628767948,1.4281192993375338,1.4350495265396281,1.4125795081647463,1.3993075151279497,1.4342857142857157,1.402,83590.36,AUD
AR1,Austral Resources Australia Limited,0.067,AUD,0,766127,0.09262798282333175,175220524,AUD,Non-energy minerals,Strong buy,Other metals/Minerals,17.543859649122812,-1.4705882352941189,3.0769230769230798,-20.238095238095237,-26.37362637362637,7.356076759061864,0.0665135248127088,0.06696625197069926,0.0696873194650395,0.09839024176366312,0.06771428571428573,0.07166666666666663,51330.509000000005,AUD
AVW,Avira Resources Ltd,0.007,AUD,-12.5,100578,0.09171742701329832,4600000,AUD,Non-energy minerals,No rating,Precious metals,-36.36363636363636,-12.5,-12.5,-22.222222222222214,-30,5.102040816326617,0.007837534319184322,0.007576100867016371,0.008543695966112616,0.011142589514967438,0.007428571428571429,0.008816666666666672,704.046,AUD
AXL,Axel REE Ltd.,0.065,AUD,8.333333333333341,10000,0.0916020185420806,10557269,AUD,Non-energy minerals,No rating,Other metals/Minerals,-30.851063829787233,14.035087719298247,-18.75,-8.450704225352101,-27.777777777777775,2.8571428571426627,0.062285423689416926,0.06110657888354287,0.06475784561438548,0.08897107843288388,0.05928571428571428,0.06409999999999995,650,AUD
NEU,Neuren Pharmaceuticals Limited,23.05,AUD,0.43572984749455956,71437,0.0915653656635198,2972849909,AUD,Health technology,Strong buy,Pharmaceuticals: generic,23.858140784524455,1.5418502202643234,31.413911060433303,82.64659270998418,76.35807192042846,3.827083978927885,20.82385313008136,22.51987161397198,18.143377206426123,15.915033125440026,23.28142857142856,16.607166666666703,1646622.85,AUD
ASG,Autosports Group Ltd,1.565,AUD,-0.3184713375796252,17626,0.09104037883045189,336596399,AUD,Retail trade,Strong buy,Specialty stores,-60.17811704834606,-6.006006006006011,-5.836341756919373,-31.359649122807014,-55.6657223796034,3.318119580100546,1.6033929418101733,1.5889936764698103,1.710851092285952,2.361434270550467,1.5935714285714286,1.6908333333333374,27584.69,AUD
ILU,Iluka Resources Limited,7.14,AUD,-0.5571030640668528,181956,0.09099012443408085,3052804814,AUD,Non-energy minerals,Buy,Other metals/Minerals,23.316062176165797,-2.8571428571428568,14.606741573033695,-7.632600258732221,29.818181818181813,3.396358543417351,6.84310667020043,7.064200032264014,6.871731400910497,6.725660537031218,7.2500000000000115,7.007000000000001,1299165.8399999999,AUD
IGL,IVE Group Ltd.,2.89,AUD,0.6968641114982584,8543,0.09074753320310218,448159664,AUD,Commercial services,Strong buy,Commercial printing/Forms,-3.9867109634551388,-0.6872852233676982,2.846975088967974,7.434944237918223,-7.667731629392964,2.3356401384083005,2.8653129618712705,2.8973057520938568,2.7954497019511653,2.747395194558074,2.910000000000003,2.735499999999999,24689.27,AUD
ROG,Red Sky Energy Limited,0.001,AUD,0,2385539,0.09008429981545236,15855571,AUD,Energy minerals,No rating,Integrated oil,-58.333333333333336,0,0,-50,-37.5,14.285714285714379,0.001005671780391938,0.0010000212820796912,0.001099694303472253,0.0018543314513379927,0.0010000000000000002,0.0011333333333333345,2385.539,AUD
ARC,ARC Funds Limited,0.06,AUD,-1.6393442622950833,12641,0.08989698932913287,5490286.7,AUD,Miscellaneous,No rating,Investment trusts,-50,-14.285714285714297,-20,-20,-40.00000000000001,2.261904761904701,0.06856576679494855,0.0660637113610539,0.0739640787580121,0.10568683652333233,0.0665714285714286,0.07285000000000004,758.4599999999999,AUD
IG6,International Graphite Limited,0.04,AUD,2.5641025641025665,38920,0.0898581294363411,10266338,AUD,Producer manufacturing,No rating,Electrical products,-34.42622950819672,2.5641025641025665,-9.090909090909085,2.5641025641025665,-36.507936507936506,6.07142857142846,0.03978396420109821,0.03922644824486768,0.04215792623071997,0.051844662910541364,0.03885714285714282,0.043649999999999994,1556.8,AUD
ONE,Oneview Healthcare PLC Chess Depository Interests repr 1,0.165,AUD,-1.1976047904191627,9573,0.08984851613387644,126592937,AUD,Technology services,Strong buy,Packaged software,-58.22784810126582,3.1250000000000027,-2.9411764705882377,3.1250000000000027,-41.07142857142858,3.5064935064935217,0.1636115373584693,0.16377981523578258,0.1656765899744446,0.20790894312394675,0.1624285714285714,0.16378333333333325,1579.545,AUD
OSX,Osteopore Ltd.,0.004,AUD,0,284740,0.08959843199911995,2774372,AUD,Health technology,No rating,Medical specialties,-33.333333333333336,-20,-20,-42.857142857142854,-55.55555555555556,8.928571428571493,0.004358526337555376,0.00422664695392082,0.004807337484858284,0.008805695063483124,0.004285714285714288,0.004983333333333334,1138.96,AUD
AX1,Accent Group Ltd,0.68,AUD,0,87095,0.08958269348144092,405665367,AUD,Distribution services,Buy,Wholesale distributors,-28.042328042328034,-4.2253521126760445,-8.108108108108102,21.428571428571427,-24.86187845303867,3.056722689075942,0.6985108900576837,0.6883798565876483,0.6982569515802832,0.8671649606451279,0.6864285714285708,0.6895000000000007,59224.600000000006,AUD
RFT,Rectifier Technologies Ltd,0.006,AUD,0,84643,0.08902465087671028,8296684.000000001,AUD,Producer manufacturing,No rating,Electrical products,100,0,0,50,50,1.1904761904761585,0.005937027200068745,0.005998266248856018,0.0055465228552538885,0.0055807334992965954,0.006,0.005316666666666666,507.858,AUD
INA,Ingenia Communities Group,4.26,AUD,0.4716981132075371,50808,0.08869182697343145,1748532135,AUD,Finance,Strong buy,Real estate investment trusts,-18.076923076923084,-3.1818181818181945,2.158273381294961,11.518324607329841,-7.592190889370944,3.0097250167672107,4.325036983973792,4.312321323407587,4.271617755677083,4.469148182716554,4.302857142857142,4.220166666666667,216442.08,AUD
AM5,Antares Metals Limited,0.006,AUD,0,334165,0.08865114170063856,5136617,AUD,Non-energy minerals,No rating,Precious metals,-14.285714285714286,0,0,-14.285714285714286,-33.33333333333333,9.52380952380947,0.006723370483528962,0.006699095563830636,0.006832942774759896,0.008173278136313732,0.007,0.006833333333333336,2004.99,AUD
X2M,X2M Connect Limited,0.002,AUD,0,715147,0.08832349593310679,3892596,AUD,Technology services,No rating,Information technology services,-75,0,-60,-50,-71.42857142857143,14.285714285714334,0.002961246206201845,0.0023117853422272095,0.0037306542692344645,0.008952968538175454,0.0020000000000000026,0.003966666666666685,1430.294,AUD
AUB,AUB Group Limited,29.27,AUD,-0.6112054329371808,31517,0.08766654613223562,3775510926,AUD,Finance,Strong buy,Insurance brokers/Services,-4.189852700491002,-0.1023890784982974,0.23972602739726126,16.986410871302958,13.098918083462136,2.8551905900726116,28.941702559326284,29.15753816772472,28.299651334488424,28.36948297419922,29.21714285714288,28.183333333333312,922502.59,AUD
BSA,BSA Limited,0.292,AUD,-2.666666666666669,15973,0.08758294005177189,19578066,AUD,Industrial services,No rating,Engineering & construction,94.66666666666667,10.188679245283005,-11.515151515151524,-8.750000000000007,10.188679245283005,6.555772994129248,0.2883976860897599,0.2807753099150658,0.3005006427145473,0.2853587763445872,0.2724285714285717,0.3060333333333333,4664.116,AUD
SNG,Siren Gold Ltd,0.047,AUD,-4.081632653061227,13947,0.08731707988946222,14400567,AUD,Non-energy minerals,No rating,Precious metals,-52.525252525252526,-4.081632653061228,-4.081632653061228,-27.692307692307697,-52.04081632653062,3.0395136778117045,0.04723720453983956,0.04749332320155325,0.05112738492604107,0.06984256090516346,0.04842857142857138,0.04994999999999995,655.509,AUD
IME,ImExHS Ltd,0.31,AUD,0,1629,0.08691105621742162,16862670,AUD,Technology services,Strong buy,Packaged software,-22.500000000000004,-3.1250000000000027,0,-12.676056338028165,-31.111111111111114,2.188940092165988,0.32333083826709574,0.31633459280733184,0.3431217324441509,0.3516729232413079,0.3150000000000002,0.3621666666666663,504.99,AUD
KRR,King River Resources Limited,0.086,AUD,-3.370786516853936,419683,0.08631020308541963,129362719,AUD,Non-energy minerals,No rating,Other metals/Minerals,616.6666666666666,24.63768115942027,65.38461538461537,230.76923076923077,152.9411764705882,7.973421926910279,0.07082240548487506,0.07999745739971094,0.05773736963234108,0.035821555723768224,0.08385714285714292,0.050033333333333305,36092.738,AUD
MAQ,Macquarie Technology Group Limited,63.08,AUD,-0.8176100628930866,3774,0.08617736919261806,1646941587,AUD,Communications,Buy,Specialty telecommunications,-5.850746268656719,1.741935483870965,-4.928409947249429,-14.768274557492239,-2.7293754818812586,2.8314385360992,63.51531099641764,63.108483304946674,65.8458016656208,67.63567234357457,62.912857142857156,68.41633333333336,238063.91999999998,AUD
CYC,Cyclopharm Limited,0.505,AUD,-1.9417475728155356,5810,0.08577063662184745,64753083,AUD,Health technology,Strong buy,Medical specialties,-48.205128205128204,-7.339449541284409,-15.833333333333329,-36.875,-35.668789808917204,5.304101838756341,0.5413342075603429,0.5316145472657179,0.5677815841023999,0.7387450658874729,0.532142857142858,0.5616666666666668,2934.05,AUD
MNC,Merino & Co Limited,0.085,AUD,6.250000000000005,2097,0.08523593322575523,6283758,AUD,Process industries,No rating,Textiles,-31.999999999999996,6.250000000000005,-5.555555555555546,-57.5,-26.08695652173913,3.1092436974789406,0.10126086880163851,0.08931467717842063,0.11298908006847964,0.9206943519055295,0.08514285714285719,0.1146333333333332,178.245,AUD
AYA,Artrya Limited,4.88,AUD,-1.4141414141414197,49780,0.08489365355988013,783854944,AUD,Technology services,Strong buy,Packaged software,2.7368421052631557,9.417040358744392,-10.786106032906762,1.6666666666666683,46.98795180722892,6.7622950819671415,4.812012134093513,4.751358204828864,4.9072379038414145,4.07065281767922,4.768571428571429,5.058666666666667,242926.4,AUD
NXN,Nexsen Limited,0.24,AUD,4.3478260869565135,21521,0.08487801915267118,48047086,AUD,Health technology,No rating,Biotechnology,45.45454545454544,0,-11.11111111111112,6.666666666666661,29.729729729729726,6.0416666666667185,0.24846358511566,0.23761006382572816,0.24766661562019812,0.20386545589348423,0.23314285714285715,0.2521166666666666,5165.04,AUD
NXT,Nextdc Limited,14.855,AUD,0.3038487508440238,125382,0.0846561175222607,11302171112,AUD,Technology services,Buy,Data processing services,20.626928721462562,2.6606772633033846,12.45268735806207,1.9560741249142082,7.5376236899847076,2.4667019281627853,14.237413997698422,14.545146105822235,14.13164014367597,13.989387190668412,14.646428571428562,14.360250000000002,1862549.61,AUD
ICE,iCetana Ltd.,0.038,AUD,5.555555555555561,20000,0.08459793141138112,23915732,AUD,Technology services,No rating,Packaged software,-26.923076923076923,18.749999999999996,15.151515151515143,2.7027027027027053,-5.000000000000004,2.8195488721803574,0.034104209182701316,0.03468446938289641,0.03486252307650616,0.041668410321616514,0.034142857142857176,0.034800000000000005,760,AUD
NTU,Northern Minerals Limited,0.027,AUD,3.84615384615385,936715,0.08452040020179181,248148017,AUD,Non-energy minerals,Strong buy,Other metals/Minerals,-9.999999999999998,0,0,-6.896551724137937,-3.5714285714285747,4.232804232804234,0.02649757167955469,0.02646995899593952,0.026596769584161687,0.028198039119141052,0.02657142857142856,0.027083333333333348,25291.305,AUD
EVZ,EVZ Limited,0.58,AUD,0,8160,0.08446986361636603,70471759,AUD,Producer manufacturing,No rating,Industrial machinery,163.63636363636363,-0.8547008547008556,-4.9180327868852505,12.62135922330096,96.61016949152541,3.965517241379314,0.5821627040397063,0.5854315471364846,0.5762732312032548,0.4273025817539176,0.5885714285714286,0.6151166666666666,4732.799999999999,AUD
AMH,AMCIL Limited,0.89,AUD,0,11257,0.08394031043821658,276779360,AUD,Miscellaneous,No rating,Investment trusts,-11.44278606965173,-3.783783783783787,-3.783783783783787,2.2988505747126458,-7.291666666666662,1.5650080256821175,0.9102367977746213,0.9022149062820324,0.9121737696840634,0.9533502542163185,0.9021428571428567,0.907666666666667,10018.73,AUD
PRU,Perseus Mining Limited,5.6,AUD,-1.0600706713781005,377007,0.08360250289271487,7299223083,AUD,Non-energy minerals,Buy,Precious metals,1.6333938294010864,0,19.148936170212753,5.065666041275789,-1.75438596491229,2.825255102040712,5.304450430286397,5.494508882985612,5.1858020023388525,5.0955824576649835,5.604285714285709,5.098333333333333,2111239.1999999997,AUD
RDM,Red Metal Limited,0.135,AUD,0,22300,0.08277303781502934,50367798,AUD,Non-energy minerals,No rating,Other metals/Minerals,0,-9.999999999999991,3.8461538461538494,8.000000000000007,-12.903225806451607,5.555555555555704,0.13783953284341677,0.136067000407548,0.14092137707681332,0.14119112899325234,0.13642857142857132,0.14265000000000003,3010.5,AUD
OMA,Omega Oil & Gas Limited,0.532,AUD,-0.5607476635514024,94820,0.08252512612453758,273074833,AUD,Energy minerals,Strong buy,Oil & gas production,28.192771084337362,3.3009708737864107,-14.19354838709677,-33.081761006289305,-0.5607476635514024,5.706229860365199,0.5444850889857126,0.5261372836780149,0.5933508330463148,0.5763598635153474,0.5202857142857139,0.6088666666666668,50444.240000000005,AUD
SET,Solaris Australian Equity Income Plus Ltd.,2.17,AUD,0.46296296296295303,11761,0.08215714011281675,202522736,AUD,Finance,No rating,Financial conglomerates,5.853658536585372,0,-0.4587155963302858,4.3269230769230695,5.853658536585372,1.4154048716260688,2.1602133177013694,2.1627207108544524,2.1463230834315445,,2.162857142857143,2.1413333333333338,25521.37,AUD
OMH,OM Holdings Ltd.,0.225,AUD,0,2500,0.08208482317287392,171972849,AUD,Miscellaneous,No rating,Miscellaneous,-15.094339622641511,2.2727272727272747,-2.1739130434782625,-13.461538461538463,-21.05263157894736,1.1111111111109022,0.22750406150108676,0.2267179684667417,0.2331788542512269,0.2604007338907185,0.22714285714285748,0.234616666666666,562.5,AUD
MPL,Medibank Private Ltd.,5.015,AUD,-0.6930693069306959,478590,0.08201537194859726,14017876575,AUD,Finance,Neutral,Life/Health insurance,4.697286012526089,-3.3718689788054084,-1.666666666666666,4.916317991631787,9.021739130434783,1.5809713715996536,5.12710894285542,5.11047094554696,5.041090637927188,4.797194373841414,5.1092857142857175,5.003583333333335,2400128.8499999996,AUD
SNS,SenSen Networks Ltd.,0.035,AUD,0,30000,0.0816399839985632,29047631,AUD,Technology services,Strong buy,Information technology services,-61.1111111111111,0,34.615384615384635,16.666666666666682,-30,1.6326530612244854,0.031316354996989926,0.033483960605070064,0.030921480856263978,0.04416283982944441,0.03428571428571429,0.028883333333333393,1050,AUD
COD,Coda Minerals Ltd,0.125,AUD,4.1666666666666705,17681,0.08163610180110992,48959531,AUD,Non-energy minerals,No rating,Other metals/Minerals,-28.57142857142857,8.69565217391304,13.636363636363637,-13.793103448275858,-26.47058823529412,5.542857142857105,0.11750737689732338,0.11845396126123309,0.12102428546944236,0.1293586047106798,0.11785714285714287,0.12294999999999999,2210.125,AUD
FIN,Fin Resources Limited,0.004,AUD,0,326604,0.08160080326587099,6657179,AUD,Non-energy minerals,No rating,Other metals/Minerals,-63.63636363636363,33.333333333333336,-33.333333333333336,-66.66666666666667,-66.66666666666667,5.357142857143363,0.004202748767084412,0.0037940058938070575,0.005585652430889338,0.008239937575765535,0.003428571428571429,0.006116666666666664,1306.416,AUD
GT1,Green Technology Metals Limited,0.018,AUD,0,144063,0.08155061362360509,21618491,AUD,Non-energy minerals,No rating,Other metals/Minerals,-56.20525332584606,5.882352941176455,5.882352941176455,-14.285714285714297,-29.25462674741073,7.5396825396824925,0.01682144148396935,0.01720720773683898,0.01801958391893337,0.026654902295489193,0.017571428571428568,0.018249999999999978,2593.134,AUD
MMR,MEC Resources Ltd,0.002,AUD,0,136575,0.08042275961447246,3743980,AUD,Energy minerals,No rating,Integrated oil,-60,0,0,-50,-66.66666666666667,10.71428571428599,0.002150145883950646,0.0020026533927022835,0.002861039835393314,0.004241294838774501,0.002000000000000019,0.0034333333333333364,273.15000000000003,AUD
CHC,Charter Hall Group,22.78,AUD,-0.34995625546805903,65204,0.0802549291596766,10992454643,AUD,Finance,Buy,Real estate investment trusts,-6.8302658486707495,-3.5154595510376887,2.98372513562387,17.060637204522095,-10.70168561348491,2.2842719177222692,23.21472598804248,23.257792380660586,22.66738990574885,21.68947723865055,23.347142857142863,22.467166666666692,1485347.12,AUD
SLD,Saluda Medical Inc CHESS Depository Interest,0.615,AUD,4.237288135593224,40758,0.0798500563346673,157514881.25,AUD,Health technology,Strong buy,Medical specialties,-57.731958762886606,-3.9062500000000036,16.037735849056595,24.242424242424242,-36.26943005181347,8.339140534262484,0.558233041448531,0.5975247781252925,0.5283726264833137,,0.6207142857142857,0.476083333333333,25066.17,AUD
TLM,Talisman Mining Limited,0.068,AUD,3.030303030303033,12000,0.07934860088579489,11487541,AUD,Non-energy minerals,No rating,Precious metals,-49.629629629629626,-12.820512820512814,3.030303030303033,-9.333333333333325,-38.18181818181817,5.147058823529354,0.0709749338817353,0.06991772526761172,0.07341197407156295,0.09664670890506133,0.07100000000000001,0.07325000000000002,816.0000000000001,AUD
AV1,Adveritas Limited,0.07,AUD,0,19609,0.07910746415575404,64866104.00000001,AUD,Technology services,Strong buy,Packaged software,-48.148148148148145,-6.6666666666666545,-12.499999999999995,-18.604651162790685,-33.33333333333333,3.8775510204080788,0.07386861784115187,0.0721599542429065,0.07723471196315955,0.09598925663578803,0.0722857142857143,0.07750000000000018,1372.63,AUD
WOR,Worley Limited,10.925,AUD,0.6912442396313463,117787,0.07883441760469118,5246712688,AUD,Industrial services,Buy,Engineering & construction,-12.319422150882824,0.1374885426214534,0.7841328413284212,-11.824051654560128,-17.484894259818727,1.7848970251718226,10.875412033719341,10.879872011018739,11.141418106287253,12.031005654015297,10.91642857142855,11.487250000000007,1286822.975,AUD
BVR,Bellavista Resources Ltd,0.37,AUD,-2.6315789473684235,92265,0.07862253556292466,77750720,AUD,Non-energy minerals,No rating,Other metals/Minerals,-51.31578947368421,0,1.3698630136986314,-22.105263157894733,-56.470588235294116,7.316602316602753,0.3681848689410906,0.3709472036936149,0.3871821876413711,0.4778713167817026,0.3707142857142866,0.3748333333333332,34138.05,AUD
KTK,KTEK Aerosystems Ltd.,0.22,AUD,-2.222222222222224,23817,0.07842041005014007,29504999,AUD,Industrial services,No rating,Engineering & construction,9.999999999999995,-8.33333333333333,-18.518518518518523,-38.888888888888886,9.999999999999995,9.090909090909225,0.23869280938849252,0.22501402959371908,0.2902458804370256,,0.22457142857142845,0.31703333333333333,5239.74,AUD
GED,Golden Deeps Limited,0.054,AUD,0,25000,0.07815477208349056,10716335,AUD,Non-energy minerals,No rating,Other metals/Minerals,-12.903225806451614,28.571428571428562,17.39130434782609,45.94594594594595,7.999999999999994,3.9682539682540283,0.044879087579234686,0.04704392778216012,0.04401940596132051,0.04685300590924042,0.04628571428571428,0.04176666666666691,1350,AUD
WPR,Waypoint REIT Ltd.,2.46,AUD,-0.40485829959515096,70888,0.07788507863714297,1613091681,AUD,Finance,Buy,Real estate investment trusts,-3.9062500000000036,-0.8064516129032265,1.2345679012345598,0.8196721311475418,-3.1496062992126013,1.6695702671310833,2.48043498596569,2.482688635048786,2.464295279940264,2.484005743451342,2.4871428571428553,2.448999999999997,174384.48,AUD
PTR,PTR Minerals Limited,0.13,AUD,0,45498,0.0771084059653007,47431771,AUD,Non-energy minerals,No rating,Other metals/Minerals,-53.57142857142857,31.31313131313131,56.626506024096386,23.809523809523817,-44.680851063829785,4.560439560439555,0.10192603273245664,0.11299905447144971,0.09923035313177177,0.15588380595971563,0.11457142857142855,0.09671666666666652,5914.74,AUD
SVY,Stavely Minerals Ltd,0.019,AUD,0,67631,0.07666901140608978,17554414,AUD,Non-energy minerals,No rating,Other metals/Minerals,5.555555555555561,18.749999999999996,11.764705882352931,46.15384615384615,35.71428571428571,3.0075187969926014,0.01697081476040695,0.017427489724148267,0.016328336459223873,0.01583275746098226,0.017285714285714286,0.016099999999999996,1284.989,AUD
STK,Strickland Metals Ltd,0.081,AUD,1.250000000000001,248190,0.07660649552954385,200618619,AUD,Non-energy minerals,Strong buy,Precious metals,-58.46153846153846,-1.2195121951219523,-5.813953488372083,-22.857142857142854,-65.53191489361701,5.2910052910058685,0.08215265166679751,0.08021963089379557,0.09330607574797353,0.13623663043323117,0.07957142857142885,0.09168333333333328,20103.39,AUD
GBM,GBM Resources Limited,0.019,AUD,0,1056522,0.07649537008109354,93259586,AUD,Non-energy minerals,Strong buy,Precious metals,-36.666666666666664,-5.000000000000004,18.749999999999996,-17.39130434782609,-44.117647058823536,7.518796992481203,0.01870753004789391,0.01913968434292963,0.019227949992950945,0.024469423800522673,0.01942857142857143,0.018883333333333353,20073.917999999998,AUD
IAG,Insurance Australia Group Ltd,8.015,AUD,-1.414514145141454,502211,0.0764605735470967,19030937253,AUD,Finance,Buy,Property/Casualty insurance,0.8176100628930867,-4.469606674612634,-3.3172496984318287,-1.2931034482758457,16.497093023255825,2.4864094109259036,8.277421795800274,8.178188801453604,8.18981776820543,7.888838871769183,8.099285714285715,8.129583333333333,4025221.1650000005,AUD
RAD,Radiopharm Theranostics Limited,0.011,AUD,0,823807,0.07616731896514439,47713042,AUD,Health services,Strong buy,Medical/Nursing services,-56,-15.384615384615387,-42.10526315789474,-47.61904761904763,-52.17391304347826,12.987012987012797,0.013700957967653643,0.012027361014401432,0.01631960965909181,0.020551212123419652,0.011857142857142849,0.017849999999999967,9061.876999999999,AUD
VKA,Viking Mines Limited,0.009,AUD,0,589409,0.07557421583043313,25126433,AUD,Non-energy minerals,No rating,Precious metals,12.49999999999999,-18.181818181818183,-10.000000000000009,-10.000000000000009,-18.181818181818183,11.904761904761914,0.009523322023583115,0.009364099280430464,0.010008208552112166,0.0106392300999799,0.009428571428571435,0.010050000000000019,5304.681,AUD
ECL,Excelsior Capital Ltd,0.955,AUD,3.2432432432432337,6199,0.07525058237565566,27254800,AUD,Distribution services,No rating,Wholesale distributors,-78.04597701149424,1.5957446808510654,2.13903743315507,5.524861878453031,-77.73892773892774,0.41136873597592255,0.9347762855956007,0.9411465967191007,1.010053359081931,2.0345461538999596,0.9414285714285714,0.9153333333333317,5920.045,AUD
I88,Infini Resources Ltd.,0.12,AUD,0,14761,0.07505378235775959,12443833,AUD,Non-energy minerals,No rating,Other metals/Minerals,-58.62068965517242,4.3478260869565135,4.3478260869565135,-25.000000000000004,-22.580645161290324,7.559523809523873,0.11760669343750801,0.11834887581322656,0.12441037058898773,0.17342479466847507,0.11785714285714287,0.1271666666666667,1771.32,AUD
BXB,Brambles Limited,19.445,AUD,-0.790816326530618,229897,0.07417023028785878,26126283168,AUD,Transportation,Buy,Air freight/Couriers,-15.456521739130435,-3.8328387734915856,1.434533124673962,10.107587768969422,-19.315352697095438,1.823825441722124,19.67784108629053,19.741370984494473,19.56890568447135,20.974550484834868,19.81928571428569,18.91808333333337,4470347.165,AUD
CKF,Collins Foods Limited,8.125,AUD,-0.06150061500615967,17681,0.07410487174253534,966476005,AUD,Consumer services,Buy,Restaurants,-23.2766761095373,-0.9146341463414548,1.6896120150187708,0.3086419753086464,-21.039844509232257,2.0395604395603275,8.121695530674335,8.145595953282722,8.175233597955666,8.870438617151958,8.157857142857141,8.200083333333339,143658.125,AUD
YUG,Yugo Metals Limited,0.051,AUD,-5.555555555555561,25000,0.07374755268746407,22307432,AUD,Non-energy minerals,No rating,Precious metals,-12.06896551724139,-8.928571428571436,8.510638297872333,-39.28571428571429,1.9999999999999878,6.582633053221398,0.05294862431736988,0.05316674371661248,0.05827762348833243,0.05927010572386745,0.05457142857142853,0.06589999999999999,1275,AUD
PNT,Panther Metals Ltd.,0.006,AUD,0,92950,0.0733599918045169,2450236,AUD,Non-energy minerals,No rating,Other metals/Minerals,-33.33333333333333,0,0,-14.285714285714286,-33.33333333333333,3.5714285714286342,0.006243105617054933,0.006032496046495507,0.006934432057683206,0.009624793966641435,0.0058571428571428585,0.007333333333333342,557.7,AUD
MGH,MAAS Group Holdings Ltd.,5.73,AUD,-0.17421602787456072,156741,0.07303979977324908,2027079763,AUD,Distribution services,Strong buy,Wholesale distributors,5.524861878453052,6.703910614525145,-1.8835616438356066,18.144329896907234,32.94663573085849,4.1760159561206756,5.46156629563366,5.541924476775188,5.348758145662573,4.965299343612936,5.534285714285713,5.35366666666667,898125.93,AUD
IMB,Intelligent Monitoring Group Limited,0.65,AUD,-1.5151515151515165,46310,0.07287496538006391,263563274.99999997,AUD,Commercial services,Strong buy,Miscellaneous commercial services,-8.450704225352105,0.7751937984496131,6.557377049180334,11.111111111111121,-7.1428571428571335,2.307692307692566,0.6315503993818422,0.6416212800728215,0.6113540741327481,0.5907966144014791,0.645714285714287,0.6015666666666657,30101.5,AUD
SUH,Southern Hemisphere Mining Limited,0.034,AUD,-2.8571428571428594,22000,0.07188057891311336,25032163,AUD,Non-energy minerals,No rating,Precious metals,6.250000000000005,3.030303030303033,25.925925925925938,88.88888888888891,6.250000000000005,4.411764705882357,0.031360230969610776,0.03331977738585022,0.029094333609177164,0.030527836825934188,0.03385714285714291,0.026916666666666658,748,AUD
MNE,Macallum New Energy Limited,0.165,AUD,-13.157894736842103,8133,0.07163581209273812,23132729,AUD,Energy minerals,No rating,Integrated oil,-24.999999999999996,3.1250000000000027,3.1250000000000027,-10.810810810810807,-24.999999999999996,3.246753246753319,0.15793019206898026,0.16440236911630077,0.15932575924174378,,0.16428571428571428,0.16241666666666668,1341.9450000000002,AUD
LSF,L1 Long Short Fund Ltd.,4.71,AUD,-0.2118644067796565,37128,0.07148278256088109,2951212849.5,AUD,Miscellaneous,No rating,Investment trusts,17.75,2.6143790849673225,4.666666666666666,12.142857142857137,9.790209790209788,2.547770700637058,4.5936137155845165,4.639506182875656,4.529361166546047,4.166932319724218,4.621428571428568,4.539000000000002,174872.88,AUD
SGI,Stealth Group holdings Ltd.,1.3,AUD,0,7727,0.07145717332179218,193676436,AUD,Producer manufacturing,Strong buy,Miscellaneous manufacturing,-1.5151515151515165,0,1.5625000000000013,23.22274881516589,2.7667984189723436,4.2197802197801915,1.2743751525941283,1.2871347087158669,1.2160063819815097,1.0808508534962076,1.282142857142857,1.1702500000000007,10045.1,AUD
BM1,Ballard Mining Limited,0.66,AUD,-1.492537313432837,22737,0.07125915302618696,297766789,AUD,Non-energy minerals,Strong buy,Precious metals,-2.9411764705882377,-3.6496350364963535,10.000000000000009,-5.035971223021572,-16.9811320754717,4.415584415584398,0.6466652156480114,0.6551034180070872,0.6578834618244072,0.6533529381986489,0.6621428571428575,0.6716666666666669,15006.42,AUD
3DA,Amaero Inc. CDI,0.215,AUD,2.380952380952383,76791,0.0708783559019977,214498616,AUD,Producer manufacturing,Strong buy,Metal fabrication,-20.370370370370377,-2.2727272727272747,-31.746031746031747,-37.68115942028985,-21.818181818181827,7.707641196013109,0.2373704171218686,0.22287203993971402,0.26728059519215924,0.2994698296311074,0.22000000000000022,0.2873333333333333,16510.065,AUD
ASQ,Australian Silica Quartz Group Limited,0.016,AUD,0,26312,0.07078846055544943,6709766,AUD,Non-energy minerals,No rating,Other metals/Minerals,-20,-5.8823529411764754,0,-15.789473684210524,-27.27272727272727,4.464285714285443,0.016353209930462805,0.016191715668750682,0.01760033017666041,0.020823550933356087,0.016285714285714268,0.018199999999999928,420.992,AUD
EMV,EMvision Medical Devices Ltd.,1.74,AUD,-0.571428571428572,2024,0.07061861065559472,164996115,AUD,Health technology,Strong buy,Medical specialties,-0.571428571428572,2.9585798816568074,2.654867256637164,3.5714285714285747,-2.247191011235957,4.269293924466224,1.6624346116138604,1.709894462376738,1.6337834774092053,1.6992012408423083,1.737142857142856,1.6055000000000017,3521.7599999999998,AUD
ID8,Identitii Ltd,160,AUD,33.33333333333333,417.62,0.07004862074061127,3696610,AUD,Technology services,No rating,Packaged software,13233.333333333336,19899.999999999996,26566.666666666668,15900,15900,1.8214285714285472,49.836336915217174,88.37892501502029,22.86220319905271,7.065870080816369,86.05714285714284,10.806666666666665,66819.2,AUD
AS2,Askari Metals Limited,0.007,AUD,0,100000,0.06986336263263035,5521137,AUD,Non-energy minerals,No rating,Precious metals,-41.666666666666664,0,-12.5,-22.222222222222214,-41.666666666666664,3.061224489795836,0.007133869182388132,0.0068352859265308355,0.007765563860325619,0.010313961342634265,0.006714285714285713,0.007983333333333334,700,AUD
ELT,Elementos Limited,0.36,AUD,1.4084507042253533,18816,0.06901684376319327,120739442,AUD,Non-energy minerals,Strong buy,Other metals/Minerals,14.28571428571428,-1.3698630136986314,5.8823529411764595,-5.263157894736847,-11.11111111111112,4.265873015872998,0.35534013197730036,0.36016316623842126,0.35980111969594397,0.3355424429031474,0.36528571428571466,0.3657666666666666,6773.759999999999,AUD
CDM,Cadence Capital Limited,0.78,AUD,-0.6369426751592362,16680,0.06871773448999946,231676175,AUD,Miscellaneous,No rating,Investment trusts,9.859154929577475,-0.6369426751592362,0.6451612903225812,1.960784313725492,-4.878048780487796,1.3736263736264114,0.7806896752339919,0.7822837600683995,0.7726167074937412,0.7549655032508148,0.7821428571428587,0.7632500000000005,13010.4,AUD
PNI,Pinnacle Investment Management Group Limited,18.38,AUD,0.3823047515019131,82178,0.06863299097293016,4201563825.9999995,AUD,Finance,Buy,Investment managers,7.800586510263919,-1.1827956989247441,3.258426966292125,18.810601163542326,8.500590318772122,4.338955386289385,17.87959484407458,18.301392280766574,17.247262574026344,16.977837967283076,18.51285714285716,16.926,1510431.64,AUD
WSR,Westar Resources Ltd.,0.006,AUD,0,37309,0.06860860015579424,4848012,AUD,Non-energy minerals,No rating,Precious metals,0,0,-14.285714285714286,-14.285714285714286,-25,2.380952380952317,0.006585359716528647,0.006317999445676601,0.006723940177121375,0.0071276842170501925,0.006142857142857144,0.006616666666666673,223.854,AUD
OEL,Otto Energy Limited,0.006,AUD,0,182557,0.06807944781350131,28770059,AUD,Energy minerals,No rating,Oil & gas production,20,0,-14.285714285714286,0,20,5.952380952380402,0.00606594402958151,0.006076610223198504,0.005882760803759432,0.005613452924929675,0.006142857142857143,0.0057833333333333365,1095.342,AUD
OEC,Orbital Corporation Ltd,0.137,AUD,1.4814814814814827,1864,0.06782226491434892,24213580,AUD,Electronic technology,No rating,Aerospace & defense,-2.1428571428571446,1.4814814814814827,-8.666666666666657,-16.96969696969697,24.545454545454554,3.3368091762251444,0.13914232697754517,0.13613554705989284,0.1454576920879837,0.15058989173320397,0.1352857142857142,0.1470333333333334,255.36800000000002,AUD
GUL,Gullewa Limited,0.068,AUD,0,11531,0.06780448364571849,14834008,AUD,Non-energy minerals,No rating,Precious metals,-29.896907216494842,1.492537313432837,-8.108108108108098,-29.166666666666664,-27.659574468085104,0.9453781512604583,0.06895438140556659,0.06775015604919286,0.0750967399245791,0.08184729918662943,0.06742857142857148,0.07969999999999992,784.1080000000001,AUD
PHX,PharmX Technologies Limited,0.105,AUD,7.142857142857134,10000,0.06750585444522676,65279625.99999999,AUD,Technology services,No rating,Information technology services,-34.37500000000001,2.941176470588238,-6.250000000000005,-12.5,-25.00000000000001,2.0408163265306234,0.10407900998309184,0.10114690094782579,0.1099118110299454,0.11548576973815128,0.10014285714285712,0.11513333333333345,1050,AUD
SNT,Syntara Limited,0.027,AUD,0,204382,0.06733181689430273,51038503,AUD,Health technology,Strong buy,Pharmaceuticals: major,-22.857142857142865,3.84615384615385,17.39130434782609,0,-20.588235294117656,8.994708994708972,0.025941679732351442,0.026726871224771766,0.02524345134921379,0.029819242943231204,0.02614285714285714,0.024249999999999976,5518.314,AUD
AER,Aeeris Ltd,0.06,AUD,0,10000,0.06715005754759931,4703931,AUD,Commercial services,No rating,Miscellaneous commercial services,-20,9.090909090909086,17.647058823529417,-25.000000000000004,-40.00000000000001,0.833333333333126,0.065821707154905,0.06059896119310598,0.07263274702156401,0.07834300262792279,0.05828571428571432,0.07856666666666667,600,AUD
AQD,AusQuest Limited,0.048,AUD,-2.0408163265306136,38232,0.0669864490506486,80467993,AUD,Non-energy minerals,Strong buy,Other metals/Minerals,-7.692307692307686,6.666666666666673,20,11.627906976744198,-2.040816326530614,4.166666666666714,0.04600147822258059,0.04759833330500197,0.04477133337970331,0.04484994617083815,0.047999999999999994,0.044583333333333294,1835.136,AUD
ODY,Odyssey Gold Limited,0.033,AUD,3.1250000000000027,181396,0.06689040661266445,45210272,AUD,Non-energy minerals,No rating,Precious metals,-13.157894736842099,0,10.000000000000009,-13.157894736842099,0,4.545454545454696,0.031839731186191905,0.03223721547633124,0.032146199445740646,0.03240664068881491,0.03242857142857142,0.032216666666666685,5986.068,AUD
RHC,Ramsay Health Care Limited,44.535,AUD,-0.6137022985940764,61757,0.06658981581349892,10298787920,AUD,Health services,Neutral,Hospital/Nursing management,29.349404589021194,-0.5915178571428584,3.5697674418604572,16.370525215573537,19.300830431288503,1.7025132720653,44.14263556667582,44.62227384884049,42.75030015985256,39.56853913753998,44.83642857142839,41.69225000000003,2750347.9949999996,AUD
GYG,Guzman y Gomez Ltd.,24.02,AUD,-1.0708401976935813,13928,0.06614490330914478,2447943106,AUD,Consumer services,Buy,Restaurants,9.931350114416468,-1.9591836734693895,11.720930232558137,36.788154897494316,17.17073170731707,3.0792791721184023,23.920684949363928,24.36462538925036,22.43701449431351,21.959889945681045,24.419999999999977,21.516833333333384,334550.56,AUD
WEC,White Energy Company Limited,0.185,AUD,-5.128205128205133,18379,0.06568927994841788,86084844,AUD,Energy minerals,No rating,Coal,478.12499999999994,-11.904761904761903,5.71428571428572,320.4545454545455,311.11111111111114,7.79922779922783,0.19057618408047755,0.19560882148111014,0.17347411709080915,0.11871371608139113,0.20499999999999993,0.18336666666666665,3400.115,AUD
NMR,Native Mineral Resources Holdings Ltd.,0.068,AUD,1.492537313432837,154163,0.06561970595997174,75824766,AUD,Non-energy minerals,No rating,Other metals/Minerals,19.298245614035093,4.615384615384619,33.33333333333335,47.826086956521756,-29.166666666666664,7.352941176470737,0.06002798226968005,0.06423952807629489,0.05510772458424919,0.06522264922185601,0.06514285714285713,0.05070000000000001,10483.084,AUD
MLX,Metals X Limited,1.865,AUD,-0.7978723404255268,167514,0.06506660223992965,1604368638,AUD,Non-energy minerals,Buy,Other metals/Minerals,67.26457399103138,0.8108108108108055,33.691756272401435,19.16932907348243,48.01587301587301,3.4354653389506287,1.7231313087435682,1.8206522466587247,1.5943877305253407,1.3238880753992213,1.8585714285714292,1.5287499999999996,312413.61,AUD
BRU,Buru Energy Ltd,0.012,AUD,0,41666,0.06498516676838308,16303926,AUD,Energy minerals,No rating,Integrated oil,-29.41176470588236,9.090909090909099,0,-7.692307692307686,-47.826086956521735,2.976190476191567,0.011737245342728641,0.011669124729766984,0.01235858695640886,0.01776368156815835,0.011571428571428458,0.012216666666666688,499.992,AUD
MAD,Mader Group Ltd,7.03,AUD,0.42857142857143216,7440,0.06426379944166505,1407955194,AUD,Consumer services,Strong buy,Other consumer services,-7.742782152230969,-3.0344827586206864,-8.463541666666659,-12.124999999999996,-17.29411764705882,3.3123348912822883,7.202025793431777,7.063226552649147,7.488344489864334,7.727198511327282,7.0271428571428585,7.7353333333333305,52303.200000000004,AUD
PL9,Prairie Lithium Limited,0.006,AUD,0,597634,0.06405682125605107,34681887,AUD,Non-energy minerals,No rating,Other metals/Minerals,-14.285714285714286,0,-14.285714285714286,-14.285714285714286,-25,17.857142857142954,0.006135800356027899,0.00607059494479446,0.006306866577568519,0.006987225972508332,0.006142857142857146,0.00633333333333334,3585.804,AUD
REE,RareX Limited,0.011,AUD,0,85919,0.06361768642616601,13382054,AUD,Non-energy minerals,No rating,Precious metals,-57.69230769230769,0,-15.384615384615387,-26.666666666666668,-52.17391304347826,8.441558441558625,0.01098525672875968,0.010931443670932378,0.011866918817810879,0.017044321181811053,0.010857142857142883,0.011983333333333344,945.1089999999999,AUD
ZEU,Zeus Resources Ltd.,0.005,AUD,0,150917,0.06355808982496525,4125261,AUD,Non-energy minerals,No rating,Other metals/Minerals,-50,25,-28.571428571428573,-44.444444444444436,-50,12.857142857142268,0.005988413534873483,0.005412723520408153,0.006890752680629329,0.009548741951604881,0.005142857142857142,0.007316666666666679,754.585,AUD
AEF,Australian Ethical Investment Ltd,4.47,AUD,0.6756756756756612,10237,0.06342654522045635,508820425,AUD,Finance,No rating,Investment managers,-11.660079051383397,-1.9736842105263128,-3.4557235421166337,13.451776649746188,-1.7582417582417598,3.100031959092347,4.482543584970315,4.492738596667805,4.421335748971775,4.794357575156056,4.517142857142856,4.335166666666664,45759.39,AUD
IPG,IPD Group Ltd,5.87,AUD,-1.8394648829431492,31615,0.0632852986939988,592686652,AUD,Utilities,Strong buy,Electric utilities,34.01826484018265,21.280991735537196,13.980582524271838,-5.9294871794871815,26.372443487621112,3.1759552202481895,5.185536865062148,5.381366990285254,5.238393769390353,4.937333489878413,5.3357142857142845,5.4194999999999975,185580.05000000002,AUD
SNC,Sandon Capital Investments Limited,0.71,AUD,0,6084,0.06270794424311388,110916520,AUD,Miscellaneous,No rating,Investment trusts,-21.978021978021985,-2.0689655172413812,1.42857142857143,-8.974358974358982,-17.919075144508675,1.257545271630087,0.7097307633997312,0.7114162307786259,0.7215135806704238,0.7846184891609552,0.715714285714286,0.7281666666666637,4319.639999999999,AUD
COI,Comet Ridge Ltd,0.088,AUD,4.761904761904749,196663,0.06263267160894369,130808572,AUD,Energy minerals,Buy,Oil & gas production,-37.14285714285715,0,-2.222222222222224,-34.814814814814824,-29.600000000000005,4.8701298701299125,0.08788059588019657,0.0862070672972135,0.09829821682396166,0.12053614484045166,0.08642857142857142,0.10456666666666678,17306.343999999997,AUD
LPM,Lithium Plus Minerals Ltd.,0.115,AUD,-11.538461538461538,13943,0.06247678348745289,20835900,AUD,Process industries,No rating,Chemicals: agricultural,-17.85714285714286,2.678571428571431,-11.538461538461538,0,-14.814814814814817,4.347826086956525,0.11534267243575279,0.1186478390088626,0.11376132117432278,0.11749437616646424,0.11857142857142856,0.11008333333333332,1603.4450000000002,AUD
IVZ,Invictus Energy Limited,0.068,AUD,1.492537313432837,168423,0.0616875767784583,121470950,AUD,Energy minerals,No rating,Integrated oil,-58.78787878787879,9.677419354838719,15.254237288135608,33.33333333333335,28.301886792452844,5.462184873949607,0.0629168573190641,0.0648950450807361,0.061175070079078936,0.07378235636309151,0.06485714285714284,0.06066666666666667,11452.764000000001,AUD
CMM,Capricorn Metals Ltd,16.345,AUD,-0.9393939393939463,123261,0.06122759487331589,7226382552,AUD,Non-energy minerals,Strong buy,Precious metals,16.749999999999993,1.64800995024876,33.97540983606557,28.7007874015748,18.959243085880633,3.4436044224971556,14.7925201054619,15.718529072512576,13.85100868874681,12.882201177930487,16.156428571428584,13.47558333333334,2014701.045,AUD
RGL,Riversgold Ltd.,0.01,AUD,0,216387,0.060331475575450995,23018374,AUD,Non-energy minerals,No rating,Precious metals,42.857142857142854,-9.090909090909085,25,-28.571428571428573,-33.33333333333333,6.428571428571411,0.00959385517609789,0.00980482554578997,0.010004672515564405,0.010491026239743387,0.009857142857142856,0.01016666666666666,2163.87,AUD
GMN,Gold Mountain Limited,0.071,AUD,0,4966,0.06009821932098457,21928991,AUD,Non-energy minerals,No rating,Precious metals,16.39344262295081,0,-6.578947368421058,-32.38095238095239,-49.2857142857143,1.3078470824950912,0.07399236844613048,0.07177765263684571,0.08233035368205817,0.09148746882012831,0.07085714285714283,0.08756666666666661,352.58599999999996,AUD
PCL,Pancontinental Energy NL,0.009,AUD,12.49999999999999,109000,0.060087325074908535,74574717,AUD,Energy minerals,Strong buy,Integrated oil,-18.181818181818183,0,-10.000000000000009,-30.769230769230774,12.49999999999999,7.936507936508012,0.009006703489751133,0.008813975918821042,0.009676215257947998,0.010572242149785874,0.008857142857142862,0.009966666666666674,980.9999999999999,AUD
DBO,Diablo Resources Limited,0.017,AUD,6.250000000000005,141687,0.06006861677942048,8081168,AUD,Non-energy minerals,No rating,Precious metals,-34.615384615384606,6.250000000000005,41.66666666666668,0,-34.615384615384606,2.94117647058837,0.01517144551313407,0.015994671333014264,0.01500486962370189,0.019199098951020507,0.016285714285714282,0.014749999999999996,2408.679,AUD
AMA,AMA Group Limited,0.45,AUD,-2.1739130434782625,4972,0.05972881771298193,226195517,AUD,Consumer durables,Strong buy,Automotive aftermarket,-43.75,1.1235955056179785,1.1235955056179785,-14.285714285714286,-37.93103448275862,3.412698412698497,0.4511803688596947,0.45275556123290933,0.46329309679813335,0.5870402090241053,0.45071428571428607,0.4594166666666667,2237.4,AUD
PWH,PWR Holdings Ltd.,10.57,AUD,-0.6578947368421079,15214,0.05972035767838778,1030884804,AUD,Producer manufacturing,Buy,Auto parts: OEM,34.64968152866243,-1.491146318732527,15.519125683060109,15.393013100436681,18.497757847533634,3.345046627922685,10.122673116297587,10.428237980584026,9.566808065577806,8.94923754575404,10.475714285714288,9.181333333333335,160811.98,AUD
DEV,DevEx Resources Ltd,0.22,AUD,-2.222222222222224,104171,0.05971718962608237,163376005,AUD,Non-energy minerals,Strong buy,Precious metals,29.411764705882344,-10.20408163265306,-13.725490196078432,22.22222222222223,-4.347826086956525,6.948051948052039,0.24217208848518787,0.23439953421503826,0.241025587315832,0.20486793823459015,0.2342857142857144,0.24106666666666673,22917.62,AUD
DNL,Dyno Nobel Limited,3.75,AUD,-0.5305039787798413,211631,0.05927252069970268,6500436351,AUD,Process industries,Neutral,Chemicals: agricultural,17.187499999999993,-1.0554089709762542,1.3513513513513464,3.3057851239669453,11.940298507462684,2.3714285714288392,3.7822347972496893,3.7849010827323872,3.7471363532947985,3.476304643385352,3.8057142857142843,3.7901666666666576,793616.25,AUD
COG,COG Financial Services Limited,1.435,AUD,0.34965034965035774,15563,0.059269172223349764,310312283,AUD,Miscellaneous,Strong buy,Investment trusts,-31.339712918660283,-3.040540540540536,0.34965034965035774,-9.748427672955977,-12.499999999999993,2.8322548531608422,1.4149844584224975,1.436989094773611,1.4168869207657422,1.5405746807983947,1.458571428571428,1.4238666666666653,22332.905000000002,AUD
HCT,Holista Colltech Limited,0.048,AUD,0,15712,0.05899308505825154,17656050,AUD,Health technology,No rating,Biotechnology,-44.1860465116279,-9.433962264150939,-40,-31.428571428571434,-41.463414634146346,8.18452380952388,0.06337994113038369,0.05626171047360629,0.06832199066915014,0.07107389710022137,0.05300000000000004,0.06781666666666664,754.176,AUD
SBR,Sabre Resources Ltd,0.005,AUD,-16.666666666666664,62808,0.05829527529639325,5486772,AUD,Non-energy minerals,No rating,Precious metals,-58.333333333333336,-16.666666666666668,-28.571428571428573,-37.5,-64.28571428571429,9.999999999999973,0.005989695406437654,0.005749887342176582,0.006795552245681519,0.009378677044617022,0.005857142857142858,0.006883333333333335,314.04,AUD
EMB,Embelton Limited,8.5,AUD,4.938271604938276,75,0.05764353239566521,18341784,AUD,Non-energy minerals,No rating,Forest products,5.198019801980197,4.938271604938276,2.2864019253910888,5.067985166872684,0,0.6554621848739745,8.205190513965716,8.25804068888041,8.384191135551236,9.610282154119846,8.311428571428571,8.293833333333332,637.5,AUD
TLG,Talga Group Ltd.,0.305,AUD,1.6666666666666683,12442,0.057565393769131404,155832674,AUD,Non-energy minerals,Strong buy,Other metals/Minerals,-18.666666666666668,1.6666666666666683,12.962962962962953,8.928571428571415,-18.666666666666668,4.2622950819671805,0.29796017074721237,0.3052467832289886,0.2828637790546799,0.3204351723101094,0.3085714285714287,0.26866666666666617,3794.81,AUD
SK1,Skinkandy Limited,2.48,AUD,1.2244897959183594,7292,0.057474978837038095,300385279.09999996,AUD,Consumer services,Buy,Other consumer services,10.222222222222221,-14.482758620689653,-9.489051094890518,10.222222222222221,10.222222222222221,5.0115207373272,2.7045276247539585,2.6816126436181613,2.5750122738963097,,2.73,2.527833333333333,18084.16,AUD
BKB,Black Bear Minerals Limited,0.565,AUD,0,26929,0.057437750353000395,83839276,AUD,Non-energy minerals,No rating,Other metals/Minerals,-43.78109452736318,-4.237288135593224,7.619047619047604,-19.28571428571429,-38.918918918918926,5.790139064475345,0.5454413854361612,0.5627059057991638,0.5506731063878106,0.6399863034775166,0.5771428571428573,0.5475000000000001,15214.884999999998,AUD
MRE,Metrics Real Estate Multi-Strategy Fund,1.825,AUD,1.1080332409972309,10917,0.05737524418771485,273306331,AUD,Finance,No rating,Investment managers,-8.750000000000002,-1.617250673854449,-3.9473684210526296,-4.45026178010471,-8.291457286432163,1.9178082191779564,1.853495089167184,1.8306384602988643,1.873460891141684,1.8988556519166349,1.8214285714285727,1.8750833333333328,19923.524999999998,AUD
NOX,Noxopharm Ltd.,0.081,AUD,1.250000000000001,3042,0.05702342234260917,24579035,AUD,Health technology,No rating,Pharmaceuticals: major,-13.829787234042552,0,-1.2195121951219523,35.00000000000001,12.500000000000012,5.379188712522141,0.08327757015661569,0.08167702992053667,0.08254199523167449,0.08060398967838701,0.08085714285714286,0.08210000000000003,246.40200000000002,AUD
ASX,ASX Limited,57.74,AUD,0.2256552681826116,68800,0.05700003040553948,11390322103,AUD,Finance,Neutral,Investment banks/Brokers,12.116504854368937,0.2604618857440503,1.8342151675484992,-2.8273308650286095,4.280296189272177,2.7840318669899577,56.71995320532555,57.55663343753308,55.36987933615313,55.93130954612897,57.72142857142848,53.09933333333335,3972512,AUD
EMA,Eminence Minerals Limited,0.042,AUD,0,8333,0.056811402913723504,7676089,AUD,Non-energy minerals,No rating,Steel,-36.36363636363636,5.000000000000004,5.000000000000004,-19.230769230769223,-22.222222222222218,1.7006802721088472,0.04090317626857221,0.04079494707638773,0.04326055294709353,0.06074714560239468,0.0405714285714286,0.045433333333333235,349.98600000000005,AUD
DES,Desoto Resources Ltd.,0.13,AUD,-3.703703703703707,49929,0.05656970012699829,35982125,AUD,Non-energy minerals,No rating,Precious metals,-13.333333333333329,8.333333333333341,0,0,-13.333333333333329,0.8241758241758447,0.12493404372099624,0.12869461140581115,0.12656416980753554,0.14233615638183486,0.12999999999999998,0.12641666666666665,6490.77,AUD
CCM,Cadoux Limited,0.026,AUD,3.99999999999999,30935,0.056219900045433896,10516772,AUD,Non-energy minerals,No rating,Other metals/Minerals,-50.00000000000001,18.181818181818183,13.043478260869563,-21.212121212121218,-29.729729729729726,3.571428571428182,0.023433340431327557,0.023567451648904197,0.02567048265363791,0.03477137800436548,0.02342857142857137,0.02633333333333336,804.31,AUD
VYS,Vysarn Ltd,1.13,AUD,0,65109,0.05609669077859112,678105305,AUD,Industrial services,Strong buy,Engineering & construction,64.96350364963502,-3.0042918454935745,13.56783919597989,44.871794871794854,36.14457831325301,4.089759797724443,1.1055073356497809,1.135932855789055,1.0289415888228521,0.8282810344105823,1.1457142857142855,1.0024166666666665,73573.17,AUD
FWD,Fleetwood Limited,2.36,AUD,2.6086956521739157,11450,0.05554156910511133,210789767,AUD,Consumer durables,Strong buy,Homebuilding,-11.278195488721815,0.8547008547008556,9.767441860465116,42.16867469879518,-12.592592592592602,3.768159806295373,2.2746400279438204,2.3338366705241276,2.0980883600469316,2.128849424083117,2.3371428571428567,1.9560833333333334,27022,AUD
GL1,Global Lithium Resources Ltd.,0.73,AUD,0.6896551724137937,80069,0.05550319644730742,198408805,AUD,Non-energy minerals,Strong buy,Other metals/Minerals,15.87301587301587,15.87301587301587,52.083333333333336,41.74757281553397,47.474747474747474,6.418786692759275,0.6089889769375423,0.6765109074068646,0.5471385938061643,0.494927932224197,0.7057142857142856,0.5098333333333328,58450.369999999995,AUD
CNJ,Conico Ltd,0.008,AUD,0,31280,0.05545103335163388,5215896,AUD,Non-energy minerals,No rating,Other metals/Minerals,-20,0,0,-27.27272727272727,-27.27272727272727,6.250000000000037,0.008011127319873993,0.00791156551614201,0.008628121163867426,0.022030336413660735,0.007999999999999998,0.008883333333333337,250.24,AUD
FLN,Freelancer Ltd.,0.14,AUD,0,1777,0.05519027756641002,63128084,AUD,Technology services,No rating,Internet software/Services,-40.425531914893604,-3.4482758620689498,42.85714285714287,7.692307692307699,-30,4.642857142857176,0.12273448686114932,0.132699887374816,0.12351119105429927,0.16704355504793497,0.13642857142857134,0.12111666666666657,248.78000000000003,AUD
EVT,EVT Limited,13.985,AUD,-1.0961810466761042,8928,0.05489620264372438,2265562399,AUD,Consumer services,Buy,Movies/Entertainment,9.343236903831121,-0.8156028368794341,14.72518457752256,13.97718011409943,6.1883067577828355,3.475662699831334,13.603100230883875,13.975604096017236,13.102458208581577,13.027486593920647,14.116428571428573,12.82358333333335,124858.08,AUD
DSM,Desert Minerals Ltd.,0.73,AUD,0,2902,0.05467404697220328,21467021,AUD,Process industries,No rating,Chemicals: agricultural,231.8181818181818,4.28571428571429,0,105.63380281690141,170.37037037037035,2.8864970645792645,0.7115684906476788,0.7164143556622563,0.6579998884064884,0.36966432476918887,0.7164285714285715,0.6487499999999999,2118.46,AUD
GPR,Geopacific Resources Limited,0.031,AUD,3.3333333333333366,20322,0.054668681748214355,93590594,AUD,Non-energy minerals,Strong buy,Precious metals,-16.216216216216214,6.896551724137925,14.814814814814817,-39.2156862745098,-43.63636363636363,3.456221198156701,0.029029280537435594,0.02925066818680081,0.03185005779361056,0.03808212702006061,0.028857142857142852,0.033216666666666665,629.982,AUD
TTM,Titan Minerals Ltd,0.617,AUD,4.576271186440682,13202,0.05458468792418177,175690094,AUD,Non-energy minerals,Strong buy,Precious metals,-28.255813953488374,-5.076923076923081,-6.515151515151521,-18.278145695364238,-32.197802197802204,5.4410743227600085,0.6165486256277791,0.618126895276631,0.6503462240657301,0.7008967242552936,0.636,0.6656500000000002,8145.634,AUD
TMS,Tennant Minerals Limited,0.007,AUD,-12.5,148134,0.05436668921455009,11973278,AUD,Non-energy minerals,No rating,Precious metals,-12.5,0,0,-12.5,-22.222222222222214,5.102040816326419,0.007130299078926,0.007230855966815418,0.007068029724860243,0.007490493319338534,0.007285714285714287,0.007050000000000004,1036.938,AUD
BKI,BKI Investment Co. Ltd.,1.895,AUD,0.2645502645502707,22350,0.05397798422780207,1525483260,AUD,Miscellaneous,No rating,Investment trusts,10.174418604651166,-3.3163265306122423,2.4324324324324285,5.277777777777776,7.977207977207985,1.4134941575575708,1.8993551737007592,1.9150684539931757,1.8547818664295734,1.7845186275255915,1.9271428571428526,1.8265833333333188,42353.25,AUD
SHG,Singular Health Group Ltd,0.18,AUD,-2.7027027027027053,11050,0.053386439554472045,59990530,AUD,Technology services,No rating,Information technology services,-29.411764705882355,-2.7027027027027053,-14.285714285714286,-13.043478260869565,-17.050691244239633,4.246031746031748,0.19199746003152154,0.18677665138273447,0.19922729337525832,0.22436278441069085,0.18642857142857133,0.2012833333333335,1989,AUD
NDO,Nido Education Limited,0.355,AUD,1.42857142857143,8653,0.053331771942421655,79425112,AUD,Commercial services,No rating,Miscellaneous commercial services,-40.833333333333336,-4.054054054054058,-6.578947368421058,5.970149253731332,-19.318181818181824,4.325955734406405,0.35694501848690646,0.3548870328415633,0.35528793328598657,0.4392071540193088,0.3550000000000012,0.3403666666666666,3071.815,AUD
ORI,Orica Limited,22.19,AUD,-0.5824372759856586,69766,0.05299684849317227,10290644775,AUD,Process industries,Buy,Industrial specialties,-8.494845360824737,-4.105445116681069,-4.682130584192439,-3.73101952277657,-15.208253725640047,2.1824502671730857,23.03246961528789,22.7336832136892,23.087350518995738,22.568199837939385,22.702857142857106,23.23700000000001,1548107.54,AUD
BCA,Black Canyon Limited,0.31,AUD,-1.5873015873015885,25674,0.05272075352441954,50746876,AUD,Non-energy minerals,Strong buy,Other metals/Minerals,-21.518987341772156,1.6393442622950836,-4.615384615384619,-13.888888888888888,-15.06849315068493,3.9170506912440892,0.313706129827577,0.30918922957714395,0.3333099373090723,0.33819221058340004,0.30857142857142844,0.3518333333333333,7958.94,AUD
BUX,Buxton Resources Limited,0.041,AUD,2.500000000000002,38000,0.05271482017518244,18194518,AUD,Non-energy minerals,No rating,Other metals/Minerals,24.242424242424242,-10.8695652173913,-10.8695652173913,13.888888888888902,2.500000000000002,4.355400696864062,0.043362434876696394,0.04202908130834742,0.04325391008753158,0.04119825440587767,0.04171428571428574,0.042716666666666674,1558,AUD
HE8,Helios Energy Ltd,0.002,AUD,0,47000,0.0526814641053163,7768611,AUD,Energy minerals,No rating,Integrated oil,-77.77777777777779,0,100,0,-80,7.142857142855065,0.0017650358385037667,0.001768493563044018,0.0025864857930393767,0.007765856806656263,0.0017142857142857122,0.0023500000000000044,94,AUD
FGX,Future Generation Australia Limited Stapled Security,1.365,AUD,0.36764705882352156,14695,0.05267510304712657,558081140,AUD,Miscellaneous,No rating,Investment trusts,4.198473282442743,-0.3649635036496434,0.36764705882352156,4.198473282442743,-2.1505376344086042,1.946624803767328,1.365150357545133,1.3674811816793435,1.3584480950209743,1.3374512399833283,1.3735714285714258,1.355666666666668,20058.675,AUD
WGB,WAM Global Ltd.,2.19,AUD,-0.454545454545465,12450,0.052647425477463525,783925820,AUD,Miscellaneous,No rating,Investment trusts,-11.336032388663977,-1.793721973094172,-1.3513513513513624,0,-7.203389830508472,1.3372472276582104,2.2035284678166005,2.2012290239414996,2.196370977865907,2.260564545795551,2.2057142857142864,2.1841666666666693,27265.5,AUD
WTM,Waratah Minerals Limited,0.565,AUD,0.8928571428571237,37212,0.051867665252567044,215202540,AUD,Non-energy minerals,Strong buy,Other metals/Minerals,6.603773584905645,0.8928571428571237,20.212765957446802,-16.911764705882366,0.8928571428571237,6.29582806573975,0.5260961857041834,0.5464426301844703,0.5378512090355752,0.5686463414664434,0.5614285714285713,0.5480000000000004,21024.78,AUD
ASM,Australian Strategic Materials Ltd,1.23,AUD,-0.8064516129032264,16622,0.05184826817364148,338581469,AUD,Non-energy minerals,No rating,Precious metals,76.97841726618705,0.8196721311475418,18.840579710144937,-9.558823529411772,-21.405750798722046,2.816492450638905,1.1418447479979998,1.18563819331201,1.1790450810171034,1.1832285251461312,1.2178571428571436,1.1971666666666676,20445.06,AUD
DTM,Dart Mining NL,0.011,AUD,0,110037,0.0518178219552503,2941164,AUD,Non-energy minerals,No rating,Precious metals,-70.27027027027027,0,-15.384615384615387,-65.625,-67.64705882352942,2.597402597404625,0.011979779724635741,0.01129159179877509,0.015208025026379413,0.03431256112569268,0.011142857142857107,0.01556666666666711,1210.407,AUD
ABB,Aussie Broadband Ltd.,4.88,AUD,-2.0080321285140665,35703,0.05142360851054023,1573970769,AUD,Communications,Buy,Specialty telecommunications,-3.1746031746031775,1.0351966873705967,0.41152263374484715,-9.29368029739777,-6.513409961685821,3.015222482435554,4.887604230199501,4.9193186640347655,4.935358605142389,4.973766562055398,4.930000000000009,5.026666666666661,174230.63999999998,AUD
AKN,AuKing Mining Ltd,0.018,AUD,0,472109,0.0511043614083501,42632919,AUD,Non-energy minerals,No rating,Other metals/Minerals,259.99999999999994,-5.263157894736847,-35.71428571428572,-14.285714285714297,38.46153846153846,7.1428571428572605,0.020204646377910578,0.018627265877062236,0.02130972050753406,0.016885163979009465,0.01814285714285713,0.021816666666666668,8497.962,AUD
TR8,Tarrina Resources Limited,0.018,AUD,5.882352941176455,33122,0.05076906192654504,7243407,AUD,Consumer services,No rating,Restaurants,-35.71428571428572,19.999999999999996,19.999999999999996,0,-40,2.7777777777774237,0.016466460472189984,0.016548734042436133,0.017417625313347333,0.038627201620160076,0.016285714285714282,0.01755,596.1959999999999,AUD
TGN,Tungsten Mining NL,0.22,AUD,0,63810,0.05040532007180763,293231435,AUD,Non-energy minerals,Strong buy,Other metals/Minerals,0,4.761904761904766,0,9.999999999999995,-10.20408163265306,5.0649350649351685,0.2126259036199145,0.21265523583361465,0.21693568165631158,0.20717936639600326,0.21142857142857133,0.21500000000000016,14038.2,AUD
PMM,Pioneer Minerals Limited,0.16,AUD,-3.030303030303033,3233,0.05038839430438144,12357845,AUD,Non-energy minerals,No rating,Other metals/Minerals,0,10.344827586206906,33.33333333333334,-13.51351351351351,-15.789473684210526,4.017857142857104,0.14381828369467003,0.1538535740268581,0.14812570315245926,0.16676879209600745,0.1585714285714285,0.15400000000000033,517.28,AUD
BGA,Bega Cheese Limited,5.985,AUD,-0.4159733777038181,31197,0.050165957548764954,1851771796,AUD,Consumer non-durables,Buy,Food: meat/fish/dairy,-0.24999999999999467,-1.5624999999999958,0.5882352941176494,14.655172413793116,-5.748031496062981,2.2854755937461886,6.076243796275032,6.078383370826128,5.959886855623401,5.784371000462249,6.112142857142859,5.853583333333328,186714.045,AUD
CUL,Cullen Resources Limited,0.006,AUD,0,34600,0.05002818061387757,4160411,AUD,Non-energy minerals,No rating,Precious metals,-25,0,0,-14.285714285714286,-25,7.1428571428571965,0.00617230593836324,0.0060670387426092435,0.006573781331920387,0.006837251921411877,0.005999999999999999,0.006883333333333338,207.6,AUD
PVE,Po Valley Energy Limited,0.06,AUD,-1.6393442622950833,11363,0.0496443241722378,70696663,AUD,Energy minerals,No rating,Oil & gas production,-3.225806451612906,-4.761904761904766,-1.6393442622950836,0,-1.6393442622950836,2.49999999999991,0.061636374030201495,0.06156543067778179,0.06117887231044671,0.05904678055164769,0.06199999999999999,0.059999999999999984,681.78,AUD
SGR,Star Entertainment Group Limited,0.135,AUD,0,251287,0.049580248827197554,928934457,AUD,Consumer services,No rating,Casinos/Gaming,-27.02702702702702,0,17.39130434782609,28.571428571428584,8.000000000000007,8.042328042328093,0.13036304594859072,0.13531629544504642,0.11999696898999672,0.12265227511218167,0.13571428571428573,0.11085000000000006,33923.745,AUD
HIO,Hawsons Iron Ltd,0.01,AUD,-9.090909090909085,57508,0.04943787074319627,13296330,AUD,Non-energy minerals,No rating,Steel,-60.00000000000001,-9.090909090909085,-28.571428571428573,-28.571428571428573,-33.33333333333333,4.999999999999831,0.011580294134233357,0.010868569007552746,0.012625718227385783,0.015973109889953575,0.010714285714285714,0.012916666666666667,575.08,AUD
ZNC,Zenith Minerals Limited,0.088,AUD,-2.2222222222222245,8120,0.049124411807766256,57598733,AUD,Non-energy minerals,No rating,Precious metals,2.3255813953488396,-4.347826086956526,-2.222222222222224,23.94366197183099,3.529411764705869,4.383116883116892,0.08958906488832992,0.08890374343561248,0.0898656966291946,0.08389791483181959,0.09057142857142852,0.09305000000000006,714.56,AUD
GLF,Gemlife Communities Group,4.47,AUD,-0.6666666666666722,24829,0.048817125021504586,1699889438,AUD,Finance,Strong buy,Real estate development,-13.372093023255822,1.1312217194570096,1.8223234624145803,3.2332563510392536,-10.600000000000005,2.812400127836324,4.449704342492129,4.457626234951948,4.4924921867115515,4.631842683252012,4.454285714285716,4.533333333333335,110985.62999999999,AUD
ILA,Island Pharmaceuticals Ltd,0.447,AUD,3.9534883720930267,9024,0.048788056873985276,130282537.99999999,AUD,Health technology,No rating,Pharmaceuticals: major,2.758620689655175,-3.870967741935487,6.428571428571434,17.63157894736842,22.46575342465754,4.98561840843719,0.4345203404668757,0.44384950752161884,0.41681270500166084,0.3823823504823722,0.4531428571428568,0.4042833333333337,4033.728,AUD
TGM,Theta Gold Mines Ltd.,0.18,AUD,-2.7027027027027053,12000,0.048526394921551017,233998858,AUD,Non-energy minerals,No rating,Precious metals,2.85714285714286,-5.263157894736847,0,-7.692307692307699,-20.000000000000004,3.4523809523812217,0.18382898956557572,0.18246212820579,0.19054414422241567,0.19712577286658753,0.18285714285714327,0.19653333333333314,2160,AUD
CBL,Control Bionics Ltd.,0.058,AUD,3.5714285714285747,50000,0.04812541869114261,32042233.000000004,AUD,Technology services,No rating,Packaged software,-4.91803278688524,-10.769230769230768,-17.142857142857146,-3.333333333333325,5.4545454545454595,3.8177339901478478,0.064334593258475,0.06108627038941961,0.06756973805591766,0.06281729865175821,0.06057142857142854,0.07118333333333332,2900,AUD
NWH,NRW Holdings Limited,7.185,AUD,-0.7596685082873011,52982,0.047832928721876194,3441407346,AUD,Industrial services,Buy,Engineering & construction,43.699999999999996,-0.20833333333334123,2.204836415362722,0.48951048951047904,16.63961038961038,3.1712893925839216,7.205656907216042,7.269479025642666,7.0990886742017505,6.17933503066206,7.320714285714286,7.1727500000000015,380675.67,AUD
MNB,Minbos Resources Limited,0.016,AUD,0,187780,0.047544619668488566,21377814,AUD,Non-energy minerals,No rating,Other metals/Minerals,-36,-5.8823529411764754,-30.434782608695652,-27.27272727272727,-5.8823529411764754,7.589285714284838,0.018326761062437004,0.016854238268797526,0.02034003951915256,0.02719391026591481,0.01642857142857142,0.020733333333333312,3004.48,AUD
DUN,Dundas Minerals Limited,0.05,AUD,2.0408163265306136,25000,0.047031919058443554,11516234,AUD,Non-energy minerals,No rating,Other metals/Minerals,11.111111111111121,4.1666666666666705,4.1666666666666705,0,-12.280701754385964,0.7142857142857367,0.049183339987706014,0.049215596378808395,0.04915806278515458,0.043869339202993324,0.04914285714285717,0.04961666666666666,1250,AUD
SMI,Santana Minerals Ltd.,0.54,AUD,0,106820,0.04653717783340378,512595472,AUD,Non-energy minerals,Strong buy,Precious metals,-40.983606557377044,-2.702702702702705,25.58139534883722,-7.692307692307681,-40,5.476190476190704,0.5146411872859166,0.5346291543957143,0.5160810759408316,0.6378590226687982,0.5428571428571428,0.503,57682.8,AUD
RTH,RAS Technology Holdings Limited,0.71,AUD,4.41176470588234,915,0.04639230141306387,32562410.999999996,AUD,Technology services,No rating,Data processing services,-8.974358974358982,2.158273381294966,20.33898305084746,18.333333333333332,-11.250000000000009,3.8229376257544794,0.659425348802393,0.6892350461607267,0.6367340262849684,0.7467551850769795,0.6971428571428574,0.6124999999999988,649.65,AUD
EPN,Epsilon Healthcare Limited,0.022,AUD,0,20000,0.04636104077754883,8560288,AUD,Health technology,No rating,Pharmaceuticals: major,-31.250000000000007,-12.00000000000001,0,-4.347826086956526,-21.428571428571434,5.194805194805182,0.02277645865867871,0.022674410707239027,0.022639040241832525,0.024278604873922884,0.022714285714285694,0.022533333333333315,440,AUD
WRK,Wrkr Ltd,0.077,AUD,-1.2820512820512833,75016,0.04628433349103665,168451904,AUD,Technology services,Strong buy,Packaged software,-40.769230769230774,-8.333333333333341,-6.0975609756097615,-22.22222222222223,-42.96296296296296,3.8033395176255986,0.07924469258560812,0.0783625708683895,0.08541978641342475,0.1014568917785756,0.08000000000000006,0.08685000000000018,5776.232,AUD
OMX,Orange Minerals NL,0.066,AUD,0,6000,0.0462302683435926,12092598,AUD,Non-energy minerals,No rating,Precious metals,-14.285714285714281,6.451612903225812,6.451612903225812,6.451612903225812,-23.255813953488364,2.9220779220779063,0.06280608472854293,0.06594999406985039,0.06236795920018001,0.06707856826074048,0.06899999999999998,0.06051666666666666,396,AUD
AUQ,Alara Resources Limited,0.04,AUD,2.5641025641025665,48109,0.04545528414725588,36018476,AUD,Non-energy minerals,No rating,Other metals/Minerals,35.29511246406223,0,11.111111111111121,30.93075399747958,15.967239254910483,3.7499999999999165,0.039984301862356235,0.04008791974171542,0.038718754277396523,0.036283974816503535,0.04014285714285714,0.03786675833333337,1924.3600000000001,AUD
CF1,Complii Fintech Solutions Ltd,0.022,AUD,0,48292,0.045223126949048696,13422818,AUD,Technology services,No rating,Packaged software,-12.00000000000001,-15.384615384615387,-26.666666666666668,37.49999999999999,4.761904761904749,3.2467532467533964,0.025860904271395514,0.024531271449196177,0.025693191908097386,0.02417282599701281,0.024428571428571407,0.025299999999999993,1062.424,AUD
RIV,Rivco Australia Limited,1.365,AUD,0.36764705882352156,34221,0.04495606861603725,218187736,AUD,Utilities,Strong buy,Water utilities,-5.862068965517239,-3.5335689045936425,-3.873239436619714,-3.873239436619714,-13.333333333333332,1.5175300889593415,1.3977824881271124,1.383931857793553,1.413050868415145,1.446136259760389,1.3849999999999996,1.4198333333333337,46711.665,AUD
PTN,Patronus Resources Limited,0.052,AUD,0,43794,0.04489583354690822,76922138,AUD,Non-energy minerals,No rating,Precious metals,-28.76712328767123,3.9999999999999893,10.63829787234042,-8.771929824561411,-26.76056338028169,3.7087912087913226,0.04846612916531069,0.050518285519957636,0.048597544102260845,0.058376757980751114,0.051857142857142845,0.04736666666666672,2277.288,AUD
AYM,Australia United Mining Limited,0.002,AUD,0,24534,0.0448155427769781,3685155,AUD,Non-energy minerals,No rating,Precious metals,-60,0,0,-33.333333333333336,-50,3.5714285714288767,0.002058514604894341,0.0019877470163888094,0.0025619167820605383,0.00346538125450021,0.001999999999999999,0.0030000000000000096,49.068,AUD
NCK,Nick Scali Limited,16.25,AUD,0.24676125848241298,30100,0.044410640553406745,1408690456,AUD,Retail trade,Buy,Specialty stores,-30.88047639302425,-4.01653868871825,4.771115409413284,16.071428571428573,-17.30279898218829,4.230769230769165,16.379766707582448,16.54084563747697,16.028991057815837,17.42438994610074,16.717142857142857,15.708833333333336,489125,AUD
FMR,FMR Resources Limited,0.405,AUD,1.250000000000001,4500,0.044235608681975444,26490933,AUD,Technology services,No rating,Packaged software,52.83018867924529,0,5.194805194805199,28.571428571428577,52.83018867924529,5.767195767195684,0.3957226243457798,0.4019112940716228,0.3694765009998224,0.3163980977975448,0.40428571428571425,0.36853333333333343,1822.5000000000002,AUD
BRI,Big River Industries Ltd.,1.365,AUD,-3.5335689045936425,1568,0.043731087280891374,133279745.99999999,AUD,Non-energy minerals,Strong buy,Forest products,-1.7985611510791304,-4.545454545454542,-2.4999999999999942,1.4869888475836446,-4.210526315789477,1.6745159602302984,1.4127060620098433,1.4176157042059405,1.3948563205920346,1.3857395416536495,1.4271428571428566,1.3775000000000013,2140.32,AUD
DUG,DUG Technology Ltd,1.925,AUD,1.3157894736842175,14393,0.043413869031460196,257561905.00000003,AUD,Technology services,Strong buy,Packaged software,-11.697247706422022,-1.0282776349614404,-10.879629629629633,-12.500000000000005,8.757062146892657,3.9257884972170016,1.9737375408719842,1.9187562292812683,2.0694338143395417,2.068169649179193,1.8921428571428571,2.1544166666666666,27706.525,AUD
HMX,Hammer Metals Limited,0.077,AUD,0,283042,0.04252858732838261,67849657,AUD,Non-energy minerals,No rating,Precious metals,140.625,-3.750000000000003,11.594202898550714,119.99999999999997,79.06976744186048,6.122448979591852,0.0738282261857451,0.07716283763319423,0.06457362083300368,0.04701184067358484,0.078,0.05988333333333336,21794.234,AUD
CCP,Credit Corp Group Limited,13.17,AUD,0.457665903890164,28845,0.04208559549184412,895759820,AUD,Commercial services,Strong buy,Miscellaneous commercial services,-5.995717344753746,-1.7164179104477644,-1.4958863126402342,14.32291666666667,5.36,3.3409263477601243,13.265265344698408,13.241140822733035,12.926572547525367,12.78619260861122,13.239999999999979,12.753500000000006,379888.65,AUD
AGE,Alligator Energy Ltd,0.043,AUD,0,1304817,0.04203824965653799,209896177,AUD,Non-energy minerals,Strong buy,Other metals/Minerals,71.99999999999999,-4.444444444444448,-17.30769230769231,19.444444444444446,-6.5217391304347885,5.6478405315615845,0.04751760123953206,0.04526177171908809,0.04742077840414721,0.04102444651499185,0.044571428571428574,0.046133333333333346,56107.130999999994,AUD
RCT,Reef Casino Trust,3.76,AUD,-1.3123359580052563,540,0.041900741798317764,189741947,AUD,Consumer services,No rating,Casinos/Gaming,6.818181818181812,-2.3376623376623455,2.452316076294274,13.595166163141986,5.322128851540614,0.4274316109423363,3.7893335145144245,3.8168012510316984,3.6825814690577845,3.5304042924600596,3.8278571428571437,3.5917500000000007,2030.3999999999999,AUD
LSX,Lion Selection Group Ltd.,0.89,AUD,1.1363636363636374,6183,0.04184850880422776,126772710,AUD,Finance,No rating,Investment managers,-10.101010101010099,1.1363636363636374,0,6.586826347305396,-10.552763819095476,2.0064205457464435,0.8687943565316877,0.8779858794599837,0.8656212395631862,0.88305837835533,0.8842857142857138,0.8592,5502.87,AUD
EM2,Eagle Mountain Mining Ltd.,0.006,AUD,0,25113,0.04173078830859932,9205891,AUD,Non-energy minerals,No rating,Other metals/Minerals,-40,0,0,-14.285714285714286,-25,3.5714285714286054,0.006024533646571798,0.005997109959867354,0.006390683386479891,0.008181057766505162,0.006000000000000003,0.006583333333333344,150.678,AUD
SOM,Somnomed Limited,0.34,AUD,3.030303030303033,2800,0.041531380666252345,72523525,AUD,Health technology,Strong buy,Medical specialties,-56.41025641025641,-15,-26.08695652173913,-37.03703703703704,-51.42857142857142,3.193277310924561,0.4117518027350282,0.37341467454891,0.4738760040765346,0.5903883658933046,0.3685714285714273,0.5045333333333326,952.0000000000001,AUD
PFP,Propel Funeral Partners Ltd.,3.46,AUD,0.5813953488372098,6706,0.04152329694730083,464970973,AUD,Consumer services,Strong buy,Other consumer services,-28.806584362139922,3.5928143712574885,4.531722054380662,-2.53521126760563,-30.8,3.055326176713259,3.313669880816838,3.3672376264916446,3.3170116923502513,3.9228408082706694,3.3571428571428674,3.2435000000000134,23202.76,AUD
VHM,VHM Limited,0.235,AUD,0,14947,0.041199802642278106,71707541,AUD,Non-energy minerals,No rating,Other metals/Minerals,-41.25000000000001,-4.081632653061228,-6.000000000000005,-12.962962962962974,-45.97701149425287,7.051671732523139,0.23233172754291487,0.23253435761638758,0.24295923621356882,0.2987426685307199,0.23642857142857146,0.2433666666666667,3512.5449999999996,AUD
G50,G50 Corp Limited,0.44,AUD,1.1494252873563229,30774,0.04092766174765132,114639251,AUD,Non-energy minerals,Strong buy,Precious metals,-38.028169014084504,-7.368421052631573,-16.981132075471702,-51.11111111111111,-54.16666666666667,9.772727272727458,0.5036962477687421,0.47175335850563177,0.5773237424128858,0.6146871381250835,0.4685714285714281,0.6274500000000002,13540.56,AUD
MEX,Minerals Exploration Limited,0.057,AUD,-6.557377049180323,3259,0.04087427554454092,11709468,AUD,Non-energy minerals,No rating,Other metals/Minerals,-71.5,-4.999999999999994,9.615384615384624,-31.325301204819276,-63.22580645161291,3.132832080200453,0.05676387991301554,0.057821641997310914,0.06464552821420316,0.10960067792120358,0.06028571428571428,0.06415000000000005,185.763,AUD
ANO,Advance ZincTek Limited,0.715,AUD,-7.741935483870975,309,0.04058526846695381,44816095,AUD,Process industries,No rating,Chemicals: specialty,-23.11827956989248,-11.180124223602492,-13.333333333333332,-4.6666666666666705,-26.666666666666668,0.0499500499498914,0.7953024846021721,0.7830409785807944,0.8273439596184479,0.8820330937644161,0.7885714285714288,0.8320833333333337,220.935,AUD
RKT,RocketDNA Ltd,0.022,AUD,0,49127,0.040499176859403296,27171660,AUD,Technology services,No rating,Data processing services,-8.333333333333341,0,0,4.761904761904749,-15.384615384615387,5.5194805194804815,0.022200789154653313,0.022166578434540812,0.022392317098968207,0.02146764527935447,0.02199999999999997,0.022783333333333336,1080.7939999999999,AUD
OFX,OFX Group Ltd.,0.817,AUD,0.2453987730061352,39622,0.040466982978170585,190857563,AUD,Commercial services,Strong buy,Miscellaneous commercial services,66.73469387755101,0.8641975308641845,45.89285714285712,58.64077669902911,31.77419354838709,1.4862738240952005,0.7702829469693144,0.810941879995044,0.6863298831274097,0.6550716445763882,0.8167142857142853,0.6343666666666674,32371.174,AUD
MEK,Meeka Metals Limited,0.11,AUD,0,598798,0.040401889217002024,298413823,AUD,Non-energy minerals,Strong buy,Precious metals,-59.25925925925927,-4.347826086956525,9.999999999999995,-8.33333333333333,-50,8.181818181818189,0.10395125073757477,0.10634702523619938,0.10836526173794664,0.148031162394662,0.10857142857142857,0.10723333333333343,65867.78,AUD
SXL,Southern Cross Media Group Limited,0.545,AUD,0,75185,0.04038642912846425,258540732,AUD,Consumer services,Buy,Broadcasting,-31.446540880503143,4.807692307692312,0,-4.385964912280687,-17.424242424242422,3.0799475753603796,0.5421304092964966,0.5439158155911336,0.5488442388935214,0.610611636417136,0.545714285714286,0.555750000000002,40975.825000000004,AUD
MOM,Moab Minerals Limited,0.002,AUD,0,50000,0.04025572692060677,3023554,AUD,Non-energy minerals,No rating,Other metals/Minerals,-33.333333333333336,100,0,100,0,1.4094628242311558e-13,0.0015271489683174979,0.0015094527141989336,0.0015807426549886475,0.0020247468055614704,0.0012857142857142852,0.0015333333333333392,100,AUD
ALQ,ALS Ltd.,22.4,AUD,-0.44444444444445075,54158,0.039716791803137065,11348652220,AUD,Commercial services,Buy,Miscellaneous commercial services,1.7257039055404133,-3.448275862068969,2.0501138952163975,-3.448275862068969,-8.121410992616902,2.96715561224481,22.57863294004376,22.704882740485992,22.5381017887858,21.97611493877349,22.938571428571436,22.738833333333325,1213139.2,AUD
NOU,Noumi Limited,0.12,AUD,0,5900,0.03947393950585318,33253117.000000004,AUD,Consumer non-durables,Neutral,Food: meat/fish/dairy,-7.692307692307699,0,14.285714285714286,19.99999999999999,0,0.8928571428572462,0.11742667935469801,0.1198441033739567,0.11138992673030743,0.11594597295599,0.1199999999999999,0.10484999999999997,708,AUD
TSO,Tesoro Gold Ltd,0.97,AUD,1.0416666666666676,2901,0.03897679530397439,172996065,AUD,Non-energy minerals,Strong buy,Precious metals,-26.51515151515152,1.5706806282722527,10.227272727272723,-1.52284263959391,-4.901960784313729,4.4035346097202215,0.9254430253762393,0.9522867872302867,0.9245573664103772,0.9280574327498012,0.9731428571428575,0.9268999999999998,2813.97,AUD
FG1,Flynn Gold Ltd,0.021,AUD,0,32435,0.03860149181347275,12781762,AUD,Non-energy minerals,No rating,Precious metals,-12.499999999999996,5.000000000000004,-4.545454545454534,-4.545454545454534,-19.230769230769223,3.7414965986394377,0.020446312579104155,0.020617646061614047,0.02086706087706782,0.02300465191013418,0.020571428571428574,0.021016666666666677,681.135,AUD
RBX,Resource Base Limited,0.025,AUD,0,6385,0.03837706776362371,3479612,AUD,Non-energy minerals,No rating,Other metals/Minerals,-34.21052631578947,-10.714285714285712,-7.407407407407402,-40.476190476190474,-41.860465116279066,6.5714285714287834,0.0290954799908894,0.02601532957738649,0.034443583142852854,0.049000633126035836,0.025714285714285728,0.03793333333333333,159.625,AUD
LDX,Lumos Diagnostics Holdings Ltd.,0.115,AUD,0,54875,0.03797001078382903,103930241,AUD,Health technology,Strong buy,Medical specialties,-58.92857142857144,-4.166666666666659,30.681818181818194,-7.9999999999999964,-59.64912280701755,7.7639751552795,0.11177900895994254,0.11466798428384631,0.11438066138663593,0.15027089171400734,0.1142857142857143,0.10688333333333343,6310.625,AUD
AFA,ASF Group Limited,0.07,AUD,0,500,0.03792274378635843,55428281,AUD,Finance,No rating,Financial conglomerates,25.00000000000001,1.4492753623188417,1.4492753623188417,12.903225806451625,12.903225806451625,0.612244897959187,0.06756449583642025,0.06940717476695893,0.06472748153483791,0.061840309682076246,0.07000000000000002,0.06266666666666669,35,AUD
FTI,Fortifai Limited,0.73,AUD,-3.3112582781456985,47469,0.037861104803452686,261822709.99999997,AUD,Technology services,No rating,Packaged software,97.2972972972973,18.69918699186992,5.035971223021588,14.960629921259837,87.17948717948718,10.12720156555781,0.6724626798917187,0.6934034918889707,0.7055343532540064,0.5578771014784115,0.7050000000000006,0.7845000000000001,34652.37,AUD
EDU,EDU Holdings Limited,1.15,AUD,1.3215859030836918,10900,0.03735355862898047,146970783,AUD,Commercial services,Strong buy,Miscellaneous commercial services,41.10429447852761,-2.5423728813559348,22.994652406417096,34.50292397660818,55.405405405405396,4.875776397515526,1.1058396162357358,1.1415795589872546,1.0441602927027875,0.8497716422602538,1.1528571428571428,1.0403666666666662,12534.999999999998,AUD
AQZ,Alliance Aviation Services Limited,0.915,AUD,-1.6129032258064528,65778,0.037110612338643906,157839623,AUD,Transportation,Neutral,Airlines,-26.209677419354833,1.666666666666668,69.44444444444444,55.08474576271188,-3.174603174603166,6.619828259172647,0.7767161580179167,0.8836057816503009,0.6713394969205096,0.9653313001246943,0.9442857142857181,0.6020666666666655,60186.87,AUD
CDT,Castle Minerals Ltd,0.071,AUD,0,10000,0.03710726597375032,12577334,AUD,Non-energy minerals,No rating,Precious metals,16.39344262295081,4.411764705882336,0,5.970149253731328,24.561403508771917,3.2193158953722447,0.07129924824436908,0.07074536413138394,0.07080623150748942,0.06816481334814711,0.07042857142857142,0.07445000000000006,709.9999999999999,AUD
A1N,ARN Media Limited,0.26,AUD,1.960784313725492,26414,0.0369712725905617,79556380,AUD,Consumer services,Sell,Broadcasting,-35,6.122448979591843,1.960784313725492,0,-27.777777777777775,1.7857142857142645,0.25121117319092834,0.25294169110915204,0.25171091712278537,0.3231893652259743,0.2514285714285715,0.24561666666666618,6867.64,AUD
AKM,Aspire Mining Limited,0.21,AUD,2.4390243902439046,3333,0.03681990064260835,104065583,AUD,Energy minerals,No rating,Coal,-19.230769230769237,0,4.99999999999999,-8.69565217391305,-23.636363636363644,2.5510204081631906,0.20475437370954253,0.20643966988512077,0.21210265177148147,0.23520870028255741,0.20928571428571427,0.21690000000000012,699.93,AUD
RTR,Rumble Resources Limited,0.047,AUD,0,67246,0.03679778602595776,63693042,AUD,Non-energy minerals,No rating,Precious metals,-4.081632653061228,-2.0833333333333353,4.444444444444448,-18.965517241379313,6.818181818181825,5.6231003039514675,0.047071001202115215,0.047649396867973544,0.04719606129588862,0.045818559231069166,0.04857142857142856,0.047516666666666645,3160.562,AUD
MML,McLaren Minerals Limited,0.014,AUD,0,25000,0.03678821246811382,7076456,AUD,Non-energy minerals,No rating,Other metals/Minerals,-44,0,27.272727272727284,-6.666666666666662,-36.36363636363636,5.1020408163265545,0.012899252418831579,0.013467424510837458,0.012994427836254074,0.039999433426692904,0.013285714285714397,0.012583333333332824,350,AUD
NGI,Navigator Global Investments Ltd,2.565,AUD,-0.19455252918287524,16955,0.03663159568570329,1568209285,AUD,Finance,Strong buy,Investment managers,-12.115479396645942,-0.9652509652509619,3.0120481927710734,2.1912350597609627,-14.152537833888598,3.6480089111667655,2.5199300199601824,2.565384254805452,2.480434235043781,2.43473010278598,2.6007142857142864,2.4680833333333325,43489.575,AUD
SIX,Sprintex Limited,0.068,AUD,1.492537313432837,10000,0.036542655510924796,47854681,AUD,Producer manufacturing,No rating,Auto parts: OEM,-26.88172043010752,0,-4.225352112676041,3.030303030303033,1.492537313432837,2.941176470588197,0.06935305901137255,0.06838799988493086,0.06993770800527377,0.06595777131917192,0.06799999999999995,0.06928333333333328,680,AUD
BP8,BPH Global Limited,0.002,AUD,100,50000,0.036465748415362605,4706970,AUD,Health technology,No rating,Pharmaceuticals: other,0,0,100,100,0,7.142857142857395,0.00161854969689487,0.0016829509404157833,0.001658890397439022,0.0024281796470164174,0.0018571428571428526,0.0017166666666666663,100,AUD
MYE,Mastermyne Group Limited,0.54,AUD,0,31085,0.036445742273203664,183653673,AUD,Industrial services,Strong buy,Engineering & construction,280.2816901408451,-10.743801652892554,58.8235294117647,157.1428571428572,237.5,8.928571428571416,0.4913182204604869,0.5378078700663695,0.40299111537759635,0.25964808567156245,0.5600000000000003,0.35533333333333333,16785.9,AUD
ADN,Andromeda Metals Limited,0.006,AUD,0,294650,0.03620997953918039,32350668,AUD,Non-energy minerals,No rating,Precious metals,-57.142857142857146,-14.285714285714286,-25,-25,-53.84615384615385,14.285714285714334,0.0067122818232685805,0.006480445657379495,0.007092758213443956,0.009633870660172007,0.006428571428571428,0.0070000000000000045,1767.9,AUD
SNL,Supply Network Limited,34.28,AUD,-0.7240081088908196,1466,0.03607771721074456,1485443078,AUD,Distribution services,Buy,Wholesale distributors,5.639445300462244,-3.3685694150810437,0.9720176730485958,18.656974731741087,-1.0678210678210605,3.0525920986831325,33.99828953619824,34.41466210068333,33.14898456554627,33.15769173026126,34.53714285714285,32.61699999999999,50254.48,AUD
RAN,Range International Limited,0.17,AUD,0,188,0.036051238781928376,3185363,AUD,Producer manufacturing,No rating,Miscellaneous manufacturing,-43.33333333333333,-2.857142857142844,-17.073170731707304,-15,-43.33333333333333,2.9411764705882213,0.17876703125987578,0.17436155642199636,0.1963565172166925,0.28790359141730537,0.1735714285714282,0.1924166666666666,31.96,AUD
ANG,Austin Engineering Limited,0.152,AUD,1.3333333333333346,9563,0.035727708756595034,96582190,AUD,Producer manufacturing,Strong buy,Industrial machinery,-36.666666666666664,-5.000000000000004,1.3333333333333346,-15.555555555555555,-42.64150943396227,3.6184210526315277,0.15296113035398795,0.15414222235455302,0.1552511261142147,0.20358371749725096,0.15599999999999986,0.15358333333333282,1453.576,AUD
SEC,Spheria Emerging Cos. Ltd.,2.34,AUD,0.429184549356214,1695,0.03510872311956022,140256090,AUD,Miscellaneous,No rating,Investment trusts,-17.89473684210527,-0.42553191489362685,-2.500000000000002,-0.42553191489362685,-6.772908366533862,2.1062271062270534,2.3449028515424137,2.339354595602748,2.3566722606633785,2.438271717684283,2.3371428571428576,2.3534999999999964,3966.2999999999997,AUD
AX8,Accelerate Resources Ltd.,0.006,AUD,0,86841,0.03491368470821136,8467132,AUD,Non-energy minerals,No rating,Precious metals,-14.285714285714286,20,20,-14.285714285714286,0,3.571428571428649,0.005339637321713563,0.005499732642019719,0.005514927805534334,0.006823085586800498,0.005428571428571426,0.005666666666666673,521.046,AUD
LF1,La Trobe Private Credit Fund,1.91,AUD,0,3618,0.03459463180812888,260582173,AUD,Finance,No rating,Investment managers,-4.020100502512566,0.26246719160104426,-0.26109660574413135,1.0582010582010593,-3.7783375314861547,1.166791323859431,1.9006596438198966,1.9029973890085972,1.8977603606163223,1.9313499364353406,1.9000000000000004,1.889416666666667,6910.38,AUD
HFR,Highfield Resources Limited,0.017,AUD,0,14300,0.034394156553060926,8059310,AUD,Non-energy minerals,No rating,Other metals/Minerals,-59.52380952380952,-5.555555555555542,-29.166666666666664,-45.16129032258064,-58.536585365853654,4.201680672268754,0.018391409902141585,0.01726054426159069,0.022381488874206757,0.05129826188296672,0.017142857142857102,0.025649999999999975,243.10000000000002,AUD
HWK,Hawk Resources Limited.,0.032,AUD,-3.030303030303033,134461,0.03434130590898483,23459429,AUD,Non-energy minerals,No rating,Precious metals,-2.3528686591156864,6.666666666666673,0,-7.932718381434171,-19.441122789351123,8.482142857142879,0.02987988234504254,0.031267128376000305,0.029251050577903608,0.03840057162262462,0.031857142857142855,0.028266666666666683,4302.752,AUD
WCN,White Cliff Minerals Limited,0.018,AUD,0,201659,0.03410999443523618,59487963,AUD,Non-energy minerals,No rating,Precious metals,-5.263157894736847,5.882352941176455,0,5.882352941176455,5.882352941176455,5.9523809523807545,0.017212128176050792,0.017593245719112686,0.016778711364745343,0.017244764661968656,0.017714285714285703,0.01656666666666668,3629.8619999999996,AUD
AGN,Argenica Therapeutics Ltd,0.195,AUD,-4.878048780487796,1996,0.03394182615867294,21837641,AUD,Health technology,Strong buy,Biotechnology,-34.99999999999999,8.333333333333341,39.28571428571428,44.44444444444444,-23.52941176470588,4.945054945055103,0.1666966327527315,0.1795874844895197,0.1519955393578579,0.22733486945867745,0.1821428571428572,0.13421666666666682,389.22,AUD
ATX,Amplia Therapeutics Ltd.,0.152,AUD,-1.9354838709677438,87057,0.03379780714320654,74430240,AUD,Health technology,Strong buy,Biotechnology,-1.9354838709677438,8.571428571428559,7.042253521126767,8.571428571428559,26.666666666666668,7.518796992481239,0.14392824193291126,0.1474487938861774,0.14059460433124352,0.1409572502337939,0.14671428571428574,0.13473333333333326,13232.663999999999,AUD
EV8,Everlast Minerals Ltd,0.41,AUD,1.2345679012345552,1000,0.03363255092809025,53101577,AUD,Non-energy minerals,No rating,Construction materials,2.499999999999988,-3.529411764705886,-11.827956989247323,9.333333333333327,-4.651162790697678,1.306620209059256,0.4433150271900671,0.42966949617735534,0.4397036734218183,,0.4271428571428572,0.4340833333333334,410,AUD
UNI,Universal Store Holdings Ltd.,7.255,AUD,-2.091767881241569,5947,0.03344539913459256,564665171,AUD,Retail trade,Strong buy,Apparel/Footwear retail,-9.312500000000002,-7.931472081218274,-4.287598944591031,13.536776212832557,-14.847417840375584,3.111154868563495,7.485074731836116,7.4816062486379975,7.40673359032854,7.65013305437721,7.552142857142856,7.277083333333327,43145.485,AUD
AYUPA,Australian Unity Ltd Pref.,66.3505,AUD,0.34102079395084567,104,0.03332158533850245,496392227,AUD,Health services,No rating,Medical/Nursing services,-17.577018633540376,-3.2932517125783454,-4.607145424484235,6.844605475040249,-11.885126162018594,2.152798934661957,67.71017999857082,67.2150302924603,66.96655756360275,70.62204811449492,66.9288571428569,65.4089249999997,6900.451999999999,AUD
NAE,New Age Exploration Limited,0.002,AUD,0,189001,0.03304083953776704,10855656,AUD,Non-energy minerals,No rating,Precious metals,-50,0,0,0,-50,3.571428571428931,0.002030861476737103,0.0020085851003300735,0.002056025539001196,0.002524513701724379,0.0020000000000000005,0.002000000000000007,378.002,AUD
C79,Chrysos Corp. Ltd.,7.65,AUD,2.000000000000005,24867,0.03230513025007083,885485862,AUD,Finance,Strong buy,Finance/Rental/Leasing,3.09973045822103,15.037593984962406,41.40480591497228,36.60714285714287,-3.2869785082174436,4.957983193277464,6.681854706858857,7.223614904454794,6.323581656383021,6.682421948271155,7.474285714285712,6.053666666666667,190232.55000000002,AUD
ARD,Argent Minerals Limited,0.023,AUD,-4.1666666666666705,96747,0.03226442777388054,39159185,AUD,Non-energy minerals,No rating,Other metals/Minerals,-45.23809523809524,-8.000000000000007,9.523809523809517,-17.85714285714286,-32.352941176470594,5.27950310558998,0.0228800655535693,0.02315524753850348,0.023385276721431033,0.026642109222790637,0.02328571428571429,0.023483333333333325,2225.181,AUD
RRR,Revolver Resources Holdings Ltd,0.059,AUD,3.5087719298245523,10000,0.032032996549085285,20021824,AUD,Non-energy minerals,No rating,Other metals/Minerals,-28.915662650602417,3.5087719298245523,-13.23529411764707,0,-30.588235294117656,5.569007263922651,0.06071286833688909,0.05901907344342502,0.06501291580067019,0.06980540483419441,0.059000000000000004,0.06868333333333339,590,AUD
DDT,Datadot Technology Limited,0.003,AUD,0,23666,0.03155796973416551,3658362,AUD,Electronic technology,No rating,Computer communications,-25,0,0,-25,-25,4.336808689942018e-14,0.003223035992532785,0.003074834811246844,0.0035488641184246842,0.004039487357376308,0.0029999999999999923,0.0038500000000000136,70.998,AUD
LLM,Loyal Metals Limited.,0.44,AUD,0,8370,0.031375200921238876,66994625,AUD,Non-energy minerals,No rating,Precious metals,44.26229508196722,0,0,2.325581395348839,37.5,0.7305194805195839,0.4384444993815053,0.43965991454560255,0.4299855254454455,0.3710958050025518,0.44000000000000006,0.4326499999999998,3682.8,AUD
CCA,Change Financial Ltd,0.05,AUD,2.0408163265306136,26275,0.031244243894648808,33141744.000000004,AUD,Technology services,Strong buy,Packaged software,-26.47058823529412,4.1666666666666705,-30.555555555555546,-37.5,-38.27160493827161,4.142857142857406,0.05278281731835624,0.04912746690837728,0.06141317454904228,0.07147916868722638,0.048000000000000105,0.06556666666666662,1313.75,AUD
ECP,ECP Emerging Growth Ltd.,0.83,AUD,7.792207792207785,625,0.031165696790182558,14246848,AUD,Miscellaneous,No rating,Investment trusts,-25.225225225225238,11.409395973154357,14.482758620689653,6.410256410256401,-12.631578947368421,1.7641996557656576,0.7390487119854467,0.7571589219032907,0.7715534630330686,0.9935076001702329,0.7578571428571426,0.7707499999999993,518.75,AUD
OD6,OD6 Metals Ltd.,0.125,AUD,0,37036,0.030960891101193194,38202102,AUD,Non-energy minerals,No rating,Other metals/Minerals,40.4494382022472,8.69565217391304,19.04761904761905,-10.714285714285722,150,8.457142857142841,0.11940112447074293,0.12467212769499637,0.1182266168671046,0.10432499011842965,0.12742857142857142,0.11620000000000005,4629.5,AUD
PIA,Pengana International Equities Ltd Registered,1.125,AUD,-0.8810572687224677,4544,0.030872081963203523,295382520,AUD,Miscellaneous,No rating,Investment trusts,-12.451361867704275,-1.746724890829696,-15.41353383458647,-10.358565737051785,-10,2.063492063491918,1.1898635477723867,1.1490691393607961,1.2331929519782219,1.2435788433944481,1.1364285714285711,1.259249999999999,5112,AUD
CIW,Clime Investment Management Ltd,0.3,AUD,0,642,0.030774540538985876,24703041,AUD,Finance,No rating,Investment managers,-21.052631578947373,-4.761904761904766,0,-4.761904761904766,-18.918918918918923,1.5000000000002789,0.3095354765532769,0.30592997550969075,0.3281965465985148,0.3657528147114498,0.30928571428571366,0.33869999999999983,192.6,AUD
ITM,ITech Minerals LTD,0.051,AUD,1.999999999999988,94554,0.03072685317819534,12422041,AUD,Non-energy minerals,No rating,Other metals/Minerals,1.9999999999999878,-3.773584905660381,49.99999999999998,41.66666666666667,15.909090909090908,9.803921568627393,0.044311180326670176,0.048869543427426436,0.04009365496230533,0.04180300464636277,0.05185714285714282,0.037666666666666675,4822.254,AUD
WOA,Wide Open Agriculture Ltd.,0.013,AUD,0,15098,0.03058182643871613,8507810,AUD,Process industries,No rating,Agricultural commodities/Milling,-31.57894736842105,8.333333333333327,29.999999999999993,8.333333333333327,-18.750000000000007,4.39560439561111,0.01092804390150811,0.011954408724807119,0.010472915856853547,0.013992028767707668,0.012428571428571428,0.009916666666666676,196.274,AUD
ICR,InteliCare Holdings Limited,0.027,AUD,3.84615384615385,10000,0.030347457141044965,18597976,AUD,Electronic technology,No rating,Computer peripherals,12.499999999999996,22.727272727272734,28.571428571428562,3.84615384615385,28.571428571428562,2.38095238095233,0.02286503857737041,0.024346685627469413,0.022278536183796202,0.021274193881540306,0.02442857142857142,0.022549999999999997,270,AUD
PEC,Perpetual Resources Ltd.,0.013,AUD,0,17146,0.028950866263409994,14091143,AUD,Non-energy minerals,No rating,Construction materials,44.44444444444445,-7.1428571428571495,-23.52941176470589,0,8.333333333333327,7.142857142857258,0.01381608384085768,0.01327992754122685,0.014610834486085324,0.013663595451453342,0.013428571428571434,0.01571666666666666,222.898,AUD
CVN,Carnarvon Energy Limited,0.1,AUD,0,61683,0.028849434975189197,178908694,AUD,Energy minerals,Buy,Integrated oil,16.279069767441875,3.092783505154642,-4.761904761904753,-19.999999999999996,5.263157894736847,3.7142857142856425,0.09950824773043353,0.0995319725578378,0.10261043001802815,0.10462194543948819,0.10028571428571419,0.10633333333333338,6168.3,AUD
HRE,Heavy Rare Earths Limited,0.041,AUD,2.500000000000002,5278,0.028466242315786462,7905287,AUD,Non-energy minerals,No rating,Precious metals,-22.64150943396226,5.128205128205133,-4.651162790697663,51.851851851851855,-6.8181818181818095,2.7874564459929903,0.037018367907489205,0.03872861938476193,0.03432800687612389,0.03708085530377496,0.039142857142857146,0.03063333333333331,216.398,AUD
HTM,High-Tech Metals Limited,0.245,AUD,3.3755274261603407,4065,0.028406113079390376,25793559,AUD,Non-energy minerals,No rating,Other metals/Minerals,-25.75757575757576,2.0833333333333353,-2.0000000000000018,-3.921568627450984,-12.50000000000001,0.37900874635605447,0.2457954180742026,0.2426404947688093,0.25123725102828626,0.24951544119814817,0.24171428571428558,0.25123333333333336,995.925,AUD
GSN,Great Southern Mining Limited,0.027,AUD,0,44242,0.0282406500162453,31574187,AUD,Non-energy minerals,No rating,Precious metals,-34.146341463414636,3.84615384615385,28.571428571428562,35,-12.903225806451614,5.29100529100529,0.024452431264493053,0.025975484689786978,0.023013583526912535,0.02565433045169357,0.026714285714285715,0.021283333333333328,1194.5339999999999,AUD
WHI,Whitefield income limited,1.31,AUD,0,9090,0.028103617946617965,400939774,AUD,Finance,No rating,Financial conglomerates,-5.830995779496178,1.5503875968992262,-1.1320754716981059,3.7330434087153304,-6.82224875867674,1.744820065430824,1.3103766554927878,1.3075181068384047,1.3101270324605845,1.3267514928782471,1.3007142857142868,1.2999999999999978,11907.9,AUD
R8R,Regener8 Resources NL,0.12,AUD,0,999,0.028095022484454932,9555491,AUD,Non-energy minerals,No rating,Precious metals,-8.571428571428578,0,14.285714285714286,-14.285714285714297,14.285714285714286,3.8690476190476537,0.12596677865684835,0.12209425042479122,0.12769636351042557,0.12576349300982764,0.12142857142857141,0.12880208333333337,119.88,AUD
SVG,Savannah Goldfields Limited,0.009,AUD,-10.000000000000009,138211,0.027880641941235514,22415769,AUD,Non-energy minerals,No rating,Precious metals,-52.631578947368425,-10.000000000000009,-18.181818181818183,-10.000000000000009,-43.75,7.936507936508303,0.009950457139855089,0.009677030510647841,0.010278508277845181,0.01733446681657828,0.00957142857142857,0.00993333333333335,1243.899,AUD
BET,Betmakers Technology Group Ltd.,0.215,AUD,-2.2727272727272747,534252,0.02779198237109007,246462089,AUD,Technology services,Neutral,Packaged software,16.216216216216218,-2.2727272727272747,19.444444444444446,16.216216216216218,21.468926553672322,4.219269102989591,0.19304655427891887,0.20704154203120026,0.18121580743325527,0.17275162570640729,0.21857142857142844,0.17350000000000013,114864.18,AUD
5GG,Pentanet Ltd,0.022,AUD,-4.347826086956526,132231,0.027763498022283024,9962948,AUD,Technology services,No rating,Internet software/Services,4.761904761904749,-4.347826086956526,46.666666666666664,29.411764705882337,-21.428571428571434,7.467532467532062,0.01988194755580275,0.021801552208793415,0.018503679141029725,0.021961839533628243,0.022857142857142854,0.017316666666666647,2909.082,AUD
BEZ,Besra Gold Inc Shs Chess Depository Interests Repr 1 Sh,0.084,AUD,-1.176470588235295,2253,0.027300123232247345,34284275,AUD,Non-energy minerals,No rating,Precious metals,29.230769230769234,5.000000000000004,-8.695652173913038,-42.068965517241374,10.526315789473694,5.017006802721218,0.08320388250432892,0.08191737289463875,0.0892212819441131,0.08661937836185768,0.0814285714285714,0.09466666666666669,189.252,AUD
AMN,Agrimin Limited,0.053,AUD,0,5365,0.027271516540314494,20666260,AUD,Non-energy minerals,No rating,Other metals/Minerals,-19.696969696969703,5.999999999999992,5.999999999999992,-33.75,-27.397260273972602,4.0431266846356175,0.051409741222484824,0.05005014474924151,0.05679740676562712,0.07160274143547485,0.04885714285714292,0.060599999999999994,284.34499999999997,AUD
PRM,Prominence Energy Limited,0.001,AUD,0,50000,0.027044639665875378,4013200.9999999995,AUD,Energy minerals,No rating,Oil & gas production,-66.66666666666667,0,0,-66.66666666666667,-66.66666666666667,28.571428571431447,0.0010837787146452198,0.0010030750901313123,0.0015031131145584963,0.0030347835537223467,0.0010000000000000213,0.0017833333333333588,50,AUD
1AI,Algorae Pharmaceuticals Limited,0.012,AUD,0,19592,0.02704000048581463,22303281,AUD,Health technology,No rating,Pharmaceuticals: other,-7.692307692307686,0,-7.692307692307686,-7.692307692307686,-36.84210526315789,4.761904761904764,0.011848211370663969,0.011685548801034866,0.012074220134660259,0.012493169026198668,0.011571428571428576,0.011783333333333344,235.104,AUD
RND,Rand Mining Limited,2.19,AUD,-0.454545454545465,356,0.026987484175176064,125127118,AUD,Non-energy minerals,No rating,Precious metals,-15.116279069767447,-0.454545454545465,-3.9473684210526256,-10.245901639344263,-22.614840989399298,2.1852576647096873,2.254191912833133,2.215818543045999,2.329771831903495,2.3441238753205256,2.215714285714285,2.3619999999999988,779.64,AUD
FGG,Future Generation Global Limited,1.665,AUD,0,7027,0.026791344721910644,667510900,AUD,Miscellaneous,No rating,Investment trusts,8.469055374592841,-2.05882352941176,-1.7699115044247802,0.9090909090909167,5.379746835443036,1.2226512226507755,1.679081372992557,1.671679970678714,1.680796200268741,1.624900495870909,1.671428571428576,1.6910833333333335,11699.955,AUD
EME,Energy Metals Ltd,0.084,AUD,0,2337,0.026264653754991353,17613399,AUD,Non-energy minerals,No rating,Other metals/Minerals,5.000000000000004,0,16.666666666666682,-6.666666666666658,-10.63829787234042,1.5306122448984465,0.08121665853482792,0.0813618369938399,0.08431731607021549,0.08807308520952438,0.0814285714285715,0.08680000000000004,196.30800000000002,AUD
VMT,Vmoto Limited,0.105,AUD,0,1476,0.025936098093275066,42312746,AUD,Consumer durables,No rating,Motor vehicles,45.83333333333334,0,-8.69565217391305,-6.250000000000005,54.41176470588234,1.9047619047618667,0.10897194739942079,0.10734579251086077,0.10946889521688306,0.09566526222397756,0.10785714285714287,0.11491666666666693,154.98,AUD
NVX,NOVONIX Ltd,0.145,AUD,-3.3333333333333366,64187,0.025898335787717816,149667688,AUD,Electronic technology,No rating,Electronic equipment/Instruments,-65.47619047619048,-6.451612903225812,-3.3333333333333366,-35.555555555555564,-57.352941176470594,4.975369458127994,0.14913701308706054,0.1482865824410499,0.16746008297392592,0.2865759897458068,0.1500000000000001,0.1747499999999998,9307.115,AUD
FLC,Fluence Corporation Limited,0.072,AUD,0,8483,0.0244527673597208,80196989,AUD,Industrial services,Strong buy,Environmental services,-27.27272727272728,1.4084507042253536,-15.294117647058837,-8.860759493670894,-10.000000000000009,4.960317460318388,0.0744545083332032,0.07227245438709873,0.07783283920518508,0.08122970932530692,0.07157142857142859,0.07991666666666655,610.776,AUD
AIH,Advanced Innergy Holdings Ltd.,0.475,AUD,3.2608695652173822,57115,0.024275362472835522,192166342,AUD,Process industries,Strong buy,Industrial specialties,-50.77720207253886,11.76470588235294,-28.03030303030304,-39.49044585987262,-47.22222222222223,10.631578947368443,0.5056986534772661,0.4685777481750391,0.6011537050131427,,0.4628571428571421,0.655083333333333,27129.625,AUD
HFY,Hubify Ltd.,0.012,AUD,-7.692307692307685,5000,0.024253501478008383,6722153,AUD,Communications,No rating,Specialty telecommunications,50,-7.692307692307686,0,9.090909090909099,20,1.785714285714209,0.01177629637596089,0.012157703796588057,0.011761266123725654,0.012078866016418624,0.0122857142857143,0.011366666666666657,60,AUD
VML,Vital Metals Ltd,0.1,AUD,-1.9607843137254783,1001,0.024156279788120058,24787966,AUD,Non-energy minerals,No rating,Other metals/Minerals,-41.1764705882353,0,-4.761904761904753,-28.571428571428577,-42.85714285714285,3.6428571428572534,0.10244172131580868,0.10142678441506202,0.10811377670147006,0.13956334925628655,0.10085714285714285,0.10796666666666661,100.10000000000001,AUD
SRV,Servcorp Limited,6.41,AUD,-0.1557632398753861,1127,0.023887594771435778,645867018,AUD,Finance,No rating,Real estate development,-5.873715124816439,-5.735294117647054,2.0700636942675144,3.721682847896447,-19.47236180904522,2.685535992868314,6.5002519022066085,6.513548006254738,6.489932146521153,6.5933792395894795,6.534285714285721,6.496166666666655,7224.07,AUD
BUS,Bubalus Resources Ltd.,0.075,AUD,0,2480,0.023750444123728322,5241601,AUD,Non-energy minerals,No rating,Other metals/Minerals,-46.42857142857144,7.142857142857129,2.739726027397263,-19.354838709677423,-28.571428571428573,1.7142857142855759,0.074369054720844,0.0734615712533613,0.07872643393058412,0.1013298497197277,0.07271428571428559,0.0808,186,AUD
CTO,Citigold Corporation Limited,0.012,AUD,0,60000,0.02372561328238917,36000000,AUD,Non-energy minerals,No rating,Precious metals,-29.41176470588236,-19.999999999999996,0,-25,-33.33333333333333,10.119047619047695,0.011950985000442003,0.012164533188295646,0.012400623475974122,0.013216232288189689,0.01257142857142857,0.012366666666666656,720,AUD
AMX,Aerometrex Ltd.,0.305,AUD,0,1645,0.023147724698270464,28972145,AUD,Industrial services,No rating,Engineering & construction,7.0175438596491295,5.172413793103453,10.9090909090909,10.9090909090909,17.3076923076923,3.3021077283370706,0.27528897600518615,0.28536785883305194,0.26707838096374426,0.26032705267577444,0.2842857142857143,0.26178333333333337,501.72499999999997,AUD
NHE,Noble Helium Ltd.,0.029,AUD,3.5714285714285747,40423,0.022513134843335357,34916760,AUD,Process industries,No rating,Chemicals: specialty,-23.684210526315784,0,-3.333333333333325,-14.70588235294118,0,5.418719211822634,0.02834374536804958,0.028486469648147553,0.028871730282184763,0.031826342997429584,0.02885714285714283,0.029866666666666673,1172.267,AUD
CRN,Coronado Global Resources Inc. Shs Chess Depository Interests Repr 10 Sh,0.157,AUD,1.2903225806451626,116769,0.022254426862125587,268232587.00000003,AUD,Energy minerals,Neutral,Coal,-50.9375,-17.36842105263158,-17.36842105263158,-30.222222222222225,-50.15873015873016,8.689717925386809,0.17008617431612322,0.1638344380937253,0.19048384574178048,0.2710690621217088,0.16385714285714287,0.20219999999999982,18332.733,AUD
LRD,Lord Resources Limited,0.014,AUD,0,10608,0.022117998521296697,2480828,AUD,Non-energy minerals,No rating,Precious metals,-22.222222222222214,0,0,-22.222222222222214,-30,1.530612244897472,0.014272551071756304,0.013962373233393673,0.015678740641103497,0.022356218487497373,0.013857142857142828,0.016550000000000082,148.512,AUD
ALA,Arovella Therapeutics Limited,0.065,AUD,0,15572,0.022047781898561516,74948818,AUD,Health technology,No rating,Pharmaceuticals: major,-30.10752688172043,8.333333333333341,0,-12.162162162162156,-24.418604651162784,3.516483516483817,0.062462261705219596,0.062385868601563005,0.06502152089628997,0.07666576576781137,0.06199999999999989,0.0659833333333334,1012.1800000000001,AUD
P1E,Pure One Corporation Limited,0.033,AUD,3.1250000000000027,8948,0.022012457161441006,13379759,AUD,Energy minerals,No rating,Oil & gas production,-57.14285714285714,0,-8.333333333333323,-49.23076923076923,-53.52112676056338,6.926406926407013,0.03364384208975739,0.032723006808902014,0.03958084244787625,,0.03271428571428571,0.04313333333333332,295.284,AUD
ESK,Etherstack Plc Shs Chess Depository Interests repr 1 sh,0.52,AUD,1.960784313725492,1067,0.021653279649975852,76436838,AUD,Technology services,No rating,Packaged software,-5.454545454545459,-3.703703703703707,-2.2556390977443628,-5.454545454545459,-7.142857142857149,3.983516483516456,0.5222739175574035,0.5240011842080003,0.5270014341637955,0.5267159011762477,0.5285714285714282,0.5212500000000001,554.84,AUD
SND,Saunders International Limited,0.94,AUD,-1.0526315789473695,160,0.02153634931958596,131380754,AUD,Industrial services,Strong buy,Engineering & construction,16.04938271604937,1.0752688172042901,-10.476190476190485,8.670520231213867,-2.0833333333333353,1.1398176291795399,0.9876072245466182,0.9626985822728167,0.9805944235245022,0.90752441468147,0.9442857142857145,0.9697499999999999,150.39999999999998,AUD
MHC,Manhattan Gold Corporation Limited,0.024,AUD,0,15000,0.02099875099429086,16570813.999999998,AUD,Non-energy minerals,No rating,Precious metals,-17.24137931034483,0,14.285714285714281,14.285714285714281,-4.0000000000000036,3.273809523809595,0.023295976670951974,0.023797725643708384,0.02282306222787129,0.024072666257206762,0.024,0.02246666666666668,360,AUD
STM,Sunstone Metals Ltd,0.2,AUD,5.263157894736847,5000,0.020913134368561407,56804047,AUD,Non-energy minerals,Strong buy,Precious metals,-66.66666666666667,2.564102564102566,2.564102564102566,-39.39393939393939,-60.78431372549019,5.964285714285367,0.19316627600138336,0.19493480230641627,0.21483937207233525,0.3454502413843435,0.19714285714285693,0.21520000000000014,1000,AUD
GDI,GDI Property Group,0.635,AUD,-0.7812500000000007,5626,0.020689383801308366,345486399,AUD,Finance,Strong buy,Real estate investment trusts,-0.7812500000000007,0,1.6000000000000014,5.833333333333338,5.833333333333338,1.6085489313833177,0.6340555305019788,0.6376531212537818,0.625576428941059,0.6231265994377632,0.6378571428571428,0.6225833333333327,3572.51,AUD
RLG,RooLife Group Ltd.,0.005,AUD,0,190000,0.02043180600314205,9249983,AUD,Technology services,No rating,Packaged software,25,25,66.66666666666667,66.66666666666667,25,5.714285714285326,0.0037527805906004998,0.004268803613661209,0.0033560005310008844,0.0038668065611019474,0.0042857142857142825,0.0031000000000000047,950,AUD
SYR,Syrah Resources Limited,0.107,AUD,1.9047619047619067,47957,0.020171432570876155,243802379,AUD,Non-energy minerals,Sell,Other metals/Minerals,-63.74909440494715,1.9047619047619064,-10.833333333333332,1.9047619047619064,-49.399777321188274,6.141522029372591,0.1072541837018616,0.10582465758309013,0.11149883803424925,0.16034480906041268,0.10528571428571425,0.11206666666666669,5131.399,AUD
IGN,Ignite Limited,0.67,AUD,1.5151515151515165,258,0.019931860847799392,10916536,AUD,Commercial services,No rating,Personnel services,-10.666666666666663,1.5151515151515165,-12.987012987012985,12.605042016806735,0,0.5863539445630765,0.712340463660661,0.71039296226661,0.7555955881164829,0.890239956056452,0.7171428571428565,0.7253333333333328,172.86,AUD
CG1,Carbonxt Group Ltd.,0.07,AUD,1.449275362318842,3951,0.019568725303832815,29899796,AUD,Process industries,No rating,Chemicals: specialty,-36.36363636363636,0,2.9411764705882377,-5.405405405405392,-18.604651162790685,3.1632653061224434,0.07356592647822671,0.07362849727091,0.07330614447165391,0.07595853356523073,0.07428571428571429,0.07253333333333328,276.57000000000005,AUD
XRG,xReality Group Limited,0.063,AUD,3.2786885245901667,3534,0.01927324487492024,48888564,AUD,Consumer services,No rating,Movies/Entertainment,16.666666666666668,-7.352941176470594,-7.352941176470594,3.278688524590167,18.86792452830189,4.081632653061137,0.065572329116371,0.06457876341818111,0.06518078431729561,0.05773193670224248,0.06471428571428571,0.06651666666666668,222.642,AUD
CCX,City Chic Collective Limited,0.045,AUD,-2.173913043478263,22760,0.01906439073356693,16946942,AUD,Retail trade,No rating,Apparel/Footwear retail,-59.09090909090909,-15.094339622641511,-27.41935483870968,-4.255319148936174,-57.142857142857146,7.936507936508062,0.04964739653623459,0.04795210942459932,0.05049144739632472,0.07136947973548907,0.04742857142857166,0.0462500000000001,1024.2,AUD
VAL,Valiant Gold Limited,0.235,AUD,-2.0833333333333353,45203,0.01901907149669654,64500001,AUD,Non-energy minerals,Strong buy,Precious metals,-21.666666666666668,-6.000000000000005,17.499999999999986,-4.081632653061228,-21.666666666666668,6.443768996960514,0.2210527916370462,0.22988950699755512,0.22217866501618835,,0.2349999999999999,0.213,10622.705,AUD
DWG,DataWorks Group Limited,0.15,AUD,3.448275862068969,1000,0.018723190731271672,14942877,AUD,Technology services,No rating,Packaged software,63.04347826086956,-6.250000000000005,7.142857142857129,15.384615384615378,-16.666666666666668,2.142857142857095,0.14883223690316058,0.15040501956660307,0.1484119225515479,0.1293717723751851,0.15428571428571436,0.1476166666666666,150,AUD
REM,RemSense Technologies Limited,0.03,AUD,0,7255,0.01859229543477783,7274914,AUD,Technology services,No rating,Packaged software,-25.000000000000004,30.434782608695652,11.111111111111109,-28.57142857142858,-41.17647058823529,5.000000000000259,0.02754584054077309,0.027034191812102114,0.03169041039705193,0.03913194430114102,0.026142857142857117,0.03411666666666667,217.65,AUD
GLB,Globe International Limited,2.34,AUD,-0.42553191489362685,34,0.018252093622503757,96225855,AUD,Consumer non-durables,No rating,Apparel/Footwear,-7.8740157480315025,-0.42553191489362685,-2.092050209205032,-10.000000000000007,-17.31448763250884,1.404151404151274,2.321635854191405,2.3327606842533672,2.3700980923292776,2.626827861923686,2.3414285714285668,2.3906666666666725,79.56,AUD
VIT,Vitura Health Limited,0.025,AUD,4.1666666666666705,6500,0.01762828987959878,15905804,AUD,Health technology,No rating,Pharmaceuticals: other,-60.317460317460316,-3.8461538461538365,-21.874999999999996,-32.43243243243243,-50,5.7142857142858245,0.02581005214444809,0.024835776434536674,0.028112874944530887,0.042411502896554196,0.024571428571428442,0.028299999999999954,162.5,AUD
E25,Element 25 Limited,0.275,AUD,0,1950,0.0171877341277886,84747817,AUD,Non-energy minerals,No rating,Other metals/Minerals,-19.11764705882353,-6.77966101694914,14.583333333333346,-1.7857142857142871,-15.384615384615381,5.116883116883156,0.2622120521352777,0.26959148749097894,0.25600913083167837,0.28148274972426124,0.27214285714285713,0.24324999999999974,536.25,AUD
KOA,Koala Company Limited,3.35,AUD,0,1283,0.017059128561741282,303755705,AUD,Consumer durables,Buy,Home furnishings,-9.459459459459461,8.766233766233766,10.927152317880797,12.794612794612789,-9.459459459459461,3.198294243070285,3.143408168412838,3.2045893798736027,3.1349724001605845,,3.1971428571428575,3.0718333333333327,4298.05,AUD
BFL,BSP Financial Group Ltd.,7.98,AUD,-0.7462686567164021,121,0.016979119892231703,3756448547,AUD,Finance,No rating,Major banks,-3.2727272727272676,-0.7462686567164021,-2.0858895705521463,-3.3898305084745686,-6.227967097532307,0.9219477264590915,8.030424118884007,8.001750846014925,8.11116985313361,8.118480321551417,8.00285714285714,8.177916666666667,965.58,AUD
SSM,Service Stream Limited,2.53,AUD,0.7968127490039849,33836,0.016941761915120052,1539829593,AUD,Commercial services,Strong buy,Miscellaneous commercial services,13.513513513513505,1.612903225806453,0,11.504424778761072,14.027149321266972,2.494331065759561,2.4947702827087785,2.4949386214574583,2.4661416943774546,2.2633239107322463,2.4885714285714293,2.504500000000001,85024.8,AUD
PFT,Pure Foods Tasmania Ltd.,0.026,AUD,0,2735,0.016877413207825324,8516159,AUD,Consumer non-durables,No rating,Food: meat/fish/dairy,-13.333333333333334,3.9999999999999893,3.9999999999999893,8.333333333333327,-23.52941176470589,6.868131868131938,0.024733456915280397,0.025556836061517523,0.024255190603275193,0.028011534081106914,0.025142857142857102,0.023499999999999976,71.11,AUD
LYL,Lycopodium Limited,19,AUD,-0.9384775808133458,602,0.016387908881048824,748799008,AUD,Industrial services,Strong buy,Engineering & construction,36.49425287356322,-0.9384775808133458,2.7582477014602573,50.7936507936508,26.666666666666668,3.035714285714351,18.67757395472868,18.938187877104745,17.82875252894892,15.250282171412831,19.09285714285715,17.683166666666672,11438,AUD
MAP,Microba Life Sciences Limited,0.056,AUD,3.703703703703707,2876,0.016322648128315537,34421628,AUD,Health services,Buy,Medical/Nursing services,-25.33333333333333,16.666666666666668,36.58536585365854,-28.2051282051282,-35.63218390804597,2.55102040816254,0.048357889731097746,0.050423096605609535,0.050387143161640294,0.07300333519012062,0.04999999999999989,0.05096666666666661,161.056,AUD
IS3,I Synergy Group Ltd.,0.16,AUD,0,42,0.01625764496400093,11149099,AUD,Commercial services,No rating,Advertising/Marketing services,-64.44444444444446,-8.571428571428564,-28.88888888888889,-8.571428571428564,-36,12.499999999999941,0.1868720710078867,0.17039455438682446,0.21555040461032052,0.2542881192910987,0.16571428571428576,0.23016666666666666,6.72,AUD
RMI,Resource Minerals International Ltd,0.175,AUD,0,17477,0.016251736109819594,164431723,AUD,Non-energy minerals,No rating,Other metals/Minerals,573.0769230769231,0,-5.405405405405411,169.2307692307692,548.1481481481482,4.816326530612211,0.17276861791344714,0.1745244277314375,0.15167541423176656,0.0840889065290573,0.17428571428571424,0.14234999999999998,3058.475,AUD
RNT,Rent.com.au Ltd,0.066,AUD,0,2887,0.016017327785985865,78163762,AUD,Technology services,No rating,Internet software/Services,37.50000000000001,-4.347826086956525,1.5384615384615399,10.000000000000009,37.50000000000001,3.3549783549783907,0.0682481439777479,0.06795659612948277,0.06682266987752167,0.05691034467576401,0.06785714285714281,0.0665833333333334,190.542,AUD
SPQ,Superior Resources Limited,0.003,AUD,-25,46848,0.015821977357429202,10562683,AUD,Non-energy minerals,No rating,Other metals/Minerals,-57.142857142857146,-25,-40,-40,-40,7.142857142857226,0.0038531284112184477,0.003673414236948636,0.0042770732175450394,0.005618192084017022,0.0037142857142857103,0.004516666666666671,140.544,AUD
STH,StepChange Holdings Ltd.,0.135,AUD,-6.896551724137918,582,0.015753103929885156,23834279,AUD,Technology services,No rating,Information technology services,-6.896551724137918,-6.896551724137918,12.500000000000012,-3.5714285714285743,0,1.7460317460317503,0.1308475212997524,0.13596319322770076,0.12953849384299745,,0.13857142857142857,0.13239999999999993,78.57000000000001,AUD
AGC,Australian Gold & Copper Ltd.,0.13,AUD,0,2275,0.015490732796775203,41442295,AUD,Non-energy minerals,No rating,Precious metals,-43.47826086956522,0,4.0000000000000036,-23.529411764705888,-45.83333333333333,4.120879120879085,0.12745644667889833,0.12804160817037652,0.13230215297175804,0.1654343675028225,0.12785714285714284,0.13006666666666652,295.75,AUD
EXP,Experience Co Ltd,0.095,AUD,-1.0416666666666676,2023,0.01539740215457074,72395854,AUD,Consumer services,Strong buy,Movies/Entertainment,-26.923076923076927,0,-3.061224489795921,4.3956043956043995,-9.52380952380952,2.9323308270676924,0.09393435433030431,0.09485464386742239,0.09094892618580212,0.10265830953209265,0.09457142857142861,0.0871333333333335,192.185,AUD
LTP,LTR Pharma Limited,0.485,AUD,1.0416666666666676,2453,0.01481903917288859,89071012,AUD,Health technology,No rating,Biotechnology,-32.63888888888889,-5.825242718446607,-11.818181818181827,21.24999999999999,-4.901960784313729,4.889543446244369,0.48956013887802774,0.48957209848333816,0.48824367998554785,0.48664138822336495,0.4971428571428572,0.4921666666666667,1189.705,AUD
OML,oOh media Ltd,1.657,AUD,-0.18072289156625854,255167,0.014733245328145975,879472512,AUD,Commercial services,Neutral,Advertising/Marketing services,26.00760456273765,-0.18072289156625854,7.249190938511334,21.83823529411764,55.58685446009391,1.2242434692648034,1.6052618894217188,1.6426216817456196,1.5142379905046606,1.3579745755976573,1.6602857142857146,1.4853666666666656,422811.719,AUD
ODA,Orcoda Limited,0.084,AUD,2.4390243902439046,2135,0.014555197262123083,15376167,AUD,Technology services,No rating,Packaged software,40.000000000000014,-9.677419354838705,-14.285714285714285,95.34883720930235,18.309859154929594,4.591836734693836,0.0906413464638925,0.08833448814162476,0.08396640140528153,0.08290356927901683,0.08785714285714281,0.07556666666666677,179.34,AUD
INR,ioneer Limited,0.115,AUD,0,118406,0.014371549948345757,324202640,AUD,Process industries,Strong buy,Chemicals: agricultural,-37.83783783783783,-4.166666666666659,-11.538461538461538,-23.33333333333333,-20.689655172413786,9.006211180124174,0.11816536319019794,0.1147751546930764,0.12681785575242602,0.14266213712620932,0.11500000000000009,0.13291666666666654,13616.69,AUD
IMU,Imugene Ltd,0.082,AUD,-1.2048192771084347,22650,0.014172939522096011,40157029,AUD,Health technology,Strong buy,Biotechnology,-77.53424657534246,-2.3809523809523827,-12.765957446808509,-12.765957446808509,-67.84313725490195,3.22299651568247,0.08619008781933198,0.08312501922126221,0.09638478463945631,0.228734376586094,0.08242857142857282,0.0979833333333333,1857.3000000000002,AUD
ENR,Encounter Resources Limited,0.215,AUD,2.380952380952383,13800,0.014074433149655181,117597830,AUD,Non-energy minerals,Strong buy,Precious metals,-45.569620253164565,-4.444444444444448,-15.686274509803924,-24.561403508771924,-41.891891891891895,4.750830564783906,0.22641586890459786,0.21855262292482336,0.2434139342401537,0.29433400250192493,0.21785714285714283,0.25066666666666665,2967,AUD
OCC,Orthocell Ltd,0.76,AUD,-0.6535947712418306,3013,0.014011881033409944,209695612,AUD,Health technology,Strong buy,Medical specialties,-29.629629629629633,4.109589041095894,0,-6.172839506172845,-18.716577540106954,3.402255639097766,0.7537525924620004,0.7621489178285188,0.7626641478507993,0.8794657315031508,0.7728571428571437,0.7579166666666668,2289.88,AUD
VVA,Viva Leisure Ltd.,1.455,AUD,-2.9999999999999956,8153,0.013923214488203606,142892232,AUD,Consumer services,Strong buy,Other consumer services,-13.905325443786975,0.20661157024794172,-2.0202020202020217,-1.0204081632652995,-15.406976744186041,4.158075601374601,1.4608567374801915,1.4517841316609499,1.4924704137777933,1.5368418425782338,1.44857142857143,1.5235833333333342,11862.615,AUD
WC1,West Cobar Metals Ltd.,0.018,AUD,0,28002,0.013693393658856506,7070689,AUD,Non-energy minerals,No rating,Precious metals,-5.263157894736847,-5.263157894736847,19.999999999999996,-5.263157894736847,-28.00000000000001,6.349206349206382,0.016210009493842145,0.01717549702898859,0.01660048241087016,0.019421417391344387,0.018142857142857138,0.017050000000000023,504.03599999999994,AUD
CRD,Conrad Asia Energy Ltd. Shs Chess Depositary Interests Repr 1 Sh,0.585,AUD,2.631578947368424,709,0.01346349948443722,114902756,AUD,Energy minerals,Strong buy,Oil & gas production,-7.8740157480315025,0,0.8620689655172422,23.157894736842103,7.339449541284389,4.822954822954677,0.5748589884752381,0.582329701694306,0.5504041430883555,0.5852757874844848,0.5849999999999999,0.5231166666666666,414.765,AUD
MPX,Mustera Property Group Ltd.,0.105,AUD,4.99999999999999,4400,0.013186950194087933,15417688,AUD,Finance,No rating,Real estate development,-26.056338028169012,4.99999999999999,4.99999999999999,-19.230769230769237,-12.5,2.721088435374209,0.12457414221786231,0.1124329756332003,0.1607913403335281,0.22325525368627955,0.11214285714285718,0.1856166666666667,462,AUD
AS1,Asara Resources Limited,0.14,AUD,-1.408450704225334,65626,0.013002317953531116,302495798,AUD,Non-energy minerals,No rating,Precious metals,40.00000000000001,7.692307692307699,16.666666666666682,7.692307692307699,7.692307692307699,6.887755102040819,0.13068243962067563,0.1379964361127582,0.12799458610303574,0.11510100165625298,0.14242857142857143,0.12943333333333334,9187.640000000001,AUD
CAN,Cann Group Ltd.,0.003,AUD,0,11111,0.012701174324217737,4981781,AUD,Process industries,No rating,Agricultural commodities/Milling,-66.66666666666667,-25,-25,-40,-62.5,23.80952380952401,0.003137549622021409,0.003007560304099607,0.003586105848281246,0.007335040246622905,0.0030000000000000027,0.0036500000000000087,33.333,AUD
SGA,Sarytogan Graphite Limited,0.078,AUD,-3.703703703703707,1188,0.012058293934109747,21448873,AUD,Non-energy minerals,No rating,Other metals/Minerals,-22.000000000000004,9.859154929577475,27.8688524590164,9.859154929577475,-13.33333333333333,3.1135531135531544,0.07354818949810427,0.07607072158261542,0.07232408714659193,0.08172239923774331,0.07528571428571436,0.06946666666666662,92.664,AUD
GDF,GARDA Property Group Stapled Secs Cons of 1 Ut GARDA Div Prop Fund + 1 Sh of GARDA Hldgs Ltd,1.065,AUD,0,916,0.011776109924072374,233891007,AUD,Finance,Strong buy,Real estate development,-8.583690987124472,-2.293577981651388,1.4285714285714193,4.411764705882346,-12.34567901234569,1.8980549966467777,1.0706713311277303,1.075667736914351,1.0615698816417205,1.102912263132197,1.0792857142857133,1.049283333333333,975.54,AUD
EVR,EV Resources Limited,0.005,AUD,0,40000,0.011691005440204804,15200016,AUD,Non-energy minerals,No rating,Precious metals,-37.5,0,0,-37.5,-37.5,7.14285714285709,0.004941795682627592,0.004909688385032682,0.005678803597856097,0.007406641303912858,0.004999999999999999,0.0060333333333333385,200,AUD
GEN,Genmin Ltd.,0.008,AUD,0,14640,0.011336112642553166,27676288,AUD,Non-energy minerals,No rating,Steel,-11.111111111111104,0,0,33.333333333333336,14.285714285714286,1.785714285714346,0.00828831931492013,0.008317669537665929,0.008001312017416466,0.012233999408739224,0.008428571428571426,0.007800000000000005,117.12,AUD
BWF,Blackwall Limited,0.14,AUD,3.703703703703707,110,0.011107520801357136,22215126,AUD,Finance,No rating,Real estate investment trusts,-33.33333333333333,7.692307692307699,6.060606060606066,-7.894736842105253,-33.33333333333333,3.571428571428733,0.1351317228718689,0.13499615179664454,0.14085685652891705,0.1990245865055164,0.13571428571428565,0.14221666666666646,15.400000000000002,AUD
RNX,Renegade Exploration Limited,0.002,AUD,0,11000,0.011011457421447015,5174491,AUD,Non-energy minerals,No rating,Other metals/Minerals,-33.333333333333336,0,0,-33.333333333333336,-60,3.571428571428952,0.002157663390389103,0.002061353080268022,0.002432074543134064,0.0035225756438413565,0.001999999999999994,0.0025333333333333293,22,AUD
TEK,Thorney Technologies Limited,0.097,AUD,-2.0202020202020217,1317,0.010940328276304345,35566740,AUD,Miscellaneous,No rating,Investment trusts,-19.16666666666666,3.1914893617021303,3.1914893617021303,2.1052631578947385,-22.4,2.503681885125174,0.09550105073483077,0.09622938891402229,0.09632379232790365,0.10981619383087016,0.09485714285714279,0.09394999999999984,127.74900000000001,AUD
RDY,ReadyTech Holdings Ltd.,1.695,AUD,-0.29411764705881727,584,0.010825540118450687,207587713,AUD,Technology services,Buy,Packaged software,-30.816326530612248,-0.29411764705881727,3.039513677811553,25.555555555555554,-9.358288770053477,2.1491782553733416,1.6709750198407067,1.6882536197749405,1.6163068265262004,1.7462355160854064,1.6864285714285703,1.599083333333337,989.88,AUD
ECH,Echelon Resources Limited,0.345,AUD,0,49,0.01040295528852278,78382791,AUD,Energy minerals,No rating,Integrated oil,2.9850746268656576,0,1.4705882352941024,-6.756756756756763,2.9850746268656576,1.966873706004446,0.35271754737957256,0.3512715177080271,0.3544866476119025,0.35921927730317066,0.35,0.3528333333333336,16.904999999999998,AUD
VTX,Vertex Minerals Ltd.,0.15,AUD,0,5645,0.010397014942416745,42802332,AUD,Non-energy minerals,No rating,Other metals/Minerals,-36.17021276595745,0,42.85714285714286,11.1111111111111,-18.918918918918923,8.6190476190476,0.13097560072890246,0.1425627333908322,0.12504430006196998,0.16718054560112444,0.1471428571428571,0.11663333333333321,846.75,AUD
APC,APC Minerals Limited,0.008,AUD,0,13267,0.010375788585740987,5873007,AUD,Non-energy minerals,No rating,Other metals/Minerals,-11.111111111111104,0,-11.111111111111104,-33.333333333333336,-27.27272727272727,4.464285714285649,0.008235737838471044,0.00789367880019739,0.00908419285231126,0.01160652710628637,0.007714285714285714,0.009650000000000002,106.136,AUD
ALU,Alurion Resources Limited,0.77,AUD,0,12278,0.010344994355667277,182794991,AUD,Non-energy minerals,Strong buy,Other metals/Minerals,-18.947368421052627,1.3157894736842117,-98.87262084014843,-98.87262084014843,-98.87262084014843,11.53060296847019,19.091331854527557,4.467550956586942,40.30567525837236,51.684281257755515,0.750000000000034,53.10050016666666,9454.06,AUD
RNU,Renascor Resources Ltd,0.058,AUD,0,9285,0.010145835596158809,145135554,AUD,Non-energy minerals,No rating,Other metals/Minerals,-28.39506172839506,1.7543859649122822,3.5714285714285747,-4.91803278688524,-24.67532467532467,2.9556650246304383,0.05755114283444345,0.057847946919707745,0.0575431464115617,0.0643935099606346,0.05771428571428571,0.05603333333333337,538.53,AUD
FLG,Flagship Minerals limited,0.17,AUD,0,2300,0.009647561977196519,56048632,AUD,Non-energy minerals,No rating,Other metals/Minerals,-19.04761904761904,6.250000000000005,0,-40.350877192982445,-34.61538461538461,5.882352941176492,0.16345813892473018,0.1640114611490411,0.1782921037484562,0.19375574866824433,0.16599999999999993,0.18470000000000011,391,AUD
FHE,Frontier Energy Limited,0.187,AUD,-1.578947368421054,27677,0.009484462232327894,200263016,AUD,Industrial services,Strong buy,Engineering & construction,-22.08333333333333,-4.102564102564106,-16.888888888888893,-30.740740740740748,-13.023255813953488,4.92742551566067,0.19549306237929642,0.1887654827740452,0.21340487780464412,0.23229500998360073,0.18771428571428567,0.22493333333333343,5175.599,AUD
CHR,Charger Metals NL,0.09,AUD,0,873,0.009449954211562068,8090621.000000001,AUD,Non-energy minerals,No rating,Other metals/Minerals,-28.000000000000004,7.142857142857133,5.8823529411764595,4.651162790697679,-7.216494845360831,1.9841269841269462,0.08445455196510826,0.0850890800559909,0.08456231063133059,0.08364993711204585,0.084,0.08405000000000003,78.57,AUD
BWN,Bhagwan Marine Ltd.,0.295,AUD,-1.6666666666666683,4199,0.00915294596688373,115173920,AUD,Industrial services,Strong buy,Engineering & construction,-37.89473684210527,-3.908794788273619,-6.349206349206355,-7.812500000000007,-31.3953488372093,6.29539951573816,0.29292175714837393,0.2955745260081391,0.2984778436295227,0.3761105164416336,0.29785714285714276,0.28843333333333354,1238.705,AUD
TD1,Tali Digital Ltd,0.092,AUD,0,187,0.008953751717731771,4672748,AUD,Technology services,No rating,Packaged software,67.27272727272727,-8.000000000000007,39.393939393939384,91.66666666666666,70.37037037037037,4.270186335403325,0.08654555243603883,0.09197065616009802,0.0772831952657861,0.07738004412429202,0.09442857142857142,0.07373333333333333,17.204,AUD
RNV,Renerve Limited,0.077,AUD,0,475,0.008695763607039357,13784011,AUD,Health technology,No rating,Biotechnology,-23.000000000000007,2.666666666666669,-3.750000000000003,-9.41176470588236,-30.000000000000004,2.1335807050092552,0.07851008076070484,0.07794867016061846,0.08151201474152499,0.0970990972797615,0.07699999999999994,0.08091666666666675,36.575,AUD
MAT,Matsa Resources Ltd,0.047,AUD,2.173913043478263,20000,0.008593362023131785,43703651,AUD,Non-energy minerals,No rating,Precious metals,-63.84615384615385,2.173913043478263,-26.562500000000004,-41.25,-59.1304347826087,8.662613981763009,0.049870163622421144,0.04606395413346606,0.05857041733585651,0.079613576052825,0.04414285714285708,0.061883333333333256,940,AUD
CAF,Centrepoint Alliance Limited,0.34,AUD,-2.857142857142844,2921,0.008539120485206799,71443652,AUD,Miscellaneous,No rating,Investment trusts,-20.930232558139526,-1.449275362318826,-12.820512820512818,1.492537313432837,-13.92405063291139,3.886554621848516,0.3514607278718517,0.34426054021079877,0.35883105081720906,0.3664251112285193,0.3421428571428563,0.3633333333333337,993.1400000000001,AUD
MBK,Metal Bank Ltd,0.012,AUD,0,2144,0.008396999482628866,10942294,AUD,Non-energy minerals,No rating,Precious metals,-52,0,9.090909090909099,-14.285714285714286,-52,2.9761904761903235,0.011918919080758103,0.011978715164002895,0.012780421532654821,0.016609556425586862,0.012142857142857158,0.012750000000000004,25.728,AUD
EFE,Eastern Resources Limited,0.031,AUD,0,2099,0.00820964756792613,4019464,AUD,Non-energy minerals,No rating,Steel,-18.421052631578945,3.3333333333333366,-3.1250000000000027,-6.060606060606066,-20.512820512820515,1.612903225806856,0.03106662371155861,0.03080964072359384,0.03171627045787875,0.03453332008890094,0.03071428571428572,0.03188333333333327,65.069,AUD
MGA,MetalsGrove Mining Limited,0.095,AUD,1.0638297872340436,207,0.008073921234412817,14236612,AUD,Non-energy minerals,No rating,Precious metals,14.457831325301202,4.3956043956043995,-9.52380952380952,-9.52380952380952,-20.833333333333332,2.6315789473684816,0.09570750983960807,0.09476550963458386,0.09888350225871256,0.08896769015519945,0.09371428571428568,0.10153333333333334,19.665,AUD
PWN,Parkway Corporate Limited,0.011,AUD,0,25000,0.007969419107447374,30540514,AUD,Industrial services,No rating,Environmental services,-15.384615384615387,0,9.999999999999993,9.999999999999993,-8.333333333333341,4.545454545454439,0.010703218154945114,0.01093057146961773,0.010441721129608882,0.01080274877327559,0.010999999999999998,0.01026666666666665,275,AUD
BLX,Beacon Lighting Group Ltd,1.69,AUD,1.1976047904191627,298,0.007562050686040403,400202049,AUD,Producer manufacturing,Neutral,Electrical products,-41.31944444444444,-7.650273224043723,0.5952380952380958,2.4242424242424265,-33.725490196078425,5.0507185122566485,1.682274478245069,1.6969498174366011,1.6731595856143169,2.0471278264201973,1.720714285714285,1.6464166666666573,503.62,AUD
A8G,Australasian Metals Limited,0.092,AUD,-3.157894736842108,832,0.0073930911918249475,5325855,AUD,Non-energy minerals,No rating,Precious metals,2.222222222222224,1.0989010989010999,-16.363636363636367,17.94871794871795,-3.157894736842108,2.251552795031116,0.09738505694000578,0.09399015400182098,0.0967374371923772,0.09174586629891583,0.09142857142857148,0.09511666666666667,76.544,AUD
NSC,NAOS Small Cap Opportunities Company Ltd,0.33,AUD,0,893,0.007120490986957461,41580315,AUD,Miscellaneous,No rating,Investment trusts,-13.157894736842103,3.1250000000000027,1.5384615384615399,-5.714285714285704,-13.612565445026176,2.056277056276635,0.3239311639453479,0.32365534922734196,0.3274179679669524,0.34498765200838055,0.32285714285714284,0.32583333333333536,294.69,AUD
IOV,Ion Video Ltd,0.425,AUD,-1.1627906976744196,320,0.00673081979281694,60124540,AUD,Non-energy minerals,No rating,Precious metals,112.49999999999997,-13.26530612244898,-1.1627906976744196,14.864864864864863,34.92063492063492,7.058823529411757,0.4575838313936053,0.4480086110302051,0.4558996101029362,0.34885003183268665,0.4507142857142857,0.4785000000000002,136,AUD
BLZ,Blaze Minerals Limited,0.001,AUD,0,15000,0.006087728798662615,2925000,AUD,Non-energy minerals,No rating,Precious metals,0,0,0,0,0,-1.1058862159352145e-12,0.0010036505758976725,0.0010000653870705545,0.001093657487825158,0.0023629162757093612,0.0009999999999999926,0.0010166666666666876,15,AUD
TRP,Tissue Repair Ltd,0.082,AUD,2.500000000000002,566,0.005912542424581134,5139512,AUD,Health technology,No rating,Pharmaceuticals: major,-78.7012987012987,-4.651162790697663,-31.666666666666664,-34.4,-53.14285714285714,5.400696864111624,0.08942605789610548,0.08413060535452636,0.10653208200901952,0.1857238275827855,0.08328571428571445,0.10936666666666706,46.412,AUD
EM3,EMC Gold Corporation Chess Depository Interests,0.135,AUD,0,195,0.005624378073578402,43139172,AUD,Non-energy minerals,No rating,Precious metals,51.685393258426984,-3.5714285714285743,-3.5714285714285743,-38.63636363636363,-24.99999999999999,5.132275132275004,0.13995952050604363,0.13519008428876728,0.15765323556506397,0.14961590917058556,0.1345714285714285,0.1728499999999999,26.325000000000003,AUD
BRY,Barys Resources Limited,0.015,AUD,0,589,0.005504986732888511,3960508,AUD,Non-energy minerals,No rating,Other metals/Minerals,-25.000000000000004,7.142857142857137,-25.000000000000004,-25.000000000000004,-25.000000000000004,3.3333333333334636,0.015504012158244238,0.01489997378085804,0.01715356989240099,0.020607377298728812,0.014857142857142855,0.01826666666666663,8.834999999999999,AUD
MXI,MaxiPARTS Limited,1.645,AUD,0,322,0.005106077977105093,91405997,AUD,Producer manufacturing,Strong buy,Trucks/Construction/Farm machinery,-26.562500000000007,9.666666666666668,15.845070422535217,2.8124999999999956,-22.76995305164319,2.800694745983565,1.5351510119455731,1.5810454102666276,1.52284646434812,1.806976414681084,1.5742857142857158,1.469866666666666,529.69,AUD
TTT,Titomic Ltd,0.165,AUD,0,10256,0.005074862133571795,265242526,AUD,Producer manufacturing,Strong buy,Industrial machinery,-34,-8.333333333333327,-15.384615384615383,-29.787234042553184,-17.5,5.930735930735914,0.17736833555960071,0.1706294654069457,0.19462041985827344,0.22315844417036293,0.16999999999999973,0.2046666666666668,1692.24,AUD
PLA,Pacific Lime and Cement Limited,0.37,AUD,0,5451,0.00470955253807817,322769508,AUD,Non-energy minerals,Buy,Other metals/Minerals,19.35483870967742,-7.500000000000006,-3.8961038961038996,2.7777777777777803,27.586206896551733,4.266409266409148,0.37947663604902987,0.37797494215381083,0.37488894717605387,0.33091884688726836,0.38214285714285756,0.38070000000000026,2016.87,AUD
RB6,Rubix Resources Limited,0.145,AUD,11.538461538461526,675,0.0046004618182115585,7988500,AUD,Non-energy minerals,No rating,Precious metals,11.538461538461528,44.99999999999998,15.999999999999993,11.538461538461528,-21.621621621621628,3.2512315270936716,0.1248773317593999,0.12554877099401066,0.13391704594032874,0.12560585158439067,0.12500000000000003,0.14733333333333326,97.875,AUD
SNM,Sentinel Metals Limited,0.605,AUD,4.310344827586212,696,0.004456305159581824,62487170,AUD,Non-energy minerals,No rating,Precious metals,44.04761904761905,5.2173913043478315,9.009009009008995,0,-9.70149253731344,3.730814639905513,0.5720263308674205,0.5836569026724372,0.5882190791682973,0.545675,0.5942857142857144,0.6157666666666662,421.08,AUD
BIT,Biotron Limited,0.002,AUD,0,45022,0.00432422402019905,5570410,AUD,Health technology,No rating,Biotechnology,-33.333333333333336,0,0,0,-33.333333333333336,10.714285714283896,0.0020546366667770714,0.0020083572571539107,0.0021796874362218816,0.003436448835461423,0.0020000000000000018,0.0022166666666666663,90.044,AUD
AM7,Arcadia Minerals Limited Chess Depository Interests Repr 1 Sh,0.042,AUD,-2.325581395348823,1052,0.00415117375227042,4930104.186000001,AUD,Non-energy minerals,No rating,Other metals/Minerals,27.272727272727277,-6.666666666666658,19.999999999999996,-2.325581395348823,23.52941176470588,1.3605442176871374,0.04200721381640245,0.04183813739708594,0.04075761289127744,0.04070966351240181,0.04199999999999999,0.03906666666666668,44.184000000000005,AUD
DUB,Dubber Corporation Limited,0.008,AUD,-11.111111111111102,5223,0.004131008410552812,21694222,AUD,Technology services,No rating,Packaged software,-57.89473684210526,-11.111111111111104,-20,-27.27272727272727,-38.46153846153846,9.821428571428676,0.008724601301019394,0.00848238293257025,0.009373882368742236,0.013252658796176002,0.008571428571428596,0.009566666666666675,41.784,AUD
MBH,Maggie Beer Holdings Ltd.,0.068,AUD,0,100,0.003875413215934128,30463250,AUD,Producer manufacturing,No rating,Industrial conglomerates,-27.659574468085104,6.250000000000005,-9.333333333333325,-13.924050632911388,-13.924050632911388,1.8907563025209777,0.06920867327517148,0.06794474958775625,0.0715001349968999,0.07511838911135009,0.06671428571428574,0.07198333333333337,6.800000000000001,AUD
NOR,Norwood Systems Ltd,0.015,AUD,0,5455,0.003819634546049213,8118710.999999999,AUD,Technology services,No rating,Packaged software,15.384615384615387,7.142857142857137,-25.000000000000004,36.36363636363637,-6.250000000000005,7.619047619047657,0.015573939254510038,0.014547737295452834,0.01661853846989468,0.018150164762014614,0.013999999999999997,0.017249999999999932,81.825,AUD
DKM,Duketon Mining Ltd,0.105,AUD,-4.545454545454549,358,0.003741865623125148,13098766,AUD,Non-energy minerals,Strong buy,Other metals/Minerals,-30,0,-4.545454545454549,-12.5,-22.222222222222232,1.7006802721087584,0.1100050276203126,0.1067352455083919,0.11864673837147903,0.13908008948131373,0.10428571428571427,0.12174999999999997,37.589999999999996,AUD
KNB,Koonenberry Gold Limited,0.024,AUD,0,4089,0.003546965193506512,29586299,AUD,Non-energy minerals,Strong buy,Precious metals,-41.463414634146346,-4.0000000000000036,9.090909090909099,0,-11.111111111111109,3.571428571428678,0.023005681755535856,0.023573903527291763,0.02313759094369411,0.028842076314632776,0.023714285714285677,0.023499999999999934,98.136,AUD
SST,Steamships Trading Co. Ltd.,9.55,AUD,0,1,0.0035298270384751147,296128659,AUD,Transportation,No rating,Marine shipping,-4.595404595404586,0.2098635886673804,-4.975124378109452,-10.747663551401857,-10.747663551401857,1.1443530291701054,9.949052702708483,9.730549748950862,10.339746012134519,11.915748446314392,9.661428571428567,10.264166666666654,9.55,AUD
GRV,Greenvale Energy Limited,0.024,AUD,-4.0000000000000036,7323,0.0035162507154463426,17548848,AUD,Energy minerals,No rating,Oil & gas production,-40,0,-44.1860465116279,-33.33333333333333,-36.84210526315789,8.333333333334078,0.02872026824811143,0.025301489073331292,0.032919533805537644,0.03798436478471893,0.023857142857142844,0.0351,175.752,AUD
AKO,Akora Resources Ltd.,0.082,AUD,2.500000000000002,759,0.0033762158714173303,17391595,AUD,Non-energy minerals,No rating,Steel,-2.2602903822933667,2.500000000000002,-2.3809523809523827,2.500000000000002,-13.577519700109779,0.696864111498476,0.08108918912748653,0.08170407979359477,0.08066521844781235,0.08834446122752579,0.08214285714285725,0.07901135533333352,62.238,AUD
TMK,TMK Energy Limited,0.135,AUD,0,244,0.003350681808818894,36413433,AUD,Energy minerals,No rating,Oil & gas production,17.39130434782609,0,-12.903225806451607,3.8461538461538494,50.000000000000014,4.603174603174572,0.13999910046975594,0.13748837097561234,0.13918806126590944,0.1357246562935573,0.135,0.13383333333333358,32.940000000000005,AUD
NME,Nex Metals Exploration Ltd,0.015,AUD,7.142857142857137,382,0.003256631977568459,4784971,AUD,Non-energy minerals,No rating,Precious metals,-21.05263157894737,36.36363636363637,36.36363636363637,-21.05263157894737,-16.666666666666664,4.28571428571409,0.014508827636495488,0.013261743957349505,0.016615097085130745,0.02202491435351797,0.012142857142857148,0.01720000000000001,5.7299999999999995,AUD
PLY,Playside Studios Ltd,0.107,AUD,1.9047619047619067,1090,0.0032052988000125858,49921809,AUD,Technology services,Strong buy,Packaged software,-57.2,-6.956521739130441,-6.956521739130441,-58.03921568627452,-65.48387096774194,5.340453938584973,0.1095232546660723,0.10766793862816194,0.1282724074905213,0.1982199436842805,0.10814285714285725,0.12465000000000016,116.63,AUD
TRE,Toubani Resources Limited Registered Shs,0.28,AUD,-6.666666666666654,6853,0.003192719202559095,289523958,AUD,Non-energy minerals,Strong buy,Precious metals,-27.5769305002877,0,-8.196721311475399,-27.5769305002877,-34.9006119505225,7.066326530612267,0.2794197959555521,0.2774647062350789,0.3117817453553078,0.3618031432638337,0.28071428571428547,0.3274836626666666,1918.8400000000001,AUD
WEL,Winchester Energy Ltd,0.001,AUD,0,5854,0.00317330615297775,1713019,AUD,Industrial services,No rating,Contract drilling,-50,0,0,0,0,14.285714285713727,0.001363075915868291,0.001173015426114626,0.0016295679680813568,0.002521704746864569,0.001142857142857125,0.001766666666666674,5.854,AUD
EYE,Nova Eye Medical Ltd,0.145,AUD,0,1000,0.0030642249288180554,41306914,AUD,Health technology,Strong buy,Medical specialties,7.407407407407393,-6.451612903225812,26.08695652173912,20.833333333333332,-12.121212121212132,5.1231527093596405,0.14026826844994839,0.14677204318477233,0.13027525430329978,0.13311659083162583,0.15028571428571427,0.1215833333333337,145,AUD
MVL,Marvel Gold Ltd,0.013,AUD,0,2702,0.0030272155868215963,18488522,AUD,Non-energy minerals,No rating,Precious metals,-18.750000000000007,0,8.333333333333327,-18.750000000000007,-23.52941176470589,1.648351648351751,0.012439609660254338,0.012825124846784289,0.01298603127705986,0.014803707402369547,0.013285714285714291,0.01338333333333333,35.126,AUD
WIN,WIN Metals Ltd,0.021,AUD,5.000000000000004,4002,0.0029834180995820664,17147547,AUD,Non-energy minerals,No rating,Other metals/Minerals,-38.23529411764706,0,16.666666666666682,-8.695652173913038,-34.37499999999999,3.401360544217876,0.019018613026974933,0.019557309959117763,0.019394912394402282,0.02448877407521428,0.019714285714285747,0.019066666666666718,84.042,AUD
C1X,Cosmos Exploration Limited,0.115,AUD,4.545454545454549,750,0.0029586102263770755,25402983,AUD,Non-energy minerals,No rating,Precious metals,17.346938775510207,0,9.523809523809533,-39.473684210526315,-7.9999999999999964,9.130434782608642,0.10585498004983217,0.10786248150248261,0.11488375713907081,0.1273576261034215,0.10928571428571418,0.1104333333333334,86.25,AUD
TWD,Tamawood Limited,2.63,AUD,-0.3787878787878875,2,0.0028506271379703536,106879355,AUD,Consumer durables,No rating,Homebuilding,-5.734767025089611,-4.363636363636368,-0.3787878787878875,-1.8656716417910546,-7.067137809187285,1.1406844106467182,2.6650230359421117,2.6751969346825533,2.648110196053613,2.7085814832900126,2.6885714285714215,2.5951666666666684,5.26,AUD
CRR,Critical Resources Ltd,0.007,AUD,0,5792,0.002821882961819514,19164513,AUD,Non-energy minerals,No rating,Other metals/Minerals,-12.5,16.666666666666668,0,-22.222222222222214,-22.222222222222214,7.1428571428571,0.006679167905120634,0.006561351043499749,0.0071917084720448604,0.007874086190286034,0.006428571428571424,0.007483333333333343,40.544000000000004,AUD
OMG,OMG Group Limited,0.007,AUD,0,2202,0.002797943498821992,6624064,AUD,Consumer non-durables,No rating,Food: major diversified,-30,0,16.666666666666668,0,-12.5,6.122448979591858,0.006280751904620808,0.006539001699448332,0.0064479945470062765,0.007819476107412673,0.006714285714285716,0.006433333333333344,15.414,AUD
GUM,Gumtree Australia Markets Limited,0.084,AUD,5.000000000000004,101,0.0026735136852136165,26961698,AUD,Technology services,No rating,Internet software/Services,-35.38461538461538,5.000000000000004,-6.666666666666658,-32.8,-26.956521739130434,3.7414965986395203,0.10545019370897746,0.09263001842281637,0.1232706707903956,0.17932747425966725,0.08657142857142859,0.14321666666666663,8.484,AUD
TGF,Tribeca Global Natural Resources Ltd.,2.67,AUD,-0.7434944237918222,280,0.002665460862942954,224721000,AUD,Miscellaneous,No rating,Investment trusts,8.979591836734683,-0.7434944237918223,6.374501992031878,1.136363636363629,-1.1111111111111203,2.100053504547678,2.5756662624252056,2.634006050716706,2.5718041409662935,2.460111344398873,2.6742857142857157,2.599916666666668,747.6,AUD
PXR,PACIFIC RESOURCES LIMITED,0.001,AUD,0,884,0.0026437485962562245,3600384,AUD,Energy minerals,No rating,Coal,0,0,0,0,-50,4.336808689942018e-14,0.0010058034749568837,0.0010000149797754349,0.0010949344263122703,0.0015514383090500677,0.001,0.001149999999999996,0.884,AUD
DBF,Duxton Farms Limited,0.435,AUD,0,47,0.0026226654092753074,48208312,AUD,Process industries,No rating,Agricultural commodities/Milling,-45.96273291925466,-3.333333333333336,-5.434782608695657,-22.32142857142858,-43.506493506493506,2.1346469622330035,0.4552865009089538,0.44792653649523523,0.4822539959715715,0.6756060768179838,0.4464285714285715,0.4813333333333325,20.445,AUD
CTQ,Careteq Ltd.,0.012,AUD,0,4595,0.0025951555139176034,8797425,AUD,Commercial services,No rating,Miscellaneous commercial services,20,0,9.090909090909099,0,33.33333333333335,2.9761904761904394,0.011911207652238982,0.011987159578207573,0.011935854362897671,0.012603807248311769,0.012285714285714287,0.01243333333333334,55.14,AUD
ADR,Adherium Ltd.,0.1,AUD,0,99,0.0025146561271247574,5488768,AUD,Health technology,No rating,Medical specialties,-80,-16.66666666666666,-13.043478260869565,-50,-80,4.642857142857185,0.11948148282537228,0.10702217329621644,0.16159072000147828,0.4237195851126917,0.10571428571428587,0.16924999999999993,9.9,AUD
TPC,TPC Consolidated Limited,3.5,AUD,1.1560693641618507,4,0.002156799309824221,41529886,AUD,Utilities,No rating,Electric utilities,-42.43421052631579,6.060606060606066,1.4492753623188352,-2.506963788300832,-30.278884462151385,1.326530612244944,3.4028016482906627,3.3296410860480647,3.9712440899859276,6.337364220631492,3.252857142857142,4.148833333333335,14,AUD
TKM,Trek Metals Ltd Registered Chess Depositary Interests repr 1,0.065,AUD,-1.5151515151515165,11508,0.0021446909766432193,46564837,AUD,Non-energy minerals,No rating,Other metals/Minerals,-2.985074626865674,0,-45.83333333333333,-56.66666666666667,-67.5,15.824175824175718,0.08461255234263558,0.07001305942360656,0.11201211321068269,0.12452136564867142,0.06428571428571427,0.1309833333333333,748.02,AUD
LML,Lincoln Minerals Limited,0.008,AUD,0,10065,0.0020234990055301534,23227548,AUD,Non-energy minerals,No rating,Other metals/Minerals,-46.666666666666664,14.285714285714286,-33.333333333333336,-27.27272727272727,-42.857142857142854,15.178571428571367,0.009266730626343724,0.008185353918506588,0.010460682296831891,0.010881430719083257,0.007571428571428571,0.010983333333333333,80.52,AUD
RZI,Raiz Invest Ltd.,0.61,AUD,0,132,0.0019928980360895718,63234007,AUD,Finance,Strong buy,Investment banks/Brokers,-20.261437908496735,1.6666666666666683,14.018691588785037,4.273504273504278,0,5.386416861826872,0.5785518632199088,0.5993344815595961,0.5641871302887279,0.6047364128692881,0.6078571428571419,0.5533999999999991,80.52,AUD
KYP,Kinatico Limited,0.14,AUD,-3.4482758620689493,2514,0.0019698390530229902,63311269,AUD,Commercial services,Strong buy,Miscellaneous commercial services,-55.55555555555556,-9.677419354838701,-9.677419354838701,-17.64705882352941,-30,9.183673469388062,0.14953610194173553,0.14796160794737345,0.15007268413781383,0.17998239588712897,0.14742857142857138,0.1458500000000001,351.96000000000004,AUD
APL,Associate Global Partners Limited,0.265,AUD,-3.636363636363639,31,0.0018566098304495992,15731572,AUD,Finance,No rating,Investment managers,32.5,-3.6363636363636394,0,-11.666666666666659,15.217391304347828,1.617250673854456,0.2614157044025335,0.2628480301518508,0.24006514641524193,0.2338990513254927,0.265,0.22599999999999995,8.215,AUD
GGR,Golden Globe Resources Ltd.,0.16,AUD,-5.8823529411764754,63,0.001746231051314247,22403872,AUD,Non-energy minerals,No rating,Precious metals,-15.789473684210526,-11.111111111111107,10.344827586206906,-35.22267206477733,-46.666666666666664,7.321428571428565,0.1764379674873327,0.16782576692708842,0.20579110434950043,,0.17000000000000012,0.2288166666666667,10.08,AUD
XPD,Xpedra Resources Limited,0.021,AUD,0,3133,0.0016896355715476804,14929447,AUD,Non-energy minerals,No rating,Precious metals,16.666666666666682,5.000000000000004,5.000000000000004,10.526315789473694,-19.230769230769223,3.401360544217596,0.020157352898370753,0.020636271196842523,0.019984711908613544,0.022477811569052476,0.020999999999999994,0.019633333333333346,65.793,AUD
AXI,Axtec Limited,0.01,AUD,0,50,0.0015266476344594905,5456137,AUD,Finance,No rating,Real estate development,-23.076923076923073,-16.666666666666668,-23.076923076923073,-44.444444444444436,-37.5,3.571428571428354,0.013950688778971713,0.011959427650177644,0.016160198766939332,0.026084628090693854,0.011857142857142868,0.017516666666666635,0.5,AUD
MEC,Morphic Ethical Equities Fund Ltd.,1.24,AUD,0,22,0.0014874211497765486,37441304,AUD,Miscellaneous,No rating,Investment trusts,6.437768240343344,2.9045643153526903,-1.1952191235059684,-3.1250000000000027,5.531914893617016,0.892857142857308,1.2501572640836784,1.2343158604230018,1.2604571213415177,1.1999964332430115,1.2328571428571429,1.277666666666666,27.28,AUD
ASP,Aspermont Limited,1,AUD,0,9,0.0014716703458425313,11756685,AUD,Consumer services,Strong buy,Publishing: books/magazines,-50,-25.92592592592593,-35.483870967741936,-47.368421052631575,-50,6.071428571429194,1.254200945441822,1.1043662713494535,1.7953109356851504,3.617695926409193,1.0635714285714273,1.584500000000003,9,AUD
ENV,Enova Mining Limited,0.002,AUD,0,3400,0.0014546532389052315,3961218,AUD,Non-energy minerals,No rating,Other metals/Minerals,-66.66666666666667,0,-33.333333333333336,-50,-66.66666666666667,14.285714285714358,0.002187004702231877,0.0020131958423925543,0.00288340591368282,0.00517527727253207,0.0019999999999999953,0.0032500000000000085,6.8,AUD
OBL,Omni Bridgeway Ltd,1.48,AUD,0.680272108843538,349,0.0014005782100530214,422877640,AUD,Commercial services,No rating,Miscellaneous commercial services,0.6802721088435381,-2.9508196721311433,-9.202453987730056,-12.166172106824929,-2.9508196721311433,3.6100386100382917,1.5110305487281348,1.4849863477527265,1.5627984625246747,1.5771170226409774,1.4885714285714273,1.5973333333333326,516.52,AUD
ADS,Adslot Ltd,0.001,AUD,0,982,0.0013765587740832924,5969960,AUD,Technology services,No rating,Information technology services,0,0,0,0,0,1.0842021724855044e-12,0.001000271257274413,0.0010000001807805299,0.0010058217916772605,0.001373458078823005,0.0010000000000000005,0.0010000000000000102,0.982,AUD
SEN,Senetas Corporation Limited,2.98,AUD,0.3367003367003295,10,0.0012041374161619307,48737524,AUD,Electronic technology,No rating,Computer peripherals,24.68619246861924,-6.583072100313479,-2.2950819672131098,18.725099601593637,43.26923076923076,3.1040268456375624,3.097084295772355,3.0333316462953035,3.0203204634392544,2.604932714443446,2.9871428571428575,3.045750000000001,29.8,AUD
WYX,Western Yilgarn NL,0.036,AUD,-2.7027027027027053,158,0.0011873708828102514,5821053,AUD,Non-energy minerals,No rating,Steel,9.090909090909078,33.33333333333333,38.46153846153846,2.8571428571428394,-32.07547169811321,1.7857142857141124,0.03011246261251331,0.03143304444750647,0.03155688841269128,0.03620192579550525,0.030571428571428565,0.03246666666666665,5.688,AUD
CLG,Close the Loop Ltd.,0.039,AUD,2.6315789473684235,630,0.0011544605975268155,21981731,AUD,Industrial services,Neutral,Environmental services,2.6315789473684235,30.000000000000007,39.28571428571428,50.00000000000001,25.806451612903228,3.6630036630037512,0.031141746786995626,0.03354980955400368,0.029655974975375726,0.03770149867534557,0.03314285714285714,0.030449999999999987,24.57,AUD
VAN,Vantage Metals Limited,0.039,AUD,0,227,0.0011092943226609772,13477748,AUD,Non-energy minerals,No rating,Other metals/Minerals,2.6315789473684235,-2.500000000000002,11.428571428571418,-20.408163265306126,-20.408163265306126,2.5641025641024418,0.03857189544874717,0.038271068216015294,0.04108211439681766,0.04362780914492402,0.03899999999999989,0.04461666666666662,8.853,AUD
CAA,Capral Limited,11.15,AUD,0,5,0.0011048014671763485,176644589,AUD,Non-energy minerals,No rating,Aluminum,-7.005838198498748,-4.94458653026428,5.687203791469191,-7.083333333333331,-3.87931034482758,2.440743113389105,11.256967787534242,11.312656539662123,11.23302392978091,11.45279027924464,11.405714285714273,11.11000000000001,55.75,AUD
SHJ,Shine Justice Ltd.,0.62,AUD,0,39,0.0010955148498442402,101634242,AUD,Consumer services,No rating,Other consumer services,-16.216216216216218,0,4.201680672268911,-10.144927536231878,-8.823529411764714,2.2119815668197518,0.6098884995131446,0.6113672876166478,0.6305143827052491,0.6760955456936719,0.6171428571428589,0.6457000000000005,24.18,AUD
NOL,NobleOak Life Ltd,1.122,AUD,-1.5789473684210347,378,0.0010329610210245827,101401246,AUD,Finance,No rating,Life/Health insurance,-20.425531914893607,-2.434782608695635,-5.714285714285701,-11.653543307086606,-17.195571955719547,2.406417112299081,1.13940177809254,1.1215873468581854,1.1786025781636809,1.2972485623662473,1.111714285714287,1.1967000000000023,424.11600000000004,AUD
MCO,Myeco Group Ltd,0.021,AUD,0,321,0.0010006593129117784,13279420,AUD,Industrial services,No rating,Environmental services,75.00000000000001,5.000000000000004,0,16.666666666666682,40.000000000000014,4.761904761904899,0.02061282279149877,0.02120779727028929,0.019107413156033405,0.017114732660029598,0.021428571428571436,0.01905000000000001,6.7410000000000005,AUD
SVR,Solvar Limited,1.595,AUD,0.3144654088050247,81,0.0009725068705809469,295842666,AUD,Finance,Buy,Finance/Rental/Leasing,-8.595988538681956,0.6309148264984233,-0.6230529595015581,8.503401360544219,-14.705882352941183,1.3524406627853793,1.5787079489725282,1.5865481681481428,1.5582381690303824,1.585382841178287,1.5857142857142894,1.5264166666666648,129.195,AUD
GGE,Grand Gulf Energy Limited,0.001,AUD,0,631,0.0009286397047190746,3120425,AUD,Energy minerals,No rating,Integrated oil,-50,0,-50,-50,-66.66666666666667,14.285714285714876,0.0013118555514514143,0.001112190755873216,0.0017091400364659635,0.0022746376778097896,0.000999999999999997,0.0019999999999999953,0.631,AUD
OAK,Oakridge Internatinal Ltd,0.074,AUD,-1.3333333333333346,19,0.0008718315804929977,2399839,AUD,Health technology,No rating,Medical specialties,-1.3333333333333346,-1.3333333333333346,4.2253521126760605,-11.904761904761914,0,1.2548262548262963,0.07668304954349986,0.07579343049201145,0.0782821680858551,0.07761054334654768,0.07642857142857143,0.07775000000000008,1.406,AUD
VBS,Vectus Biosystems Limited,0.17,AUD,0,18,0.0008417193520631477,9898728,AUD,Health technology,No rating,Pharmaceuticals: major,0,6.250000000000005,-2.857142857142844,70,17.241379310344843,4.621848739495837,0.15360819753289573,0.1591841516466849,0.14350441306652198,0.15901516237587235,0.15428571428571428,0.13370000000000012,3.06,AUD
RHI,Red Hill Minerals Ltd,4.63,AUD,0.2164502164502118,5,0.0008378998877214151,298022640,AUD,Non-energy minerals,No rating,Other metals/Minerals,-5.122950819672131,1.091703056768555,-1.4893617021276655,-2.320675105485239,-6.275303643724706,0.8947855600122351,4.631686072041082,4.620320780985714,4.671019020352905,4.5613538462163445,4.615714285714285,4.674666666666667,23.15,AUD
HOR,Horseshoe Metals Limited,0.027,AUD,7.999999999999993,186,0.000730897636607126,21000254,AUD,Non-energy minerals,No rating,Other metals/Minerals,-38.63636363636363,35,42.10526315789474,0,-41.30434782608695,4.497354497354531,0.022901455820939498,0.02430950686936552,0.023992720174945442,0.02907556649300445,0.024285714285714303,0.023883333333333347,5.022,AUD
KOV,Korvest Ltd.,18.36,AUD,7.620164126611963,9,0.0007074136955291455,209675564,AUD,Producer manufacturing,Strong buy,Metal fabrication,31.424481030780235,-5.555555555555565,2.799552071668533,12.638036809815944,17.692307692307693,3.5111266728913897,18.240395834564744,18.22906605451827,18.08393354620217,16.15672657435057,18.348571428571425,18.609666666666666,165.24,AUD
LCY,Legacy Iron Ore Ltd,0.004,AUD,0,766,0.0006334837512658304,49587094,AUD,Non-energy minerals,No rating,Precious metals,-50,0,-20,-33.333333333333336,-42.857142857142854,7.142857142857125,0.004876711739302236,0.004524366223493853,0.005450535828586454,0.007070966900513115,0.004571428571428572,0.005700000000000006,3.064,AUD
GW1,Greenwing Resources Ltd,0.084,AUD,0,720,0.0005653442113935076,46016999,AUD,Non-energy minerals,No rating,Other metals/Minerals,121.05263157894738,6.329113924050638,5.000000000000004,42.37288135593222,68,4.4217687074830065,0.08145171249569466,0.08350182883535467,0.0771243095428257,0.0611892880053423,0.08342857142857141,0.07653333333333331,60.480000000000004,AUD
LGP,Little Green Pharma Ltd.,0.072,AUD,0,100,0.0005248087596879697,59614464,AUD,Process industries,Strong buy,Chemicals: major diversified,-42.400000000000006,-4.0000000000000036,-5.263157894736847,-27.27272727272728,-40,3.6706349206346682,0.07390082791795519,0.07344310141542473,0.0764571232027718,0.09530717372324267,0.07342857142857147,0.07573333333333349,7.199999999999999,AUD
UOS,United Overseas Australia Ltd,0.685,AUD,0,18,0.0005158805220710883,1218153263,AUD,Finance,No rating,Real estate development,0.7352941176470594,-2.8368794326241003,1.4814814814814827,0,-4.195804195804184,1.3555787278418174,0.686588240677105,0.6868881842362723,0.6909574821227472,0.6761961585521817,0.6885714285714298,0.6941166666666674,12.330000000000002,AUD
QGL,Quantum Graphite Ltd,0.32,AUD,0,4,0.0004348251459381896,115692850,AUD,Non-energy minerals,No rating,Other metals/Minerals,-8.571428571428564,-1.5384615384615399,-16.883116883116884,-17.94871794871795,-28.88888888888889,2.2321428571431094,0.3320915029287781,0.32458642469363813,0.3538145670274599,0.40057772438404216,0.3257142857142865,0.36333333333333345,1.28,AUD
INF,Infinity Metals Limited,0.007,AUD,0,443,0.00037760088592157293,4147248.0000000005,AUD,Process industries,No rating,Chemicals: agricultural,-58.82352941176472,0,-12.5,-46.15384615384615,-56.25000000000001,6.122448979591833,0.007868201198541026,0.007418514340926759,0.009100077242470006,0.013562917987522547,0.007428571428571429,0.009883333333333338,3.101,AUD
NFM,New Frontier Minerals Limited,0.007,AUD,0,932,0.0003535781482634362,12168075,AUD,Non-energy minerals,No rating,Precious metals,-61.11111111111111,16.666666666666668,16.666666666666668,0,-61.11111111111111,9.183673469387719,0.006257147021907248,0.006569078211940078,0.006401623804025778,0.009918326272597257,0.006714285714285715,0.006216666666666673,6.524,AUD
HMD,HeraMED Ltd,0.038,AUD,0,100,0.0003449742597456091,44028189,AUD,Technology services,No rating,Packaged software,-2.5641025641025665,5.555555555555561,0,-5.000000000000004,2.7027027027027053,3.0075187969924007,0.03725618005697576,0.03732995238509716,0.03818963477685279,0.0376015293322109,0.03742857142857142,0.0380333333333334,3.8,AUD
GFL,Global Masters Fund Limited,2.94,AUD,0.6849315068493157,1,0.00031735956839098697,32950448,AUD,Miscellaneous,No rating,Investment trusts,-17.183098591549292,-0.33898305084746544,1.0309278350515396,3.1578947368421,-8.69565217391305,0.14577259475199575,2.8961939408510364,2.915698248209045,2.9207977530207465,3.2447484146459877,2.9142857142857124,2.8758333333333344,2.94,AUD
G1C,Group One Capital Limited,0.06,AUD,0,3,0.0002983708949137711,21161090,AUD,Finance,No rating,Real estate development,-21.05263157894737,9.090909090909086,19.99999999999999,-20,-50,0.5952380952379521,0.05611105471390532,0.055588903402737935,0.06478702006466894,0.07858832091364687,0.05485714285714282,0.06973333333333336,0.18,AUD
IFG,Infocus Group Holdings Limited,0.007,AUD,0,299,0.00028447924076962383,3634245,AUD,Technology services,No rating,Packaged software,-58.82352941176472,75,16.666666666666668,-12.5,-30,9.183673469387534,0.005758446564665653,0.0056112202592644485,0.007077364784176475,0.012254145050339919,0.005285714285714288,0.008116666666666671,2.093,AUD
AGD,Austral Gold Limited,0.125,AUD,0,84,0.0002776577715914451,80172442,AUD,Non-energy minerals,No rating,Precious metals,-21.875000000000004,-3.8461538461538494,8.69565217391304,-3.8461538461538494,-39.02439024390244,5.714285714285805,0.12138426768125755,0.12363351544574774,0.12239716911502177,0.12556824520785614,0.12714285714285714,0.11888333333333333,10.5,AUD
WWG,Wiseway Group Ltd.,0.27,AUD,0,6,0.00024122251570961656,46477526,AUD,Transportation,No rating,Airlines,14.89361702127661,8.000000000000007,-14.28571428571428,1.8867924528301903,-15.624999999999996,2.910052910052842,0.27836870863385876,0.26809844271732575,0.2859332752000643,0.25462603092562336,0.26000000000000006,0.28558333333333324,1.62,AUD
AAC,Australian Agricultural Company Limited,1.342,AUD,0.5243445692883983,15,0.00023234488655373672,813388116,AUD,Consumer non-durables,Strong buy,Food: meat/fish/dairy,-6.8055555555555465,-1.323529411764707,-0.22304832713753842,3.629343629343641,-0.5925925925925931,1.463700234192363,1.350832553568784,1.347081600319426,1.3440759094625363,1.3535657823584886,1.3460000000000008,1.3357000000000034,20.130000000000003,AUD
OLI,Oliver's Real Food Ltd.,0.007,AUD,0,15,0.00019420065070164695,3785124,AUD,Consumer services,No rating,Restaurants,-22.222222222222214,16.666666666666668,0,16.666666666666668,-12.5,4.0816326530610905,0.006139227380473557,0.006279455158250367,0.006310679231681838,0.00804260837001005,0.00614285714285714,0.00621666666666666,0.105,AUD
YOJ,Yojee Ltd.,0.245,AUD,4.255319148936175,24,0.00018077584473162695,96453709,AUD,Technology services,No rating,Packaged software,-34.666666666666664,6.521739130434777,-10.909090909090917,-9.259259259259267,-16.94915254237288,4.431486880466433,0.24547939795682708,0.23929887147138135,0.25979689068250367,0.2975067480285768,0.23714285714285713,0.2644166666666668,5.88,AUD
ATV,Activeport Group Limited,0.015,AUD,0,750,0.00017199072754416788,19663222,AUD,Technology services,No rating,Packaged software,-21.05263157894737,0,-16.666666666666664,-11.764705882352951,24.999999999999993,6.190476190476175,0.015930107951531318,0.015033554358535992,0.01746921856866591,0.018376118850512005,0.01499999999999999,0.019733333333333346,11.25,AUD
VR8,Vanadium Resources Ltd.,0.014,AUD,0,71,0.00017079254959599143,9376034,AUD,Non-energy minerals,No rating,Other metals/Minerals,-33.333333333333336,16.666666666666668,0,-26.31578947368421,-50.00000000000001,5.612244897959206,0.013587188267849909,0.01360552676534217,0.014602148767773198,0.020130440167571914,0.013571428571428568,0.014933333333333337,0.994,AUD
OSM,Osmond Resources Limited,0.65,AUD,0,6,0.000155630719428939,90622946,AUD,Non-energy minerals,No rating,Precious metals,-10.958904109589037,-7.1428571428571335,-12.751677852348989,30.000000000000004,25,2.8571428571429256,0.6786869985098162,0.6698929851209874,0.653577627352425,0.6392810261946208,0.6692857142857143,0.6225000000000004,3.9000000000000004,AUD
MPK,Many Peaks Minerals Ltd,0.835,AUD,0.6024096385542175,7,0.00015435331473743398,138356575,AUD,Non-energy minerals,Strong buy,Precious metals,-16.500000000000004,-1.183431952662723,4.374999999999989,-12.105263157894738,-1.183431952662723,2.5662959794695435,0.8328437691862489,0.8362479297859259,0.8487088507707305,0.8528362373788322,0.8410000000000001,0.8494833333333337,5.845,AUD
STP,Step One Clothing Limited,0.185,AUD,0,15,0.00013161046461126216,37068061,AUD,Retail trade,Neutral,Internet retail,-45.58823529411765,19.35483870967742,23.333333333333336,-5.128205128205132,-36.206896551724135,4.903474903474164,0.16306020284718312,0.1747217423509495,0.1601717122087809,0.283318947960461,0.17714285714285802,0.15245000000000042,2.775,AUD
ATG,Articore Group Limited,0.27,AUD,0,4,0.0001290618173839815,78328002,AUD,Retail trade,Strong buy,Internet retail,8.000000000000007,0,-5.263157894736827,3.8461538461538494,-28.947368421052627,2.5132275132278616,0.27524213084222626,0.27323024816313074,0.2752852284892905,0.28081455627999075,0.27357142857142863,0.26974999999999993,1.08,AUD
PCX,Pengana Global Private Credit Trust,1.995,AUD,-0.24999999999999467,20,0.00012639636382940535,257089381,AUD,Miscellaneous,No rating,Investment trusts,-2.682926829268279,0.7575757575757639,-0.7462686567164021,1.2690355329949305,-0.7462686567164021,1.1994271392767235,1.9995273402413187,1.9961054129699778,1.9993953066190457,2.0017963550856996,1.990714285714286,1.9988333333333335,39.900000000000006,AUD
AGI,Ainsworth Game Technology Limited,1.12,AUD,1.8181818181818195,1,0.00011200340490350908,377209186,AUD,Consumer durables,Neutral,Recreational products,10.8910891089109,6.16113744075831,-23.287671232876704,-13.84615384615384,6.666666666666672,6.932397959183671,1.1975090702884812,1.1304761677063182,1.2697053397105513,1.1780762945132002,1.0992857142857133,1.3524999999999996,1.12,AUD
CXZ,Connexion Mobility Ltd,0.022,AUD,4.761904761904749,37,0.00008386135768364957,14640726,AUD,Technology services,No rating,Packaged software,-18.518518518518523,0,0,-4.347826086956526,-15.384615384615387,2.272727272727464,0.022060894717525,0.021781243419845983,0.0227973046369856,0.024692006565330365,0.021428571428571446,0.02300000000000002,0.814,AUD
MSG,MCS Services Limited,0.004,AUD,0,123,0.00008092378380928252,792399,AUD,Commercial services,No rating,Miscellaneous commercial services,-42.857142857142854,0,33.333333333333336,0,-42.857142857142854,7.142857142857102,0.003815955337233277,0.0036082141198720092,0.004817539478285421,0.009029318649347595,0.0034285714285714293,0.005400000000000005,0.492,AUD
EXL,Elixinol Wellness Ltd,0.006,AUD,0,46,0.00008055369104892785,2483926,AUD,Health technology,No rating,Pharmaceuticals: other,-33.33333333333333,0,0,-66.66666666666667,-40,3.5714285714286054,0.006233354139200644,0.006102920593601256,0.006689557809056857,0.01024867221802084,0.006000000000000004,0.007283333333333344,0.276,AUD
MSV,Mitchell Services Limited,0.53,AUD,0,26,0.0000747682471907269,115785543,AUD,Industrial services,Buy,Contract drilling,60.6060606060606,1.9230769230769247,-3.6363636363636394,12.765957446808523,13.978494623655914,2.830188679245348,0.5251713059483348,0.5307148994349536,0.5137592316507938,0.45275019483191503,0.535,0.5069499999999999,13.780000000000001,AUD
SFM,Santa Fe Minerals Ltd.,0.235,AUD,-6.000000000000005,1,0.00005297872904029032,38262415,AUD,Non-energy minerals,No rating,Precious metals,-24.193548387096776,-6.000000000000005,-14.545454545454557,-18.96551724137931,-18.96551724137931,2.2796352583585837,0.2523020397653327,0.24720601493843403,0.2648396633502449,0.2563882688346876,0.24785714285714291,0.2681666666666667,0.235,AUD
KSC,K & S Corporation Limited,3.04,AUD,0,1,0.000041102872268714134,416015803,AUD,Transportation,No rating,Trucking,-9.253731343283585,-0.9771986970683976,3.0508474576271136,1.3333333333333346,-12.643678160919539,1.4097744360901914,3.039910404871189,3.04617465111782,3.0795534730219796,3.239013290207618,3.060000000000001,3.0929999999999995,3.04,AUD
XPN,XPON Technologies Group Ltd.,0.011,AUD,0,17,0.000032947415730685494,4928563,AUD,Technology services,No rating,Packaged software,0,9.999999999999993,9.999999999999993,0,-35.29411764705883,3.2467532467531757,0.010396666104056552,0.010541416647876535,0.010681356109721086,0.012817512916535169,0.01042857142857143,0.010150000000000017,0.187,AUD
EG1,Evergold Minerals Limited,0.025,AUD,0,27,0.00003277319492525284,10921134,AUD,Non-energy minerals,No rating,Other metals/Minerals,-16.66666666666666,4.1666666666666705,-3.8461538461538365,4.1666666666666705,-21.874999999999996,4.000000000000198,0.025318516117941003,0.025315928284739345,0.02517683574147324,0.03319416587826663,0.02528571428571431,0.024116666666666772,0.675,AUD
CMG,Critical Minerals Group Ltd.,0.071,AUD,0,1,0.000016583802931353004,8370203.999999999,AUD,Producer manufacturing,No rating,Electrical products,-28.282828282828294,1.42857142857141,-6.578947368421058,-40.833333333333336,-38.2608695652174,0.8048289738430563,0.07429866911056769,0.07097174607253132,0.08568401003959035,0.11266502523287453,0.0702857142857143,0.09283333333333332,0.071,AUD
CEH,Coast Entertainment Holdings Ltd,0.54,AUD,0,13,0.000010332530230797727,207880621,AUD,Consumer services,Buy,Movies/Entertainment,-1.8181818181818197,4.854368932038839,17.39130434782609,28.571428571428584,-5.263157894736827,2.8042328042326568,0.5245493767678503,0.535470467849563,0.5011460842748103,0.4829465061752534,0.5364285714285713,0.48191666666666677,7.0200000000000005,AUD
ART,Airtasker Ltd,0.215,AUD,2.380952380952383,3,0.000009699860451340973,105181869,AUD,Technology services,Strong buy,Internet software/Services,-37.68115942028985,2.380952380952383,0,2.380952380952383,-15.686274509803924,4.0531561461794094,0.2150654299275119,0.21459655034285183,0.2160660628224,0.25114091949044776,0.21499999999999994,0.21195000000000006,0.645,AUD
ZNO,Zoono Group Limited,0.05,AUD,2.0408163265306136,1,0.000008467945439333918,21123012,AUD,Health technology,No rating,Pharmaceuticals: major,-36.70886075949367,-1.9607843137254786,-15.254237288135585,-32.43243243243243,-25.37313432835821,2.857142857142905,0.052307522366255445,0.050793218937446954,0.05604552858667874,0.058219380133698186,0.05071428571428571,0.05906666666666667,0.05,AUD
PAB,Patrys Limited,0.032,AUD,0,1,0.0000037583868402339793,20920205,AUD,Health technology,No rating,Pharmaceuticals: major,14.285714285714286,-8.571428571428578,-15.789473684210524,-5.8823529411764754,-5.8823529411764754,4.464285714285703,0.03432455391760326,0.03281438816836753,0.03609467383762943,0.034676503861642144,0.0327142857142857,0.03898333333333333,0.032,AUD
NRX,Noronex Ltd.,0.013,AUD,0,1,6.479569108654275e-7,8419331,AUD,Non-energy minerals,No rating,Other metals/Minerals,-7.1428571428571495,0,18.181818181818183,44.44444444444445,-7.1428571428571495,4.395604395604438,0.012584519953468713,0.012968451033705608,0.011701131792341026,0.012250084064432135,0.013,0.010833333333333351,0.013,AUD
BH6,Broken Hill Gold Ltd.,0.16,AUD,0,10442,,85481473,AUD,Non-energy minerals,No rating,Precious metals,0,0,0,0,0,,,,,,,,1670.72,AUD
ELK,Elk Range Mining Limited,0.19,AUD,0,318619,,23959852,AUD,Non-energy minerals,No rating,Precious metals,0,0,0,0,0,,,,,,,,60537.61,AUD